Mileage_km,Price,Year,Fuel_Type,Drivetrain,Gearbox,Gears,Power_hp,Engine_Size_cc,Cylinders,Seats,Doors,Color,Upholstery,Full_Service_History,Non_Smoker_Vehicle,Previous_Owners
104779,7999,2011.0,Gasoline,Front Wheel Drive,Automatic,6.0,170,1368.0,4.0,5.0,5.0,Grey,Full leather,False,False,1.663126188966392
142795,8900,2015.0,Diesel,Front Wheel Drive,Manual,6.0,105,1598.0,4.0,5.0,5.0,Grey,Full leather,False,False,1.663126188966392
148228,7890,2016.0,Gasoline,Front Wheel Drive,Manual,6.0,120,1368.0,4.0,5.0,5.0,Grey,Cloth,True,True,1.0
209000,5490,2013.0,Diesel,Front Wheel Drive,Automatic,6.0,170,1956.0,4.0,5.0,5.0,Grey,Full leather,True,False,1.0
67761,14900,2020.0,Diesel,Front Wheel Drive,Manual,6.0,120,1598.0,4.0,5.0,5.0,Silver,Cloth,False,False,1.0
86036,11900,2020.0,Gasoline,Front Wheel Drive,Manual,5.486510227130129,120,1368.0,4.0,5.0,5.0,Black,Cloth,False,False,1.0
178847,7950,2012.0,Gasoline,Front Wheel Drive,Manual,5.486510227130129,170,1368.0,4.0,5.0,5.0,Black,Part leather,True,False,1.663126188966392
118000,4950,2009.0,Gasoline,Front Wheel Drive,Manual,5.0,105,1598.0,4.0,5.0,5.0,Grey,Cloth,False,False,1.663126188966392
103000,6590,2012.0,Diesel,Front Wheel Drive,Manual,6.0,140,1956.0,4.0,5.0,5.0,Grey,Cloth,False,False,1.663126188966392
80186,7990,2007.0,Gasoline,Front Wheel Drive,Manual,5.486510227130129,185,2198.0,4.0,5.0,5.0,Black,alcantara,False,True,1.0
83000,9250,2013.0,Gasoline,Front Wheel Drive,Manual,6.0,170,1368.0,4.0,5.0,5.0,Grey,Cloth,False,False,2.0
217526,5500,2011.0,Diesel,Front Wheel Drive,Manual,6.0,105,1598.0,4.0,5.0,5.0,Silver,Cloth,False,False,1.663126188966392
115000,2990,2002.0,Diesel,Front Wheel Drive,Manual,5.0,116,1910.0,4.0,5.0,5.0,Grey,Cloth,False,True,1.663126188966392
169000,11900,2009.0,Gasoline,Front Wheel Drive,Manual,6.0,200,1742.0,4.0,5.0,5.0,White,Cloth,False,False,1.0
74262,9995,2015.0,Gasoline,Front Wheel Drive,Manual,6.0,105,1368.0,3.8257612141004707,5.0,5.0,Brown,Cloth,False,True,1.0
66800,14500,2019.0,Gasoline,Front Wheel Drive,Manual,6.0,120,1368.0,4.0,5.0,5.0,Black,Part leather,False,True,1.663126188966392
56000,14700,2019.0,Diesel,Front Wheel Drive,Automatic,6.0,120,1598.0,4.0,5.0,5.0,Blue,Cloth,True,False,2.0
136000,7900,2014.0,Diesel,Front Wheel Drive,Manual,6.0,105,1598.0,4.0,5.0,5.0,White,Cloth,False,False,1.0
185785,4450,2011.0,Gasoline,Front Wheel Drive,Manual,6.0,120,1368.0,4.0,5.0,5.0,Black,Cloth,True,False,1.663126188966392
173000,5900,2014.0,Diesel,Front Wheel Drive,Manual,5.486510227130129,105,1598.0,4.0,5.0,5.0,Red,Cloth,False,False,1.663126188966392
72947,14899,2015.0,Gasoline,Front Wheel Drive,Manual,6.0,150,1368.0,4.0,5.0,5.0,Black,Cloth,True,False,1.663126188966392
130000,12490,2018.0,Diesel,Front Wheel Drive,Automatic,5.486510227130129,120,1598.0,4.0,5.0,5.0,Red,Part leather,False,True,1.0
253136,1900,2008.0,Gasoline,Front Wheel Drive,Manual,6.0,185,2198.0,4.0,5.0,5.0,Blue,Cloth,False,False,1.663126188966392
172900,6990,2016.0,Gasoline,Front Wheel Drive,Automatic,6.0,170,1368.0,4.0,5.0,5.0,Black,Part leather,False,False,2.0
211107,5945,2012.0,Gasoline,Front Wheel Drive,Manual,5.486510227130129,170,1368.0,4.0,5.0,5.0,White,Full leather,True,False,1.663126188966392
256,4800,2012.0,Diesel,Front Wheel Drive,Manual,6.0,105,1598.0,4.0,5.0,5.0,White,Full leather,False,False,1.663126188966392
69850,14550,2017.0,Gasoline,Front Wheel Drive,Manual,6.0,120,1368.0,3.8257612141004707,5.0,5.0,Grey,Full leather,True,True,1.0
53000,13990,2009.0,Gasoline,Front Wheel Drive,Manual,6.0,200,1742.0,4.0,5.0,5.0,Black,Cloth,True,False,1.0
118430,8900,2013.0,LPG,Front Wheel Drive,Manual,6.0,120,1368.0,4.0,5.0,5.0,White,Other,False,False,1.0
119000,13490,2020.0,Diesel,Front Wheel Drive,Manual,6.0,120,1598.0,4.0,5.0,5.0,Silver,alcantara,True,False,1.663126188966392
97288,11390,2020.0,Gasoline,Front Wheel Drive,Manual,5.486510227130129,120,1368.0,3.8257612141004707,5.0,5.0,Black,Cloth,False,True,1.0
74000,12890,2018.0,Diesel,Front Wheel Drive,Manual,6.0,120,1598.0,4.0,5.0,5.0,Silver,Cloth,True,True,1.0
205000,9800,2012.0,Diesel,4WD,Manual,5.486510227130129,170,1539.94231635872,3.8257612141004707,5.0,5.0,Red,Part leather,False,False,1.663126188966392
169000,4990,2011.0,Gasoline,Front Wheel Drive,Manual,5.486510227130129,120,1368.0,4.0,5.0,5.0,Blue,Part leather,False,False,1.663126188966392
128000,9900,2014.0,Diesel,Front Wheel Drive,Automatic,6.0,174,1956.0,4.0,5.0,5.0,Blue,Cloth,False,False,1.663126188966392
178000,6490,2010.0,Gasoline,Front Wheel Drive,Manual,6.0,200,1742.0,4.0,5.0,5.0,Black,Full leather,False,False,1.663126188966392
104000,11490,2019.0,Diesel,Front Wheel Drive,Semi-automatic,6.0,120,1598.0,4.0,5.0,5.0,Black,Other,False,False,1.663126188966392
87600,11600,2016.0,Diesel,Front Wheel Drive,Manual,6.0,120,1598.0,4.0,5.0,5.0,Blue,Cloth,True,True,1.0
106000,10400,2017.0,Diesel,Front Wheel Drive,Manual,6.0,120,1598.0,4.0,5.0,5.0,Blue,Cloth,False,False,2.0
225000,5500,2014.0,Diesel,Front Wheel Drive,Manual,6.0,105,1598.0,4.0,5.0,5.0,White,Cloth,False,False,2.0
67761,14900,2020.0,Diesel,Front Wheel Drive,Manual,6.0,120,1598.0,4.0,5.0,5.0,Silver,Cloth,False,False,1.0
39999,14300,2016.0,LPG,Front Wheel Drive,Manual,6.0,120,1368.0,4.0,5.0,5.0,Black,Part leather,True,True,1.663126188966392
126560,10500,2018.0,Diesel,Front Wheel Drive,Manual,6.0,120,1598.0,4.0,5.0,5.0,Black,Other,False,False,1.663126188966392
95200,11900,2013.0,Gasoline,Front Wheel Drive,Semi-automatic,6.0,170,1368.0,4.0,5.0,5.0,Grey,Full leather,False,False,1.663126188966392
140000,7500,2013.0,Diesel,Front Wheel Drive,Manual,6.0,105,1598.0,4.0,5.0,5.0,White,Cloth,True,False,1.663126188966392
172900,5900,2010.0,Gasoline,Front Wheel Drive,Manual,5.486510227130129,120,1368.0,4.0,5.0,5.0,White,Cloth,True,False,2.0
140000,8500,2014.0,Diesel,Front Wheel Drive,Manual,6.0,105,1598.0,4.0,5.0,5.0,White,Cloth,True,False,1.0
137000,11500,2017.0,Diesel,Front Wheel Drive,Manual,6.0,120,1598.0,4.0,5.0,5.0,Black,Cloth,True,True,1.663126188966392
181500,9500,2017.0,Diesel,Front Wheel Drive,Manual,6.0,120,1598.0,4.0,5.0,5.0,White,Full leather,False,False,1.663126188966392
253145,1995,2002.0,Gasoline,4WD,Manual,5.486510227130129,105,1598.0,4.0,5.0,5.0,Black,Full leather,True,False,1.663126188966392
76100,13950,2018.0,Gasoline,Front Wheel Drive,Manual,6.0,120,1368.0,4.0,5.0,5.0,Black,Cloth,True,True,1.0
126201,10986,2018.0,Diesel,Front Wheel Drive,Automatic,6.0,120,1598.0,4.0,5.0,5.0,Grey,Cloth,False,False,1.0
126800,9400,2015.0,Gasoline,Front Wheel Drive,Manual,6.0,120,1368.0,4.0,5.0,5.0,White,Cloth,False,False,1.663126188966392
151583,11000,2018.0,Diesel,Front Wheel Drive,Semi-automatic,5.486510227130129,120,1598.0,4.0,5.0,5.0,Green,Cloth,False,False,1.663126188966392
95958,11999,2019.0,Diesel,Front Wheel Drive,Manual,5.486510227130129,120,1598.0,3.8257612141004707,5.0,5.0,Red,Cloth,False,True,1.0
101000,9000,2015.0,Gasoline,Front Wheel Drive,Manual,5.486510227130129,105,1368.0,4.0,5.0,5.0,Black,Cloth,True,True,1.0
149000,10800,2017.0,Gasoline,Rear Wheel Drive,Automatic,6.0,170,1368.0,4.0,5.0,5.0,Black,Full leather,False,False,1.663126188966392
130000,10400,2012.0,Gasoline,Front Wheel Drive,Manual,6.0,120,1368.0,4.0,5.0,5.0,Silver,Cloth,False,False,2.0
195000,8490,2012.0,Diesel,Front Wheel Drive,Manual,6.0,105,1598.0,4.0,5.0,5.0,Black,Cloth,False,False,1.663126188966392
223000,6900,2011.0,Diesel,Front Wheel Drive,Manual,6.0,105,1598.0,4.0,5.0,5.0,White,Cloth,False,False,1.663126188966392
223000,6900,2011.0,Diesel,Front Wheel Drive,Manual,6.0,105,1598.0,4.0,5.0,5.0,White,Cloth,False,False,1.663126188966392
102883,14900,2020.0,Diesel,Front Wheel Drive,Manual,6.0,120,1598.0,4.0,5.0,5.0,Grey,Cloth,True,False,1.0
179000,4550,2008.0,Diesel,Front Wheel Drive,Manual,6.0,150,1910.0,4.0,5.0,5.0,Black,Cloth,False,False,1.0
304326,3700,2014.0,Diesel,Front Wheel Drive,Manual,6.0,105,1598.0,4.0,5.0,5.0,Black,Cloth,True,True,1.0
110000,6500,2013.0,Gasoline,Front Wheel Drive,Manual,6.0,105,1368.0,4.0,5.0,5.0,Black,Cloth,True,True,1.663126188966392
110000,9990,2012.0,Gasoline,Front Wheel Drive,Semi-automatic,6.0,170,1368.0,4.0,5.0,5.0,Grey,Part leather,False,False,1.0
35816,3900,2008.0,Gasoline,Front Wheel Drive,Manual,5.0,105,1598.0,4.0,5.0,5.0,Black,Cloth,True,True,1.0
198142,6990,2016.0,Diesel,Front Wheel Drive,Manual,6.0,120,1598.0,4.0,5.0,5.0,Black,Cloth,False,False,2.0
178000,6300,2009.0,Diesel,Front Wheel Drive,Manual,5.486510227130129,170,1968.0,4.0,5.0,5.0,Black,Cloth,True,True,1.0
199987,11895,2014.0,Gasoline,Front Wheel Drive,Automatic,7.0,150,1401.0,4.0,5.0,5.0,Grey,Part leather,True,False,2.0
247836,7750,2014.0,CNG,Front Wheel Drive,Automatic,5.486510227130129,110,1395.0,4.0,5.0,5.0,Black,Cloth,True,False,1.663126188966392
161205,11950,2015.0,Diesel,4WD,Automatic,5.486510227130129,163,1968.0,4.0,5.0,5.0,Blue,Cloth,True,False,1.663126188966392
211668,12900,2016.0,Diesel,4WD,Automatic,7.0,190,1968.0,4.0,5.0,5.0,Grey,Part leather,False,False,1.663126188966392
218258,10900,2015.0,Diesel,4WD,Automatic,7.0,190,1968.0,4.0,5.0,5.0,Black,Cloth,False,False,1.663126188966392
157421,12990,2017.0,Gasoline,Front Wheel Drive,Manual,5.486510227130129,116,999.0,3.0,5.0,5.0,Black,Cloth,False,False,1.663126188966392
219000,10400,2014.0,Diesel,4WD,Semi-automatic,5.486510227130129,177,1968.0,4.0,5.0,5.0,Blue,Cloth,False,False,1.663126188966392
150136,12990,2016.0,Diesel,Front Wheel Drive,Manual,6.0,150,1968.0,4.0,5.0,5.0,Grey,Full leather,True,True,2.0
99000,14990,2018.0,Gasoline,Front Wheel Drive,Manual,6.0,116,999.0,3.0,5.0,5.0,Black,Part leather,True,True,1.0
229100,12980,2015.0,Diesel,4WD,Semi-automatic,7.0,190,1968.0,4.0,5.0,5.0,White,Other,True,True,1.663126188966392
172870,12400,2018.0,Gasoline,Front Wheel Drive,Manual,5.486510227130129,116,999.0,3.0,5.0,5.0,Black,Cloth,True,False,1.663126188966392
232775,7990,2015.0,Diesel,Front Wheel Drive,Automatic,5.486510227130129,150,1968.0,4.0,5.0,5.0,White,Cloth,True,True,1.0
165400,12900,2014.0,Diesel,4WD,Manual,6.0,177,1968.0,4.0,5.0,5.0,Black,Part leather,True,False,1.663126188966392
199000,12790,2013.0,Diesel,4WD,Automatic,7.0,177,1968.0,4.0,5.0,5.0,Black,Part leather,True,True,2.0
125041,14995,2016.0,Gasoline,Front Wheel Drive,Automatic,7.0,150,1395.0,4.0,5.0,5.0,Brown,Full leather,True,False,1.663126188966392
140576,12895,2014.0,Gasoline,Front Wheel Drive,Automatic,5.486510227130129,179,1798.0,4.0,5.0,5.0,Grey,Part leather,False,False,1.663126188966392
100493,9950,2010.0,Gasoline,Front Wheel Drive,Automatic,5.486510227130129,179,1984.0,4.0,5.0,5.0,Grey,Cloth,True,False,1.663126188966392
100000,12950,2014.0,Gasoline,Front Wheel Drive,Automatic,7.0,122,1395.0,4.0,5.0,5.0,Black,Part leather,True,True,2.0
138199,13950,2014.0,Gasoline,Front Wheel Drive,Automatic,7.0,179,1798.0,4.0,5.0,5.0,Black,Cloth,True,False,1.663126188966392
126325,13990,2018.0,Gasoline,Front Wheel Drive,Manual,6.0,116,999.0,3.0,5.0,5.0,Grey,Cloth,True,True,2.0
130500,12900,2016.0,Diesel,Front Wheel Drive,Manual,6.0,110,1598.0,4.0,5.0,5.0,Black,Cloth,False,False,2.0
87000,12990,2014.0,Gasoline,Front Wheel Drive,Automatic,5.486510227130129,110,1197.0,4.0,5.0,5.0,Blue,Full leather,True,False,2.0
180000,13990,2016.0,Diesel,Front Wheel Drive,Automatic,7.0,150,1968.0,4.0,5.0,5.0,Blue,Full leather,True,True,1.0
128901,10885,2014.0,Gasoline,Front Wheel Drive,Manual,5.486510227130129,122,1395.0,4.0,5.0,5.0,Grey,Part leather,False,False,1.663126188966392
145760,10950,2011.0,Gasoline,4WD,Manual,6.0,211,1984.0,4.0,5.0,5.0,White,Cloth,True,False,1.663126188966392
141999,12450,2013.0,Gasoline,Front Wheel Drive,Manual,6.0,122,1395.0,4.0,5.0,5.0,Black,Cloth,False,False,1.663126188966392
194000,12500,2013.0,Diesel,4WD,Automatic,7.0,177,1968.0,4.0,5.0,5.0,Black,Cloth,True,False,1.663126188966392
239634,12940,2016.0,Diesel,4WD,Automatic,5.486510227130129,150,1968.0,4.0,5.0,5.0,Black,Full leather,False,False,1.663126188966392
296445,7990,2015.0,Diesel,4WD,Automatic,5.486510227130129,150,1968.0,4.0,5.0,5.0,Black,Cloth,True,True,1.0
130800,14800,2016.0,Diesel,Front Wheel Drive,Automatic,7.0,150,1968.0,4.0,5.0,5.0,Grey,Cloth,False,False,1.663126188966392
111080,10885,2013.0,Gasoline,Front Wheel Drive,Manual,5.486510227130129,122,1395.0,4.0,5.0,5.0,Grey,Cloth,False,False,1.663126188966392
115200,13699,2014.0,Diesel,Front Wheel Drive,Automatic,5.486510227130129,177,1968.0,4.0,5.0,5.0,Blue,Cloth,True,True,1.0
169000,10990,2010.0,LPG,Front Wheel Drive,Automatic,5.486510227130129,211,1984.0,4.0,5.0,5.0,Black,Full leather,False,False,1.663126188966392
105399,14950,2018.0,Gasoline,Front Wheel Drive,Manual,6.0,150,1395.0,4.0,5.0,5.0,Grey,Cloth,False,True,1.0
94506,14790,2015.0,Gasoline,Front Wheel Drive,Automatic,5.486510227130129,150,1395.0,3.8257612141004707,5.0,5.0,Red,Cloth,True,True,1.0
232763,5950,2010.0,Gasoline,Front Wheel Drive,Automatic,5.486510227130129,160,1798.0,4.0,5.0,5.0,Grey,Cloth,True,False,1.663126188966392
133340,14950,2015.0,Diesel,Front Wheel Drive,Manual,6.0,190,1968.0,4.0,5.0,5.0,Blue,Cloth,True,True,2.0
248883,8700,2011.0,Diesel,4WD,Manual,6.0,170,1968.0,4.0,5.0,5.0,Blue,Cloth,False,False,1.663126188966392
193266,13750,2016.0,Diesel,Rear Wheel Drive,Automatic,7.0,150,1968.0,4.0,5.0,5.0,Black,Full leather,True,True,1.0
119860,6999,2001.0,Diesel,Front Wheel Drive,Manual,6.0,131,1896.0,4.0,5.0,5.0,Silver,Part leather,False,False,2.0
195000,13500,2016.0,Diesel,Front Wheel Drive,Semi-automatic,7.0,190,1968.0,4.0,5.0,5.0,Grey,Cloth,True,True,2.0
108635,14490,2018.0,Gasoline,Front Wheel Drive,Manual,5.486510227130129,116,1539.94231635872,3.8257612141004707,5.0,5.0,Grey,Cloth,True,True,1.0
180413,7499,2012.0,Gasoline,Front Wheel Drive,Manual,5.486510227130129,105,1197.0,4.0,5.0,5.0,Grey,Part leather,True,False,1.663126188966392
137000,13999,2020.0,Gasoline,4WD,Manual,5.486510227130129,116,999.0,3.0,5.0,5.0,Blue,Full leather,False,False,1.0
111225,15000,2019.0,Gasoline,Front Wheel Drive,Manual,6.0,116,999.0,3.0,5.0,5.0,Grey,Full leather,False,True,2.0
178648,11950,2013.0,Gasoline,Front Wheel Drive,Automatic,5.486510227130129,122,1395.0,4.0,5.0,5.0,Grey,Part leather,False,False,1.663126188966392
108100,13890,2017.0,Gasoline,Front Wheel Drive,Manual,6.0,116,999.0,3.0,5.0,5.0,Grey,Cloth,True,False,1.0
119400,12450,2012.0,Gasoline,4WD,Manual,6.0,170,1984.0,4.0,5.0,5.0,Black,Cloth,False,False,1.663126188966392
183500,12900,2013.0,Diesel,4WD,Automatic,5.486510227130129,177,1968.0,4.0,5.0,5.0,Grey,Cloth,False,False,1.0
158000,13900,2017.0,Diesel,Front Wheel Drive,Automatic,7.0,150,1968.0,4.0,5.0,5.0,Black,Cloth,False,True,1.0
205901,12999,2017.0,Gasoline,Front Wheel Drive,Automatic,6.0,150,1395.0,4.0,5.0,5.0,Grey,Full leather,False,False,1.0
147161,12800,2015.0,Gasoline,Front Wheel Drive,Automatic,7.0,111,1197.0,4.0,5.0,5.0,Blue,Cloth,False,False,2.0
256544,9750,2012.0,Gasoline,4WD,Automatic,5.486510227130129,211,1984.0,4.0,5.0,5.0,Grey,Part leather,True,False,1.663126188966392
94828,14990,2019.0,Diesel,4WD,Manual,6.0,116,1598.0,4.0,5.0,5.0,Grey,Cloth,False,False,1.663126188966392
146000,8800,2014.0,Diesel,Front Wheel Drive,Manual,5.0,90,1598.0,4.0,5.0,5.0,Black,Cloth,True,True,1.0
204000,13950,2012.0,Diesel,4WD,Automatic,7.0,170,1968.0,4.0,5.0,5.0,White,Full leather,False,True,1.663126188966392
149487,14950,2015.0,Gasoline,Front Wheel Drive,Automatic,5.486510227130129,150,1395.0,4.0,5.0,5.0,Grey,Part leather,True,False,1.663126188966392
124009,13900,2018.0,Diesel,Front Wheel Drive,Manual,5.0,90,1422.0,3.0,5.0,5.0,White,Cloth,False,False,1.0
196000,11666,2017.0,Gasoline,Front Wheel Drive,Manual,6.0,116,999.0,3.0,5.0,5.0,Grey,Cloth,True,True,1.663126188966392
82426,13995,2017.0,Gasoline,Front Wheel Drive,Manual,5.486510227130129,116,999.0,3.0,5.0,5.0,Silver,Cloth,True,True,1.0
122200,14950,2015.0,Diesel,4WD,Manual,6.0,150,1968.0,4.0,5.0,5.0,Black,Cloth,False,False,1.0
101400,13980,2017.0,Gasoline,4WD,Manual,5.486510227130129,116,999.0,3.0,5.0,5.0,Black,Part leather,True,True,2.0
102994,14995,2019.0,Gasoline,Front Wheel Drive,Manual,6.0,116,999.0,3.0,5.0,5.0,Black,Full leather,True,True,1.0
265543,6500,2011.0,Diesel,Front Wheel Drive,Manual,6.0,143,1968.0,4.0,5.0,5.0,Grey,Cloth,False,False,2.0
138519,13999,2019.0,Diesel,Front Wheel Drive,Automatic,7.0,116,1598.0,4.0,5.0,5.0,Black,Cloth,True,True,1.0
171770,14800,2018.0,Electric/Gasoline,Front Wheel Drive,Automatic,6.0,204,1395.0,4.0,5.0,5.0,White,Cloth,False,False,1.0
141000,14500,2016.0,Diesel,4WD,Automatic,7.0,190,1968.0,4.0,5.0,5.0,Grey,Cloth,False,False,1.663126188966392
198951,12499,2013.0,Diesel,4WD,Automatic,6.0,163,1968.0,4.0,5.0,5.0,Black,Full leather,True,True,1.0
178333,11950,2015.0,Electric/Gasoline,Front Wheel Drive,Automatic,6.0,150,1395.0,4.0,5.0,5.0,Grey,Cloth,True,False,1.663126188966392
127556,14950,2017.0,Electric/Gasoline,Front Wheel Drive,Automatic,5.486510227130129,150,1395.0,4.0,5.0,5.0,Grey,Full leather,True,True,1.0
144500,11498,2016.0,Gasoline,Front Wheel Drive,Manual,5.0,82,999.0,3.0,5.0,5.0,White,Cloth,True,True,1.0
144335,14990,2014.0,Gasoline,Front Wheel Drive,Automatic,7.0,150,1398.0,4.0,5.0,5.0,Grey,Part leather,True,False,1.663126188966392
148850,12480,2016.0,Gasoline,4WD,Automatic,7.0,125,1395.0,4.0,5.0,5.0,Grey,Cloth,True,True,2.0
126000,10499,2012.0,Diesel,Front Wheel Drive,Semi-automatic,5.486510227130129,143,1968.0,4.0,5.0,5.0,Grey,Part leather,False,True,1.663126188966392
276550,9950,2014.0,Diesel,Front Wheel Drive,Automatic,5.486510227130129,136,1968.0,4.0,5.0,5.0,Brown,Full leather,True,False,1.663126188966392
136318,13940,2018.0,Gasoline,Front Wheel Drive,Manual,6.0,116,999.0,3.0,5.0,5.0,Black,Cloth,False,False,1.663126188966392
152900,11590,2015.0,Gasoline,Front Wheel Drive,Manual,6.0,125,1395.0,4.0,5.0,5.0,Silver,Cloth,True,True,1.0
140650,12999,2014.0,Gasoline,Front Wheel Drive,Automatic,5.486510227130129,170,1798.0,4.0,5.0,5.0,Yellow,Cloth,False,False,1.663126188966392
282994,6495,2012.0,Gasoline,Front Wheel Drive,Automatic,7.0,125,1390.0,4.0,5.0,5.0,Black,Full leather,True,False,1.663126188966392
184000,11990,2016.0,Diesel,Front Wheel Drive,Manual,5.486510227130129,110,1598.0,4.0,5.0,5.0,Grey,Cloth,True,False,1.663126188966392
209000,8850,2011.0,Diesel,Rear Wheel Drive,Automatic,6.0,163,1995.0,4.0,5.0,5.0,Black,Full leather,True,True,2.0
150000,5999,2010.0,Diesel,Rear Wheel Drive,Manual,5.486510227130129,136,1995.0,4.0,5.0,5.0,Blue,Full leather,False,False,1.663126188966392
267679,5900,2014.0,Diesel,Rear Wheel Drive,Manual,6.0,116,1995.0,4.0,5.0,5.0,Black,Cloth,False,False,1.663126188966392
200000,10900,2017.0,Diesel,4WD,Manual,6.0,190,1995.0,4.0,5.0,5.0,Blue,Full leather,False,False,1.663126188966392
213000,7500,2016.0,Electric/Gasoline,4WD,Automatic,6.0,136,1499.0,3.0,5.0,5.0,Blue,Full leather,True,False,1.663126188966392
164507,11450,2015.0,Diesel,Rear Wheel Drive,Manual,6.0,143,1995.0,4.0,5.0,5.0,Grey,Full leather,False,True,1.0
89214,14999,2017.0,Gasoline,Rear Wheel Drive,Manual,5.486510227130129,136,1499.0,4.0,5.0,5.0,Black,Full leather,False,False,1.663126188966392
159000,9400,2015.0,Diesel,Rear Wheel Drive,Manual,6.0,143,1995.0,4.0,5.0,5.0,Black,Full leather,False,False,1.663126188966392
199000,6800,2011.0,Diesel,Rear Wheel Drive,Automatic,6.0,143,1995.0,4.0,5.0,5.0,Black,Full leather,False,False,1.663126188966392
165000,9990,2017.0,Diesel,Rear Wheel Drive,Automatic,5.486510227130129,116,1496.0,3.0,5.0,5.0,Blue,Cloth,False,False,1.663126188966392
170000,12500,2018.0,Diesel,Rear Wheel Drive,Automatic,5.486510227130129,150,1995.0,3.8257612141004707,5.0,5.0,Black,Part leather,False,False,2.0
153650,14999,2015.0,Diesel,4WD,Manual,6.0,163,1995.0,4.0,5.0,5.0,Blue,Full leather,True,False,2.0
253051,2490,2005.0,Diesel,Rear Wheel Drive,Manual,5.0,116,1539.94231635872,4.0,5.0,5.0,Silver,Full leather,False,False,1.663126188966392
183524,12790,2017.0,Diesel,Rear Wheel Drive,Manual,6.0,190,1995.0,4.0,5.0,5.0,White,Cloth,False,False,1.663126188966392
150000,12990,2017.0,Diesel,Rear Wheel Drive,Manual,5.486510227130129,116,1496.0,4.0,5.0,5.0,White,Part leather,True,True,1.0
140000,9950,2020.0,Gasoline,Rear Wheel Drive,Manual,6.0,109,1499.0,3.0,5.0,5.0,Blue,Cloth,True,True,1.0
120000,7700,2009.0,Diesel,Rear Wheel Drive,Automatic,6.0,143,1995.0,4.0,5.0,5.0,Black,Full leather,False,True,1.663126188966392
165000,3900,2004.0,Diesel,Rear Wheel Drive,Manual,6.0,150,1995.0,4.0,5.0,5.0,Black,Full leather,False,False,1.663126188966392
287500,2999,2009.0,Diesel,Rear Wheel Drive,Manual,6.0,143,1539.94231635872,4.0,5.0,5.0,Grey,Cloth,False,False,1.663126188966392
192697,13490,2017.0,Diesel,Rear Wheel Drive,Manual,6.0,150,1995.0,4.0,5.0,5.0,Silver,Full leather,True,True,2.0
175142,14990,2019.0,Diesel,Front Wheel Drive,Automatic,5.486510227130129,150,1995.0,3.8257612141004707,5.0,5.0,Black,Cloth,True,True,2.0
165000,13000,2017.0,Diesel,Front Wheel Drive,Manual,6.0,116,1496.0,3.0,5.0,5.0,White,Cloth,False,False,1.663126188966392
185888,7499,2015.0,Diesel,Front Wheel Drive,Manual,6.0,116,1496.0,3.0,5.0,5.0,Beige,Cloth,False,True,2.0
205000,4900,2009.0,Diesel,Rear Wheel Drive,Automatic,5.486510227130129,143,1995.0,4.0,5.0,5.0,Black,Cloth,False,False,1.663126188966392
225640,7990,2014.0,Diesel,Rear Wheel Drive,Manual,6.0,136,1995.0,4.0,5.0,5.0,Grey,Cloth,True,True,1.0
55900,12300,2014.0,Gasoline,Rear Wheel Drive,Automatic,6.0,150,1995.0,4.0,5.0,5.0,Silver,Cloth,False,True,1.0
108000,10950,2016.0,Gasoline,Rear Wheel Drive,Manual,6.0,136,1499.0,3.0,5.0,5.0,Blue,Cloth,True,False,1.0
75000,10590,2012.0,Gasoline,Front Wheel Drive,Automatic,5.486510227130129,136,1598.0,4.0,5.0,5.0,Grey,Cloth,False,False,1.663126188966392
146312,11490,2017.0,Diesel,Rear Wheel Drive,Manual,6.0,116,1496.0,3.0,5.0,5.0,Black,Cloth,True,True,1.0
274900,7930,2017.0,Diesel,Rear Wheel Drive,Manual,6.0,150,1995.0,4.0,5.0,5.0,Black,Cloth,True,True,2.0
91382,10999,2010.0,Gasoline,Rear Wheel Drive,Automatic,6.0,170,1995.0,4.0,5.0,5.0,Grey,Part leather,False,False,1.663126188966392
206185,9499,2019.0,Gasoline,Rear Wheel Drive,Manual,5.486510227130129,136,1499.0,3.0,5.0,5.0,White,Cloth,True,True,1.663126188966392
110000,14990,2017.0,Diesel,4WD,Manual,6.0,150,1995.0,4.0,5.0,5.0,Grey,Cloth,True,False,1.0
135000,13500,2016.0,Diesel,Front Wheel Drive,Manual,6.0,190,1995.0,4.0,5.0,5.0,Grey,Cloth,True,True,2.0
71306,8999,2009.0,Gasoline,Front Wheel Drive,Automatic,6.0,122,1995.0,4.0,5.0,5.0,Blue,Cloth,False,False,1.663126188966392
114990,13990,2017.0,Gasoline,Front Wheel Drive,Manual,6.0,136,1499.0,3.0,5.0,5.0,Grey,Cloth,True,True,2.0
142399,5990,2009.0,Gasoline,Front Wheel Drive,Manual,6.0,122,1995.0,4.0,5.0,5.0,Black,Cloth,True,False,1.663126188966392
284000,3900,2009.0,Diesel,Rear Wheel Drive,Manual,6.0,143,1995.0,4.0,5.0,5.0,Black,Cloth,True,True,2.0
44055,10750,2015.0,Gasoline,Rear Wheel Drive,Manual,6.0,109,1499.0,3.0,5.0,5.0,Black,Cloth,True,False,1.0
169547,8900,2015.0,Gasoline,Rear Wheel Drive,Automatic,5.486510227130129,136,1499.0,3.0,5.0,5.0,Black,Cloth,True,True,1.0
177000,11950,2014.0,Diesel,Rear Wheel Drive,Automatic,5.486510227130129,143,1995.0,4.0,5.0,5.0,Black,Cloth,True,True,1.0
156235,12499,2017.0,Diesel,4WD,Manual,5.486510227130129,116,1496.0,3.0,5.0,5.0,Blue,alcantara,True,True,1.663126188966392
198000,12900,2015.0,Diesel,4WD,Manual,6.0,190,1995.0,4.0,5.0,5.0,White,Cloth,False,True,1.663126188966392
149600,9890,2017.0,Gasoline,Front Wheel Drive,Manual,6.0,102,1499.0,3.0,5.0,5.0,White,Other,False,False,1.663126188966392
128500,9490,2015.0,Gasoline,Rear Wheel Drive,Manual,6.0,136,1598.0,4.0,5.0,5.0,White,Cloth,False,False,2.0
193000,10700,2016.0,Diesel,4WD,Manual,5.486510227130129,116,1995.0,4.0,5.0,5.0,White,Cloth,False,False,2.0
160500,11900,2016.0,Diesel,Front Wheel Drive,Manual,6.0,150,1995.0,4.0,5.0,5.0,White,Full leather,False,True,1.663126188966392
82500,12980,2012.0,Diesel,Front Wheel Drive,Automatic,6.0,143,1995.0,4.0,5.0,5.0,Black,Cloth,True,True,1.0
116330,7500,2014.0,Gasoline,Rear Wheel Drive,Manual,6.0,136,1598.0,4.0,5.0,5.0,Brown,Other,False,True,2.0
154889,9999,2009.0,Gasoline,Rear Wheel Drive,Manual,6.0,143,1994.0,4.0,5.0,5.0,Grey,Other,False,False,1.663126188966392
140903,10499,2016.0,Diesel,Front Wheel Drive,Manual,6.0,116,1496.0,3.0,5.0,5.0,White,alcantara,False,True,2.0
124402,7750,2013.0,Gasoline,Rear Wheel Drive,Manual,6.0,102,1598.0,4.0,5.0,5.0,Red,Cloth,True,False,1.663126188966392
194833,8695,2014.0,Gasoline,Rear Wheel Drive,Automatic,5.486510227130129,136,1598.0,4.0,5.0,5.0,Blue,Cloth,False,False,1.663126188966392
199000,7900,2013.0,Diesel,4WD,Automatic,6.0,143,1995.0,4.0,5.0,5.0,Black,Full leather,True,True,1.663126188966392
143000,12999,2016.0,Diesel,Rear Wheel Drive,Automatic,7.0,150,1995.0,4.0,5.0,5.0,White,Cloth,True,True,1.0
219000,11499,2019.0,Diesel,Front Wheel Drive,Manual,6.0,136,1995.0,4.0,5.0,5.0,Grey,Cloth,False,False,1.663126188966392
183778,8795,2011.0,Gasoline,Rear Wheel Drive,Automatic,6.0,143,1995.0,4.0,5.0,5.0,White,Part leather,True,False,1.663126188966392
125000,12900,2018.0,Electric/Gasoline,4WD,Automatic,6.0,136,1499.0,3.0,5.0,5.0,Silver,Other,False,False,1.0
154000,14800,2017.0,Gasoline,Front Wheel Drive,Automatic,7.0,136,1499.0,3.0,5.0,5.0,White,Cloth,False,True,1.663126188966392
175000,14990,2017.0,Diesel,Front Wheel Drive,Automatic,5.486510227130129,150,1995.0,4.0,5.0,5.0,Black,Full leather,True,True,2.0
187425,8495,2014.0,Diesel,Rear Wheel Drive,Manual,6.0,116,1598.0,4.0,5.0,5.0,Black,Cloth,True,True,2.0
92971,13900,2010.0,Diesel,Rear Wheel Drive,Automatic,5.486510227130129,184,1995.0,3.8257612141004707,5.0,5.0,Blue,Cloth,True,True,2.0
74000,13700,2019.0,Gasoline,Front Wheel Drive,Manual,6.0,109,1499.0,3.0,5.0,5.0,Grey,Cloth,True,False,1.0
220000,12499,2019.0,Diesel,Front Wheel Drive,Automatic,6.0,150,1995.0,4.0,5.0,5.0,Grey,Cloth,False,True,1.0
107716,14250,2017.0,Gasoline,Front Wheel Drive,Manual,6.0,109,1499.0,3.0,5.0,5.0,Blue,Cloth,False,False,1.663126188966392
254600,8800,2017.0,Diesel,Rear Wheel Drive,Manual,6.0,150,1995.0,4.0,5.0,5.0,Grey,alcantara,True,False,1.0
149012,5950,2010.0,Gasoline,Rear Wheel Drive,Manual,5.0,122,1995.0,4.0,5.0,5.0,Grey,Cloth,True,True,1.0
116631,9895,2010.0,Gasoline,Rear Wheel Drive,Manual,5.486510227130129,150,1995.0,4.0,5.0,5.0,Grey,Cloth,False,False,1.663126188966392
120000,10900,2016.0,Diesel,Front Wheel Drive,Automatic,6.0,150,1995.0,4.0,5.0,5.0,Silver,Cloth,False,False,1.0
146202,9999,2011.0,Gasoline,Front Wheel Drive,Manual,6.0,170,1995.0,4.0,5.0,5.0,Black,Cloth,False,False,1.663126188966392
135936,11950,2015.0,Gasoline,Front Wheel Drive,Automatic,5.486510227130129,136,1499.0,3.0,5.0,5.0,Grey,Full leather,True,False,1.663126188966392
87185,13950,2019.0,Gasoline,Front Wheel Drive,Manual,6.0,109,1499.0,3.0,5.0,5.0,White,Full leather,False,False,1.663126188966392
298500,5900,2012.0,Diesel,Rear Wheel Drive,Automatic,6.0,184,1995.0,4.0,5.0,5.0,Black,Full leather,False,True,1.663126188966392
158038,9975,2013.0,Diesel,4WD,Automatic,5.486510227130129,218,1995.0,4.0,5.0,5.0,Black,Full leather,False,False,1.663126188966392
166140,14990,2014.0,Diesel,4WD,Semi-automatic,5.486510227130129,218,1995.0,4.0,5.0,5.0,Brown,Part leather,False,False,1.663126188966392
124358,14900,2020.0,Diesel,Front Wheel Drive,Manual,6.0,116,1496.0,3.8257612141004707,5.0,5.0,Grey,Cloth,True,True,1.0
229959,10490,2015.0,Diesel,Rear Wheel Drive,Manual,6.0,143,1539.94231635872,4.0,5.0,5.0,White,Cloth,False,True,2.0
125061,10900,2012.0,Diesel,Rear Wheel Drive,Manual,6.0,200,1995.0,4.0,5.0,5.0,Red,Cloth,True,False,1.0
197000,10300,2016.0,Diesel,4WD,Manual,6.0,150,1539.94231635872,4.0,5.0,5.0,Grey,Cloth,True,False,1.0
85118,14999,2019.0,Diesel,Rear Wheel Drive,Manual,6.0,150,1995.0,4.0,5.0,5.0,Blue,Cloth,True,True,1.0
79900,14890,2018.0,Gasoline,Rear Wheel Drive,Manual,5.486510227130129,136,1499.0,3.0,5.0,5.0,Grey,Cloth,True,True,1.0
209000,7500,2013.0,Diesel,4WD,Manual,6.0,143,1995.0,4.0,5.0,5.0,Black,Cloth,False,False,1.0
189020,6950,2010.0,Diesel,4WD,Manual,6.0,143,1995.0,4.0,5.0,5.0,Blue,Part leather,True,False,2.0
213519,9500,2014.0,Gasoline,Rear Wheel Drive,Automatic,5.486510227130129,136,1598.0,4.0,5.0,5.0,Grey,Full leather,True,False,1.663126188966392
120000,7900,2008.0,Gasoline,Front Wheel Drive,Manual,6.0,122,1600.0,4.0,5.0,5.0,Black,Cloth,False,False,1.663126188966392
74000,13999,2020.0,Diesel,Front Wheel Drive,Manual,6.0,116,1496.0,3.0,5.0,5.0,Black,Cloth,True,False,1.0
207686,11995,2018.0,Diesel,Rear Wheel Drive,Manual,5.486510227130129,116,1995.0,4.0,5.0,5.0,Grey,Full leather,True,True,2.0
223205,9940,2012.0,Gasoline,Front Wheel Drive,Automatic,6.0,136,1995.0,4.0,5.0,5.0,Black,Cloth,False,False,1.663126188966392
87361,12999,2020.0,Gasoline,Front Wheel Drive,Manual,5.486510227130129,109,1499.0,3.8257612141004707,5.0,5.0,Grey,Cloth,False,True,2.0
254750,7945,2015.0,Diesel,Rear Wheel Drive,Manual,6.0,116,1995.0,4.0,5.0,5.0,Black,Cloth,True,False,1.663126188966392
140557,8980,2010.0,Diesel,Rear Wheel Drive,Manual,6.0,136,1995.0,4.0,5.0,5.0,Blue,Cloth,False,True,1.663126188966392
98436,14990,2016.0,Electric/Gasoline,4WD,Automatic,5.486510227130129,136,1499.0,3.0,5.0,5.0,Grey,Full leather,True,False,2.0
170494,8695,2012.0,Gasoline,Rear Wheel Drive,Automatic,5.486510227130129,170,1598.0,4.0,5.0,5.0,Grey,Part leather,False,False,1.663126188966392
126000,12500,2018.0,Electric/Gasoline,4WD,Automatic,6.0,136,1499.0,3.0,5.0,5.0,Black,Cloth,True,True,2.0
189424,9799,2013.0,Gasoline,Rear Wheel Drive,Manual,6.0,170,1598.0,4.0,5.0,5.0,Black,Cloth,True,False,1.663126188966392
125000,9950,2015.0,Diesel,Front Wheel Drive,Manual,6.0,116,1995.0,4.0,5.0,5.0,Grey,Part leather,True,True,1.0
172000,13990,2018.0,Diesel,Front Wheel Drive,Automatic,6.0,150,1995.0,4.0,5.0,5.0,White,Part leather,True,False,1.663126188966392
104000,1200,2005.0,Gasoline,Front Wheel Drive,Automatic,5.486510227130129,94,1399.0,4.0,5.0,5.0,Green,Cloth,False,False,1.663126188966392
82999,3449,2010.0,Gasoline,Front Wheel Drive,Manual,5.0,82,1206.0,4.0,5.0,5.0,Black,Cloth,True,False,1.0
120000,3900,2013.0,Gasoline,4WD,Manual,5.0,69,1229.0,4.0,5.0,5.0,Silver,Cloth,False,False,1.663126188966392
72000,3900,2008.0,Gasoline,4WD,Automatic,4.0,52,796.0,3.0,5.0,5.0,Silver,Cloth,False,False,1.663126188966392
71637,2199,2010.0,Gasoline,Front Wheel Drive,Manual,5.486510227130129,52,796.0,3.0,5.0,5.0,Red,Cloth,False,False,2.0
100000,6980,2012.0,Gasoline,Front Wheel Drive,Manual,5.0,141,1796.0,4.0,5.0,5.0,White,Cloth,True,True,2.0
84000,5490,2012.0,Gasoline,Front Wheel Drive,Manual,5.0,116,1598.0,4.0,5.0,5.0,Silver,Cloth,False,False,1.0
90630,4890,2010.0,Gasoline,Front Wheel Drive,Manual,5.0,82,1539.94231635872,4.0,5.0,5.0,Blue,Cloth,True,True,2.0
227286,2495,2012.0,LPG,Front Wheel Drive,Manual,5.486510227130129,68,995.0,4.0,5.0,5.0,Red,Cloth,True,False,1.663126188966392
93814,3445,2009.0,Gasoline,Front Wheel Drive,Manual,5.0,84,1206.0,4.0,5.0,5.0,Grey,Cloth,True,False,1.663126188966392
130131,2750,2006.0,Gasoline,4WD,Manual,4.0,52,796.0,3.0,5.0,5.0,Grey,Cloth,False,False,1.663126188966392
223000,3950,2011.0,Diesel,Front Wheel Drive,Automatic,6.0,163,1998.0,4.0,5.0,5.0,Silver,Full leather,True,False,1.663126188966392
213850,2499,2012.0,Gasoline,Front Wheel Drive,Manual,5.486510227130129,65,995.0,4.0,5.0,5.0,Red,Cloth,False,False,1.663126188966392
125543,6980,2013.0,Gasoline,4WD,Manual,6.0,140,1364.0,4.0,5.0,5.0,Brown,Cloth,False,True,1.0
275575,2295,2012.0,Diesel,4WD,Manual,5.486510227130129,95,1248.0,4.0,5.0,5.0,Black,Full leather,True,False,1.663126188966392
178665,1950,2010.0,Gasoline,Front Wheel Drive,Manual,5.0,84,1208.0,4.0,5.0,5.0,Grey,Cloth,True,False,1.663126188966392
141000,3500,2011.0,Gasoline,Front Wheel Drive,Manual,5.0,68,995.0,4.0,5.0,5.0,Red,Cloth,True,False,1.0
134500,7400,2013.0,Diesel,4WD,Manual,6.0,131,1686.0,4.0,5.0,5.0,Grey,Full leather,False,True,1.0
103000,5000,2013.0,LPG,Front Wheel Drive,Manual,5.0,68,995.0,4.0,5.0,5.0,Blue,Full leather,True,True,1.0
102972,2695,2010.0,Gasoline,Front Wheel Drive,Manual,5.486510227130129,84,1208.0,4.0,5.0,5.0,Grey,Full leather,False,False,1.663126188966392
36665,4980,2010.0,Gasoline,Front Wheel Drive,Manual,5.0,68,995.0,4.0,5.0,5.0,Blue,Cloth,False,True,1.0
134610,1594,2010.0,Gasoline,Front Wheel Drive,Manual,5.486510227130129,52,796.0,3.0,5.0,5.0,Yellow,Cloth,True,False,1.663126188966392
171770,2895,2010.0,Gasoline,Front Wheel Drive,Manual,5.486510227130129,82,1206.0,4.0,5.0,5.0,Red,Cloth,True,False,1.663126188966392
76720,3490,2006.0,LPG,Front Wheel Drive,Manual,5.0,72,1150.0,4.0,5.0,5.0,Grey,Cloth,True,True,1.0
63642,3290,2006.0,Gasoline,Front Wheel Drive,Automatic,4.0,52,796.0,3.0,5.0,5.0,Grey,Cloth,False,False,1.663126188966392
117000,9500,2014.0,Diesel,Front Wheel Drive,Manual,5.486510227130129,131,1539.94231635872,3.8257612141004707,5.0,5.0,Blue,Part leather,True,True,1.0
142868,4299,2010.0,Diesel,Front Wheel Drive,Manual,5.0,121,1991.0,4.0,5.0,5.0,Blue,Part leather,False,False,1.663126188966392
204729,2950,2012.0,Gasoline,Front Wheel Drive,Manual,5.0,82,1206.0,4.0,5.0,5.0,Brown,Cloth,False,True,1.663126188966392
192772,3250,2012.0,LPG,Front Wheel Drive,Manual,5.486510227130129,65,995.0,4.0,5.0,5.0,White,Cloth,True,False,1.663126188966392
96524,3400,2012.0,Gasoline,Front Wheel Drive,Manual,5.0,68,995.0,4.0,5.0,5.0,Brown,Cloth,True,True,1.663126188966392
160000,3500,2013.0,Gasoline,Front Wheel Drive,Manual,5.486510227130129,116,1598.0,4.0,5.0,5.0,Brown,Cloth,False,False,1.663126188966392
178527,3500,2007.0,Diesel,4WD,Manual,5.0,150,1991.0,4.0,5.0,5.0,Silver,Full leather,False,False,1.663126188966392
169000,1800,2006.0,LPG,Front Wheel Drive,Manual,5.0,67,995.0,4.0,5.0,5.0,Silver,Cloth,True,True,1.0
85000,4990,2008.0,Gasoline,Front Wheel Drive,Manual,5.0,65,995.0,4.0,5.0,5.0,Green,Full leather,False,False,1.663126188966392
170000,3800,2010.0,LPG,Front Wheel Drive,Manual,5.486510227130129,82,1206.0,4.0,5.0,5.0,White,Cloth,False,False,1.663126188966392
173313,2949,2011.0,Gasoline,Front Wheel Drive,Manual,5.486510227130129,141,1796.0,4.0,5.0,5.0,Grey,Cloth,True,False,1.663126188966392
94838,1290,2008.0,Gasoline,Front Wheel Drive,Automatic,5.486510227130129,52,1539.94231635872,3.0,5.0,5.0,Blue,Cloth,False,False,1.663126188966392
222238,1495,2010.0,Gasoline,Front Wheel Drive,Manual,5.486510227130129,68,995.0,4.0,5.0,5.0,White,Cloth,False,False,1.663126188966392
107053,1999,2010.0,Gasoline,Front Wheel Drive,Manual,5.0,68,1539.94231635872,4.0,5.0,5.0,Silver,Cloth,True,False,1.663126188966392
156350,450,2005.0,Gasoline,Front Wheel Drive,Manual,5.0,121,1796.0,4.0,5.0,5.0,Silver,Cloth,False,False,2.0
159000,650,2008.0,Gasoline,Front Wheel Drive,Manual,5.486510227130129,67,995.0,4.0,5.0,5.0,Red,Cloth,False,False,1.663126188966392
129447,2995,2010.0,Gasoline,Front Wheel Drive,Manual,5.0,82,1206.0,4.0,5.0,5.0,Blue,Cloth,True,False,1.663126188966392
130000,2980,2010.0,Gasoline,Front Wheel Drive,Manual,5.486510227130129,82,1206.0,4.0,5.0,5.0,Black,Cloth,False,False,1.663126188966392
59190,1999,2009.0,Gasoline,Front Wheel Drive,Manual,5.486510227130129,52,796.0,3.0,5.0,5.0,Red,Cloth,True,False,1.663126188966392
143000,7990,2013.0,Gasoline,Front Wheel Drive,Manual,6.0,140,1364.0,4.0,5.0,5.0,Grey,Full leather,True,True,1.663126188966392
135590,1690,2009.0,Gasoline,Rear Wheel Drive,Manual,5.0,52,796.0,3.0,5.0,5.0,Black,Part leather,False,False,1.663126188966392
141474,2950,2011.0,Gasoline,Front Wheel Drive,Manual,5.486510227130129,68,995.0,4.0,5.0,5.0,Black,Cloth,True,False,1.663126188966392
90222,2999,2006.0,Gasoline,Front Wheel Drive,Manual,5.0,109,1598.0,4.0,5.0,5.0,Grey,Velour,False,False,2.0
156000,2490,2010.0,Gasoline,Front Wheel Drive,Manual,5.0,82,1206.0,4.0,5.0,5.0,Blue,Cloth,False,False,2.0
148000,2999,2012.0,Gasoline,Front Wheel Drive,Manual,5.0,82,1206.0,4.0,5.0,5.0,Black,Cloth,False,True,1.663126188966392
63500,3999,2011.0,Gasoline,Front Wheel Drive,Manual,5.0,68,995.0,4.0,5.0,5.0,Black,Full leather,True,False,2.0
70397,2499,2009.0,Gasoline,Front Wheel Drive,Manual,5.0,52,1539.94231635872,3.0,5.0,5.0,Green,Cloth,False,True,1.663126188966392
224239,2350,2010.0,LPG,Front Wheel Drive,Manual,5.0,68,995.0,4.0,5.0,5.0,Blue,Cloth,False,False,1.663126188966392
74850,2990,2010.0,Gasoline,Front Wheel Drive,Manual,5.0,68,995.0,4.0,5.0,5.0,Green,Cloth,True,True,1.663126188966392
270000,3500,2006.0,Diesel,Front Wheel Drive,Manual,5.0,136,1539.94231635872,4.0,5.0,5.0,Blue,Full leather,True,False,1.0
93750,2250,2008.0,Gasoline,Front Wheel Drive,Manual,5.0,52,796.0,3.0,5.0,5.0,Grey,Cloth,True,False,1.663126188966392
183260,2999,2012.0,Gasoline,Front Wheel Drive,Manual,5.0,68,995.0,4.0,5.0,5.0,Brown,Cloth,True,False,1.663126188966392
252020,5900,2010.0,Diesel,Front Wheel Drive,Manual,5.0,150,1991.0,4.0,5.0,5.0,Silver,Cloth,True,True,1.0
169179,990,2013.0,Gasoline,Front Wheel Drive,Manual,5.486510227130129,69,1539.94231635872,4.0,5.0,5.0,Black,Cloth,True,True,1.0
190500,2950,2005.0,Gasoline,Front Wheel Drive,Manual,5.0,145,1539.94231635872,4.0,5.0,5.0,Blue,Cloth,False,True,1.663126188966392
170000,1800,2012.0,Gasoline,Front Wheel Drive,Manual,5.0,86,1229.0,4.0,5.0,5.0,Silver,Cloth,True,True,1.0
132000,4700,2012.0,Gasoline,Front Wheel Drive,Manual,5.0,86,1229.0,4.0,5.0,5.0,Grey,Cloth,False,False,1.0
267000,1900,2013.0,Diesel,Front Wheel Drive,Manual,6.0,163,1998.0,4.0,5.0,5.0,White,Cloth,False,False,1.663126188966392
107000,5500,2014.0,Diesel,4WD,Manual,6.0,131,1686.0,4.0,5.0,5.0,White,Full leather,True,True,1.663126188966392
218000,1250,2009.0,Gasoline,Front Wheel Drive,Manual,5.0,94,1539.94231635872,4.0,5.0,5.0,Yellow,Cloth,False,False,1.663126188966392
170599,2699,2012.0,Gasoline,Front Wheel Drive,Manual,5.486510227130129,101,1398.0,4.0,5.0,5.0,White,Cloth,False,False,1.663126188966392
169000,1000,2011.0,Gasoline,Front Wheel Drive,Manual,5.0,82,1206.0,4.0,5.0,5.0,Blue,Cloth,False,False,1.663126188966392
97728,2990,2011.0,Gasoline,Front Wheel Drive,Manual,5.486510227130129,68,1539.94231635872,3.8257612141004707,5.0,5.0,Black,Cloth,False,False,1.663126188966392
130000,1500,2009.0,Gasoline,Front Wheel Drive,Manual,5.0,52,1539.94231635872,3.8257612141004707,5.0,5.0,Red,Cloth,False,False,1.663126188966392
143878,2100,2013.0,Gasoline,Front Wheel Drive,Manual,5.0,68,959.0,4.0,5.0,5.0,White,Part leather,True,True,2.0
209289,1950,2013.0,LPG,Front Wheel Drive,Manual,5.0,68,995.0,4.0,5.0,5.0,White,Cloth,True,False,1.663126188966392
161000,1499,2008.0,Diesel,Front Wheel Drive,Manual,5.0,150,1991.0,4.0,5.0,5.0,White,Cloth,False,False,1.663126188966392
131000,3999,2013.0,Gasoline,Front Wheel Drive,Manual,6.0,140,1362.0,4.0,5.0,5.0,White,Full leather,False,True,2.0
160000,4500,2013.0,Diesel,4WD,Manual,6.0,131,1686.0,4.0,5.0,5.0,White,Full leather,False,False,1.663126188966392
150000,600,2012.0,Diesel,4WD,Manual,5.486510227130129,163,1998.0,4.0,5.0,5.0,Black,Full leather,False,False,1.663126188966392
162151,800,2010.0,Gasoline,Front Wheel Drive,Manual,5.0,82,1206.0,4.0,5.0,5.0,Silver,alcantara,False,False,1.663126188966392
200000,1200,2012.0,LPG,Front Wheel Drive,Manual,5.0,68,995.0,4.0,5.0,5.0,Silver,alcantara,False,False,1.663126188966392
146000,2200,2011.0,Gasoline,Front Wheel Drive,Manual,5.0,82,1206.0,4.0,5.0,5.0,Grey,alcantara,False,False,1.663126188966392
151944,3350,2012.0,Gasoline,Front Wheel Drive,Manual,5.0,101,1398.0,4.0,5.0,5.0,Black,Cloth,True,True,1.663126188966392
210000,3000,2013.0,Diesel,Front Wheel Drive,Manual,6.0,131,1686.0,4.0,5.0,5.0,White,Cloth,True,True,1.0
255123,950,2012.0,LPG,Front Wheel Drive,Manual,5.0,68,995.0,4.0,5.0,5.0,Blue,Cloth,False,False,1.663126188966392
69400,1500,2009.0,Gasoline,Front Wheel Drive,Manual,5.0,67,995.0,4.0,5.0,5.0,Black,Cloth,False,True,2.0
151960,1950,2010.0,Gasoline,Front Wheel Drive,Manual,5.486510227130129,101,1399.0,4.0,5.0,5.0,Red,Part leather,False,False,1.663126188966392
174000,1500,2012.0,Gasoline,Front Wheel Drive,Manual,5.0,86,1229.0,4.0,5.0,5.0,Grey,Cloth,False,False,1.663126188966392
149000,6300,2013.0,Diesel,Front Wheel Drive,Automatic,6.0,131,1686.0,4.0,5.0,5.0,Silver,Cloth,True,True,1.663126188966392
159000,1900,2012.0,Gasoline,Front Wheel Drive,Manual,5.0,86,1229.0,4.0,5.0,5.0,Red,Cloth,False,False,1.663126188966392
116000,5500,2012.0,Diesel,Front Wheel Drive,Manual,5.486510227130129,163,1998.0,4.0,5.0,5.0,White,Full leather,False,False,1.663126188966392
186000,2000,2011.0,Gasoline,Front Wheel Drive,Manual,5.486510227130129,68,1951.0,4.0,5.0,5.0,Green,Full leather,True,True,1.0
220093,1950,2012.0,Gasoline,Front Wheel Drive,Manual,5.0,82,1206.0,4.0,5.0,5.0,Black,Cloth,True,False,1.663126188966392
200000,1000,2009.0,LPG,Rear Wheel Drive,Manual,5.0,52,796.0,3.0,5.0,5.0,Blue,Cloth,False,True,1.663126188966392
214000,950,2009.0,Gasoline,4WD,Manual,5.486510227130129,84,1206.0,4.0,5.0,5.0,White,Cloth,False,False,1.663126188966392
180450,900,2005.0,Gasoline,Front Wheel Drive,Manual,5.0,109,1598.0,4.0,5.0,5.0,Silver,Cloth,False,False,1.663126188966392
130000,2500,2010.0,LPG,Front Wheel Drive,Manual,5.0,82,1206.0,4.0,5.0,5.0,Silver,Cloth,True,True,2.0
115500,1980,2011.0,Gasoline,Front Wheel Drive,Manual,5.0,101,1399.0,4.0,5.0,5.0,White,Cloth,False,False,1.0
202754,2250,2012.0,Diesel,Front Wheel Drive,Manual,5.486510227130129,95,1248.0,4.0,5.0,5.0,White,Full leather,False,False,1.663126188966392
73821,400,2007.0,Gasoline,Front Wheel Drive,Manual,5.0,67,995.0,4.0,5.0,5.0,Grey,Cloth,False,True,2.0
141000,3500,2014.0,Gasoline,Front Wheel Drive,Manual,5.486510227130129,82,1206.0,4.0,5.0,5.0,White,Part leather,True,False,1.663126188966392
173282,300,2006.0,Gasoline,Front Wheel Drive,Manual,5.0,72,1150.0,4.0,5.0,5.0,White,Full leather,False,False,1.663126188966392
152000,3300,2013.0,Gasoline,Front Wheel Drive,Manual,5.0,124,1598.0,4.0,5.0,5.0,Green,Full leather,False,False,1.663126188966392
281765,999,2010.0,Gasoline,Front Wheel Drive,Manual,5.486510227130129,68,995.0,4.0,5.0,5.0,Red,Cloth,False,True,1.0
134000,4200,2009.0,Gasoline,Front Wheel Drive,Manual,5.486510227130129,136,1539.94231635872,4.0,5.0,5.0,Silver,Cloth,False,False,1.0
152000,1900,2009.0,LPG,Front Wheel Drive,Manual,5.0,52,796.0,3.0,5.0,5.0,Silver,Cloth,False,False,1.663126188966392
178500,2600,2011.0,Gasoline,Front Wheel Drive,Manual,5.0,101,1398.0,4.0,5.0,5.0,Silver,Cloth,False,True,1.663126188966392
120000,999,2007.0,Gasoline,Front Wheel Drive,Manual,5.0,52,1539.94231635872,3.8257612141004707,5.0,5.0,Silver,Cloth,False,False,1.663126188966392
217000,500,2007.0,LPG,Front Wheel Drive,Manual,5.486510227130129,95,1399.0,4.0,5.0,5.0,Grey,Full leather,False,False,1.0
198000,4500,2013.0,Diesel,Front Wheel Drive,Manual,5.486510227130129,131,1686.0,4.0,5.0,5.0,White,Part leather,True,True,1.0
103000,3999,2011.0,Gasoline,Front Wheel Drive,Manual,5.0,101,1398.0,4.0,5.0,5.0,Blue,Cloth,False,False,1.663126188966392
51200,4100,2014.0,Gasoline,Front Wheel Drive,Manual,5.0,68,1539.94231635872,4.0,5.0,5.0,Grey,Cloth,True,True,1.0
267951,750,2008.0,LPG,Front Wheel Drive,Manual,5.486510227130129,72,1150.0,4.0,5.0,5.0,Grey,Full leather,False,False,1.663126188966392
111671,4200,2012.0,Gasoline,Front Wheel Drive,Manual,5.0,116,1598.0,4.0,5.0,5.0,White,Cloth,True,True,2.0
69000,4999,2013.0,Gasoline,Front Wheel Drive,Manual,5.0,101,1398.0,4.0,5.0,5.0,Blue,Cloth,True,True,1.0
180000,990,2006.0,Gasoline,Front Wheel Drive,Manual,5.0,109,1598.0,4.0,5.0,5.0,Silver,Cloth,False,False,2.0
170000,1900,2012.0,Diesel,Front Wheel Drive,Manual,5.0,75,1248.0,4.0,5.0,5.0,Silver,Cloth,False,False,1.663126188966392
215000,2800,2012.0,Gasoline,Front Wheel Drive,Manual,5.0,124,1598.0,4.0,5.0,5.0,Grey,Cloth,False,False,1.663126188966392
76000,3299,2011.0,Gasoline,Front Wheel Drive,Manual,5.0,68,1539.94231635872,4.0,5.0,5.0,Grey,Cloth,True,True,1.0
60000,2900,2015.0,Gasoline,Front Wheel Drive,Manual,5.0,68,995.0,4.0,5.0,5.0,White,Cloth,False,True,1.663126188966392
217000,2990,2009.0,Gasoline,Front Wheel Drive,Manual,5.0,117,1539.94231635872,4.0,5.0,5.0,Blue,Cloth,True,True,1.0
162000,1359,2010.0,Gasoline,Front Wheel Drive,Manual,5.0,68,1539.94231635872,4.0,5.0,5.0,Blue,Full leather,True,True,1.663126188966392
160000,1500,2012.0,Diesel,Front Wheel Drive,Manual,6.0,163,1998.0,4.0,5.0,5.0,Red,Cloth,False,False,1.663126188966392
180000,1500,2012.0,Gasoline,Front Wheel Drive,Manual,5.0,68,995.0,4.0,5.0,5.0,Black,Full leather,False,False,1.663126188966392
132311,2950,2011.0,Gasoline,Front Wheel Drive,Manual,5.486510227130129,82,1206.0,4.0,5.0,5.0,Black,Cloth,True,False,1.663126188966392
181412,799,2008.0,Gasoline,Front Wheel Drive,Manual,5.486510227130129,52,796.0,3.0,5.0,5.0,Blue,Part leather,False,False,1.663126188966392
141119,995,2007.0,Gasoline,Front Wheel Drive,Manual,5.486510227130129,107,1598.0,4.0,5.0,5.0,Black,Cloth,False,False,1.663126188966392
211110,2990,2013.0,Diesel,Front Wheel Drive,Manual,6.0,131,1686.0,4.0,5.0,5.0,Grey,Full leather,False,False,2.0
161878,12995,2017.0,Electric/Gasoline,Front Wheel Drive,Automatic,5.486510227130129,151,1398.0,4.0,5.0,5.0,Black,Full leather,False,False,1.663126188966392
255000,2099,2012.0,Diesel,Front Wheel Drive,Manual,5.0,95,1248.0,4.0,5.0,5.0,Black,Part leather,False,False,1.663126188966392
199000,2900,2013.0,LPG,Front Wheel Drive,Manual,5.0,82,1206.0,4.0,5.0,5.0,Beige,Part leather,False,False,1.663126188966392
209402,2250,2012.0,LPG,Front Wheel Drive,Manual,5.486510227130129,68,995.0,4.0,5.0,5.0,White,Cloth,True,False,1.663126188966392
75707,3300,2009.0,Gasoline,Front Wheel Drive,Manual,5.0,84,1206.0,4.0,5.0,5.0,Black,Cloth,False,False,1.663126188966392
173526,1095,2006.0,Gasoline,Front Wheel Drive,Manual,5.486510227130129,72,1150.0,4.0,5.0,5.0,Blue,Cloth,False,False,1.663126188966392
67805,1950,2008.0,Gasoline,Front Wheel Drive,Manual,5.0,52,796.0,3.0,5.0,5.0,Black,Cloth,False,False,1.663126188966392
111989,2950,2012.0,LPG,Front Wheel Drive,Manual,5.0,65,995.0,4.0,5.0,5.0,White,Cloth,True,False,1.663126188966392
147800,1000,2009.0,Gasoline,Front Wheel Drive,Manual,5.0,67,995.0,4.0,5.0,5.0,Blue,Part leather,False,False,1.663126188966392
102980,3199,2008.0,LPG,Front Wheel Drive,Automatic,5.486510227130129,101,1399.0,4.0,5.0,5.0,Grey,Part leather,True,False,1.663126188966392
109000,4200,2012.0,Gasoline,Front Wheel Drive,Manual,5.486510227130129,124,1598.0,4.0,5.0,5.0,Bronze,Velour,False,True,2.0
111900,490,2010.0,Gasoline,Front Wheel Drive,Manual,5.486510227130129,52,796.0,3.0,5.0,5.0,Bronze,Cloth,False,False,1.663126188966392
150000,3250,2011.0,Gasoline,Front Wheel Drive,Manual,5.486510227130129,68,995.0,4.0,5.0,5.0,Bronze,Cloth,False,False,1.663126188966392
286137,3250,2013.0,Diesel,Front Wheel Drive,Manual,5.486510227130129,131,1686.0,4.0,5.0,5.0,Brown,Full leather,False,False,1.663126188966392
146158,2750,2011.0,Gasoline,Front Wheel Drive,Manual,5.0,82,1206.0,4.0,5.0,5.0,Grey,Cloth,False,False,1.663126188966392
178000,2800,2017.0,Gasoline,Front Wheel Drive,Automatic,5.0,82,1206.0,4.0,5.0,5.0,Grey,Cloth,False,False,2.0
176000,2800,2013.0,Diesel,Front Wheel Drive,Manual,5.486510227130129,131,1686.0,4.0,5.0,5.0,White,Cloth,False,False,1.663126188966392
171000,1999,2012.0,Gasoline,4WD,Manual,5.0,69,1229.0,4.0,5.0,5.0,Blue,Full leather,False,False,1.663126188966392
50887,3495,2011.0,Gasoline,Front Wheel Drive,Manual,5.0,68,995.0,4.0,5.0,5.0,Brown,Cloth,False,False,2.0
137680,6950,2013.0,Diesel,Front Wheel Drive,Automatic,6.0,131,1686.0,4.0,5.0,5.0,White,Full leather,False,True,2.0
108196,1995,2007.0,Gasoline,Front Wheel Drive,Manual,5.486510227130129,95,1399.0,4.0,5.0,5.0,Grey,Full leather,True,False,1.663126188966392
46000,999,2007.0,Gasoline,Front Wheel Drive,Manual,5.0,67,995.0,4.0,5.0,5.0,Grey,Full leather,True,True,1.663126188966392
169422,1999,2010.0,Gasoline,Front Wheel Drive,Manual,5.486510227130129,82,1206.0,4.0,5.0,5.0,Red,Cloth,False,False,1.663126188966392
198680,2000,2012.0,Diesel,Front Wheel Drive,Manual,6.0,163,1998.0,4.0,5.0,5.0,White,Cloth,False,False,1.663126188966392
139443,5500,2013.0,Diesel,4WD,Manual,6.0,131,1686.0,4.0,5.0,5.0,White,Cloth,False,True,1.0
175000,4800,2012.0,Diesel,4WD,Manual,6.0,163,1998.0,4.0,5.0,5.0,White,Full leather,False,True,2.0
140000,1000,2010.0,Gasoline,Front Wheel Drive,Manual,5.0,82,1206.0,4.0,5.0,5.0,Blue,Cloth,False,False,1.663126188966392
110000,3750,2011.0,Gasoline,Front Wheel Drive,Manual,5.0,84,1206.0,4.0,5.0,5.0,Silver,Cloth,False,False,1.663126188966392
179000,2250,2011.0,Gasoline,Front Wheel Drive,Manual,5.0,68,995.0,4.0,5.0,5.0,Grey,Cloth,False,False,1.663126188966392
139027,2990,2010.0,Gasoline,Front Wheel Drive,Manual,5.486510227130129,82,1206.0,4.0,5.0,5.0,Brown,Cloth,True,False,1.663126188966392
150000,2400,2010.0,Gasoline,Front Wheel Drive,Manual,5.486510227130129,68,995.0,4.0,5.0,5.0,Brown,Cloth,False,True,1.663126188966392
156500,1600,2010.0,Gasoline,Front Wheel Drive,Manual,5.486510227130129,68,995.0,4.0,5.0,5.0,White,Cloth,False,True,2.0
10013,900,2005.0,Gasoline,Front Wheel Drive,Manual,5.0,95,1399.0,4.0,5.0,5.0,White,Cloth,False,False,1.663126188966392
50014,3495,2011.0,Gasoline,Front Wheel Drive,Manual,5.0,68,995.0,4.0,5.0,5.0,Blue,Cloth,False,False,1.663126188966392
83500,7000,2013.0,Diesel,Front Wheel Drive,Manual,6.0,131,1686.0,4.0,5.0,5.0,White,Cloth,False,True,2.0
196150,1300,2007.0,Gasoline,Front Wheel Drive,Manual,5.486510227130129,109,1598.0,4.0,5.0,5.0,Black,Cloth,False,False,1.663126188966392
89000,4200,2012.0,Gasoline,Front Wheel Drive,Manual,5.0,101,1539.94231635872,3.8257612141004707,5.0,5.0,White,Cloth,False,False,2.0
128000,2500,2013.0,LPG,Front Wheel Drive,Manual,5.0,68,995.0,4.0,5.0,5.0,Violet,Cloth,False,False,1.663126188966392
130225,2450,2010.0,Gasoline,4WD,Manual,5.0,68,995.0,4.0,5.0,5.0,Grey,Full leather,True,False,1.663126188966392
138000,1500,2009.0,Gasoline,4WD,Manual,4.0,101,1399.0,4.0,5.0,5.0,Red,Cloth,False,True,2.0
272617,1399,2010.0,LPG,Front Wheel Drive,Manual,5.0,65,995.0,4.0,5.0,5.0,Grey,Cloth,False,False,1.663126188966392
215651,1950,2012.0,Diesel,Front Wheel Drive,Manual,5.486510227130129,95,1248.0,4.0,5.0,5.0,White,Part leather,False,False,1.663126188966392
197000,4300,2013.0,Diesel,Front Wheel Drive,Manual,6.0,131,1686.0,4.0,5.0,5.0,White,Part leather,False,False,1.663126188966392
117000,3500,2010.0,Gasoline,Front Wheel Drive,Manual,5.0,101,1399.0,4.0,5.0,5.0,White,Part leather,False,False,1.663126188966392
111151,1900,2008.0,Gasoline,Front Wheel Drive,Manual,5.0,67,994.0,4.0,5.0,5.0,Black,Cloth,True,True,2.0
266180,2900,2011.0,Gasoline,Front Wheel Drive,Manual,5.0,141,1796.0,4.0,5.0,5.0,Black,Cloth,True,True,2.0
115000,5000,2013.0,Diesel,Front Wheel Drive,Manual,6.0,131,1686.0,4.0,5.0,5.0,Black,Cloth,False,False,1.663126188966392
170437,2440,2010.0,Gasoline,Front Wheel Drive,Manual,5.0,82,1206.0,4.0,5.0,5.0,Black,Cloth,False,False,1.663126188966392
95030,3990,2011.0,Gasoline,Front Wheel Drive,Manual,5.486510227130129,0,1539.94231635872,3.8257612141004707,5.0,5.0,Blue,Cloth,False,False,1.663126188966392
196722,1999,2011.0,LPG,Front Wheel Drive,Manual,5.486510227130129,68,995.0,4.0,5.0,5.0,Grey,Cloth,True,False,1.663126188966392
95120,850,2013.0,Gasoline,4WD,Manual,5.0,68,995.0,4.0,5.0,5.0,Blue,Cloth,False,False,1.663126188966392
123000,6750,2014.0,Gasoline,4WD,Manual,5.486510227130129,101,1398.0,4.0,5.0,5.0,Grey,Cloth,True,True,1.663126188966392
115690,3500,2010.0,LPG,Front Wheel Drive,Manual,5.0,68,995.0,4.0,5.0,5.0,White,Cloth,False,False,2.0
36000,3700,2010.0,Gasoline,Front Wheel Drive,Manual,5.0,84,1206.0,4.0,5.0,5.0,White,Part leather,False,False,1.663126188966392
154008,2800,2010.0,Gasoline,Front Wheel Drive,Manual,5.0,68,995.0,4.0,5.0,5.0,Black,Cloth,False,False,1.0
138500,2890,2011.0,Gasoline,Front Wheel Drive,Manual,5.0,68,995.0,4.0,5.0,5.0,Black,Cloth,True,False,2.0
136400,1900,2011.0,Gasoline,Front Wheel Drive,Automatic,5.0,82,1206.0,4.0,5.0,5.0,Green,Cloth,False,False,1.663126188966392
84000,1990,2007.0,LPG,Front Wheel Drive,Manual,5.486510227130129,67,995.0,4.0,5.0,5.0,Red,Cloth,False,False,1.663126188966392
173642,2350,2012.0,Gasoline,Rear Wheel Drive,Manual,5.486510227130129,101,1398.0,4.0,5.0,5.0,Blue,Cloth,False,True,1.0
98553,2950,2012.0,Gasoline,Front Wheel Drive,Manual,5.486510227130129,65,995.0,4.0,5.0,5.0,Blue,Cloth,False,False,1.663126188966392
85000,4550,2013.0,Gasoline,Front Wheel Drive,Manual,5.0,86,1229.0,4.0,5.0,5.0,Blue,Cloth,False,False,1.663126188966392
86817,2999,2012.0,Gasoline,Front Wheel Drive,Manual,5.486510227130129,68,995.0,4.0,5.0,5.0,Blue,Full leather,True,False,1.663126188966392
117000,2900,2010.0,Gasoline,Front Wheel Drive,Manual,5.0,109,1598.0,4.0,5.0,5.0,Silver,Cloth,False,True,1.0
166296,1800,2006.0,Gasoline,Front Wheel Drive,Manual,5.0,52,796.0,3.0,5.0,5.0,Blue,Cloth,False,True,2.0
206426,2800,2012.0,Diesel,Front Wheel Drive,Manual,6.0,163,1998.0,4.0,5.0,5.0,Black,Cloth,False,False,2.0
231589,1950,2010.0,LPG,Front Wheel Drive,Manual,5.486510227130129,68,995.0,4.0,5.0,5.0,White,Cloth,False,False,1.663126188966392
192000,2000,2010.0,LPG,Front Wheel Drive,Manual,5.0,82,1206.0,4.0,5.0,5.0,Silver,Cloth,False,True,1.0
132000,2800,2009.0,LPG,Front Wheel Drive,Manual,5.486510227130129,84,1206.0,4.0,5.0,5.0,Red,Cloth,False,False,1.663126188966392
82500,4499,2013.0,Gasoline,Front Wheel Drive,Manual,5.0,86,1229.0,4.0,5.0,5.0,White,Cloth,False,True,1.663126188966392
148000,550,2006.0,Gasoline,Front Wheel Drive,Manual,5.0,67,995.0,4.0,5.0,5.0,Silver,Cloth,False,False,1.663126188966392
138650,2990,2009.0,LPG,Front Wheel Drive,Manual,5.0,84,1206.0,4.0,5.0,5.0,Silver,Cloth,True,True,1.0
150000,650,2009.0,Gasoline,Front Wheel Drive,Manual,5.0,52,796.0,3.0,5.0,5.0,Silver,Cloth,False,False,1.663126188966392
100000,2200,2007.0,Gasoline,Front Wheel Drive,Manual,5.0,95,1539.94231635872,4.0,5.0,5.0,Blue,Cloth,True,True,1.663126188966392
166222,1925,2008.0,Gasoline,Front Wheel Drive,Manual,5.0,84,1200.0,4.0,5.0,5.0,Red,Cloth,False,True,2.0
225000,1650,2010.0,Gasoline,Front Wheel Drive,Manual,5.0,68,995.0,4.0,5.0,5.0,Red,Cloth,False,False,1.663126188966392
86600,2600,2010.0,Gasoline,Front Wheel Drive,Manual,5.0,68,995.0,4.0,5.0,5.0,Red,Cloth,False,False,1.663126188966392
136092,2850,2012.0,LPG,Front Wheel Drive,Manual,5.486510227130129,68,995.0,4.0,5.0,5.0,White,Cloth,False,False,1.663126188966392
99900,4000,2013.0,Gasoline,Front Wheel Drive,Manual,5.0,101,1398.0,4.0,5.0,5.0,White,Cloth,False,False,2.0
305518,1950,2012.0,Diesel,Front Wheel Drive,Manual,5.0,97,1248.0,4.0,5.0,5.0,Blue,Full leather,False,False,2.0
33050,4400,2009.0,Gasoline,Front Wheel Drive,Manual,5.0,101,1399.0,4.0,5.0,5.0,Silver,Cloth,False,False,1.0
83000,1500,2008.0,Gasoline,Front Wheel Drive,Manual,5.0,67,995.0,4.0,5.0,5.0,Silver,Cloth,False,False,2.0
45000,2999,2009.0,Gasoline,Front Wheel Drive,Automatic,4.0,52,796.0,3.0,5.0,5.0,Silver,Cloth,False,False,2.0
90000,5000,2012.0,Gasoline,Front Wheel Drive,Manual,5.0,124,1598.0,4.0,5.0,5.0,Silver,Cloth,False,True,1.663126188966392
161000,1500,2008.0,LPG,Front Wheel Drive,Manual,5.486510227130129,67,995.0,4.0,5.0,5.0,Blue,Cloth,False,False,1.663126188966392
52300,2490,2009.0,Gasoline,Front Wheel Drive,Manual,5.0,52,1539.94231635872,3.0,5.0,5.0,Blue,Cloth,False,True,1.663126188966392
170000,3500,2011.0,Gasoline,Front Wheel Drive,Manual,5.0,124,1598.0,4.0,5.0,5.0,Blue,Cloth,False,False,1.663126188966392
119000,1200,2010.0,Gasoline,Front Wheel Drive,Manual,5.0,82,1206.0,4.0,5.0,5.0,Blue,Cloth,False,False,1.663126188966392
170000,1200,2008.0,LPG,Front Wheel Drive,Manual,5.0,52,796.0,3.0,5.0,5.0,Brown,Cloth,False,False,1.663126188966392
60000,2490,2010.0,Gasoline,Front Wheel Drive,Manual,5.0,68,1539.94231635872,4.0,5.0,5.0,Red,Part leather,True,False,2.0
89543,2490,2013.0,LPG,Front Wheel Drive,Manual,5.486510227130129,68,995.0,4.0,5.0,5.0,Black,Cloth,False,False,1.663126188966392
90000,2900,2009.0,Gasoline,Front Wheel Drive,Manual,5.0,67,995.0,4.0,5.0,5.0,Blue,Cloth,False,True,1.663126188966392
268861,1950,2012.0,Gasoline,Front Wheel Drive,Manual,5.0,65,995.0,4.0,5.0,5.0,Grey,Cloth,False,False,1.663126188966392
182000,1750,2009.0,LPG,Front Wheel Drive,Manual,5.0,52,796.0,3.0,5.0,5.0,Black,Cloth,False,False,1.663126188966392
273000,3000,2012.0,LPG,Front Wheel Drive,Manual,5.0,141,1796.0,4.0,5.0,5.0,Black,Cloth,False,False,1.663126188966392
128000,5990,2013.0,Gasoline,Front Wheel Drive,Manual,5.486510227130129,116,1598.0,4.0,5.0,5.0,White,Cloth,True,True,1.663126188966392
125000,3750,2009.0,LPG,Front Wheel Drive,Manual,5.0,84,1206.0,4.0,5.0,5.0,Silver,Full leather,False,True,1.663126188966392
122694,3500,2013.0,Gasoline,Front Wheel Drive,Manual,5.486510227130129,68,995.0,4.0,5.0,5.0,White,Cloth,False,False,1.663126188966392
94000,6000,2013.0,Gasoline,Front Wheel Drive,Manual,5.0,124,1598.0,4.0,5.0,5.0,White,Cloth,False,False,1.663126188966392
92000,4300,2013.0,Gasoline,Front Wheel Drive,Manual,5.0,124,1598.0,4.0,5.0,5.0,Blue,Cloth,False,False,1.663126188966392
190000,1900,2011.0,Gasoline,Front Wheel Drive,Manual,5.0,68,995.0,4.0,5.0,5.0,Red,Cloth,False,False,2.0
48000,4500,2013.0,Gasoline,Front Wheel Drive,Manual,5.0,68,995.0,4.0,5.0,5.0,White,Cloth,False,False,1.663126188966392
146000,950,2009.0,Gasoline,Front Wheel Drive,Manual,5.0,84,1206.0,4.0,5.0,5.0,Red,Cloth,True,False,1.663126188966392
81000,2500,2009.0,Gasoline,Front Wheel Drive,Manual,5.0,95,1399.0,4.0,5.0,5.0,Grey,Cloth,False,False,1.663126188966392
212000,2000,2010.0,Gasoline,Front Wheel Drive,Manual,5.0,82,1206.0,4.0,5.0,5.0,Black,Cloth,False,False,1.663126188966392
124000,3900,2014.0,Gasoline,Front Wheel Drive,Manual,5.0,68,995.0,4.0,5.0,5.0,Grey,Cloth,False,False,1.0
189000,3400,2013.0,Diesel,Front Wheel Drive,Manual,6.0,131,1686.0,4.0,5.0,5.0,Grey,Cloth,False,False,2.0
99807,7500,2013.0,Gasoline,4WD,Manual,6.0,140,1539.94231635872,4.0,5.0,5.0,Grey,Full leather,False,True,1.0
119000,2600,2009.0,LPG,4WD,Manual,5.0,52,796.0,3.0,5.0,5.0,Grey,Full leather,False,True,1.663126188966392
225556,2250,2012.0,Gasoline,Front Wheel Drive,Manual,5.486510227130129,86,1229.0,4.0,5.0,5.0,Black,Cloth,True,False,1.663126188966392
110939,2490,2010.0,Gasoline,Front Wheel Drive,Manual,5.486510227130129,68,995.0,4.0,5.0,5.0,Red,Cloth,False,False,1.663126188966392
253191,1650,2012.0,LPG,Front Wheel Drive,Manual,5.486510227130129,68,995.0,4.0,5.0,5.0,Green,Cloth,True,False,1.663126188966392
17727,5600,2013.0,Gasoline,Front Wheel Drive,Manual,5.0,68,995.0,4.0,5.0,5.0,White,Cloth,True,False,1.663126188966392
143800,5499,2012.0,Diesel,Front Wheel Drive,Manual,5.486510227130129,132,1539.94231635872,3.8257612141004707,5.0,5.0,Grey,Cloth,False,False,1.663126188966392
228000,1750,2010.0,LPG,Front Wheel Drive,Manual,5.0,68,995.0,4.0,5.0,5.0,Grey,Full leather,False,False,1.663126188966392
99000,1500,2006.0,Gasoline,Front Wheel Drive,Manual,5.486510227130129,52,796.0,3.0,5.0,5.0,Black,Cloth,False,False,1.663126188966392
103000,4500,2014.0,Gasoline,Front Wheel Drive,Manual,5.0,86,1229.0,4.0,5.0,5.0,Black,Cloth,False,False,1.663126188966392
143000,7990,2006.0,Gasoline,Front Wheel Drive,Manual,5.486510227130129,141,1539.94231635872,3.8257612141004707,5.0,5.0,Grey,Cloth,False,False,1.663126188966392
210000,5999,2014.0,Diesel,Front Wheel Drive,Manual,5.486510227130129,141,1997.0,4.0,5.0,5.0,Grey,Full leather,False,False,1.663126188966392
46489,4950,2012.0,Gasoline,Front Wheel Drive,Manual,5.0,73,1360.0,4.0,5.0,5.0,Black,Cloth,False,False,1.663126188966392
28775,10450,2022.0,Gasoline,Front Wheel Drive,Manual,5.486510227130129,83,1199.0,3.8257612141004707,5.0,5.0,Black,Cloth,False,False,1.663126188966392
15600,9900,2022.0,Gasoline,Front Wheel Drive,Manual,5.486510227130129,82,1199.0,3.0,5.0,5.0,White,Cloth,True,False,1.0
4664,13990,2025.0,Gasoline,Front Wheel Drive,Manual,6.0,101,1199.0,3.8257612141004707,5.0,5.0,Grey,Cloth,True,True,1.0
178000,4900,2010.0,Diesel,Front Wheel Drive,Semi-automatic,6.0,156,2179.0,4.0,5.0,5.0,Black,Cloth,False,False,1.663126188966392
117319,7245,2016.0,Gasoline,Front Wheel Drive,Manual,5.0,82,1199.0,3.0,5.0,5.0,Black,Cloth,False,False,2.0
179000,7550,2020.0,Diesel,Front Wheel Drive,Manual,6.0,131,1499.0,4.0,5.0,5.0,Blue,Cloth,True,False,1.0
187952,5443,2014.0,Gasoline,Front Wheel Drive,Manual,5.0,110,1199.0,3.0,5.0,5.0,Grey,Cloth,False,False,1.0
129000,5200,2011.0,Gasoline,Front Wheel Drive,Manual,5.0,98,1598.0,4.0,5.0,5.0,Grey,Cloth,False,True,1.0
120000,4200,2011.0,Gasoline,Front Wheel Drive,Manual,5.0,95,1397.0,4.0,5.0,5.0,White,Cloth,False,False,1.0
103000,8790,2015.0,Diesel,Front Wheel Drive,Manual,6.0,120,1539.94231635872,4.0,5.0,5.0,Black,Cloth,False,False,2.0
40000,9900,2019.0,Gasoline,Front Wheel Drive,Manual,5.0,83,1199.0,3.0,5.0,5.0,Black,Cloth,True,True,1.663126188966392
114114,4250,2016.0,Gasoline,Front Wheel Drive,Manual,5.0,68,999.0,3.0,5.0,5.0,White,Cloth,False,False,1.663126188966392
10617,11450,2024.0,Gasoline,Front Wheel Drive,Manual,5.0,83,1199.0,3.0,5.0,5.0,Black,Cloth,True,True,1.0
5300,11900,2024.0,Gasoline,Front Wheel Drive,Manual,5.0,83,1199.0,3.8257612141004707,5.0,5.0,Beige,Cloth,True,False,1.0
45000,9700,2020.0,Gasoline,Front Wheel Drive,Manual,5.0,82,1539.94231635872,3.0,5.0,5.0,Grey,Cloth,True,True,1.0
144214,6749,2016.0,Gasoline,Front Wheel Drive,Manual,5.0,82,1199.0,3.0,5.0,5.0,Grey,Cloth,True,False,2.0
119000,6990,2015.0,Diesel,Front Wheel Drive,Manual,5.0,99,1560.0,4.0,5.0,5.0,Silver,Cloth,True,True,1.0
62358,8490,2018.0,Gasoline,Front Wheel Drive,Manual,5.0,82,1199.0,3.0,5.0,5.0,Green,Cloth,False,True,2.0
24999,10850,2022.0,Gasoline,Front Wheel Drive,Manual,5.486510227130129,83,1199.0,3.8257612141004707,5.0,5.0,Red,Cloth,False,False,1.663126188966392
54000,9800,2018.0,Gasoline,Front Wheel Drive,Manual,5.486510227130129,82,1199.0,3.0,5.0,5.0,Grey,Cloth,True,True,1.663126188966392
15406,12990,2023.0,Gasoline,Front Wheel Drive,Manual,6.0,131,1199.0,3.0,5.0,5.0,Grey,Part leather,False,True,1.0
113901,10500,2019.0,Gasoline,Front Wheel Drive,Manual,6.0,110,1199.0,3.0,5.0,5.0,Grey,Cloth,True,True,1.0
139735,7499,2014.0,Gasoline,Front Wheel Drive,Automatic,5.486510227130129,82,1199.0,3.0,5.0,5.0,White,Cloth,True,False,1.663126188966392
73000,9990,2022.0,Gasoline,Front Wheel Drive,Manual,6.0,110,1199.0,3.0,5.0,5.0,Grey,Cloth,False,True,1.0
123939,3999,2014.0,Gasoline,Front Wheel Drive,Manual,5.0,68,999.0,3.0,5.0,5.0,Red,Cloth,False,False,1.663126188966392
51,14990,2025.0,Gasoline,Front Wheel Drive,Manual,6.0,101,1199.0,3.0,5.0,5.0,Blue,Cloth,True,True,1.0
14363,11900,2024.0,Gasoline,Front Wheel Drive,Manual,5.0,83,1199.0,3.0,5.0,5.0,Grey,Cloth,False,False,1.663126188966392
164602,5500,2016.0,Diesel,Front Wheel Drive,Manual,5.0,75,1560.0,4.0,5.0,5.0,Black,Other,False,False,1.663126188966392
41200,10990,2023.0,Gasoline,Front Wheel Drive,Manual,6.0,110,1199.0,3.0,5.0,5.0,Black,Cloth,False,False,1.663126188966392
124168,8680,2018.0,Gasoline,Front Wheel Drive,Manual,6.0,131,1199.0,3.0,5.0,5.0,Blue,Cloth,True,True,1.0
1,14900,2025.0,Gasoline,Front Wheel Drive,Manual,5.486510227130129,101,1199.0,3.0,5.0,5.0,White,Cloth,False,False,1.663126188966392
18000,13900,2024.0,Gasoline,Front Wheel Drive,Manual,6.0,110,1199.0,3.0,5.0,5.0,Silver,Cloth,False,False,1.0
72250,13390,2020.0,Gasoline,Front Wheel Drive,Automatic,6.0,131,1199.0,3.0,5.0,5.0,Black,Cloth,False,False,2.0
70734,10943,2020.0,Diesel,Front Wheel Drive,Automatic,6.0,120,1499.0,4.0,5.0,5.0,Grey,Cloth,False,True,1.663126188966392
1434,14999,2025.0,Gasoline,Front Wheel Drive,Manual,6.0,102,1199.0,3.0,5.0,5.0,Blue,Cloth,True,True,1.0
4200,14800,2025.0,Gasoline,Front Wheel Drive,Manual,6.0,101,1199.0,3.0,5.0,5.0,Blue,Cloth,False,True,1.0
6133,11950,2024.0,Gasoline,Front Wheel Drive,Manual,6.0,83,1199.0,3.0,5.0,5.0,Grey,Cloth,False,False,1.0
130000,8800,2015.0,Diesel,Front Wheel Drive,Manual,6.0,120,1539.94231635872,4.0,5.0,5.0,Grey,Cloth,True,True,2.0
163770,8400,2017.0,Diesel,Front Wheel Drive,Automatic,6.0,120,1560.0,4.0,5.0,5.0,Grey,Cloth,False,False,1.663126188966392
71000,11200,2020.0,Gasoline,Front Wheel Drive,Manual,6.0,110,1199.0,3.0,5.0,5.0,White,Cloth,True,False,1.0
40323,5990,2008.0,Diesel,Front Wheel Drive,Automatic,5.0,68,1398.0,4.0,5.0,5.0,Green,Velour,True,True,1.0
80428,6490,2016.0,Gasoline,Front Wheel Drive,Manual,5.0,82,1199.0,3.0,5.0,5.0,Silver,Cloth,True,True,1.0
39850,9990,2021.0,Gasoline,Front Wheel Drive,Manual,5.0,82,1199.0,3.0,5.0,5.0,Blue,Cloth,False,False,1.0
149000,7600,2017.0,Diesel,Front Wheel Drive,Manual,5.0,75,1560.0,4.0,5.0,5.0,Blue,Cloth,False,False,1.663126188966392
78225,8900,2018.0,Gasoline,Front Wheel Drive,Manual,5.0,82,1199.0,3.0,5.0,5.0,Beige,Cloth,True,True,1.0
10,13900,2025.0,Gasoline,Front Wheel Drive,Manual,6.0,101,1539.94231635872,3.0,5.0,5.0,Green,Other,False,False,1.663126188966392
29924,11440,2023.0,Gasoline,Front Wheel Drive,Manual,5.486510227130129,83,1199.0,3.0,5.0,5.0,Beige,Cloth,True,False,1.0
24238,14450,2024.0,Gasoline,Front Wheel Drive,Manual,5.0,101,1539.94231635872,4.0,5.0,5.0,White,Cloth,False,True,1.0
103040,13990,2020.0,Diesel,Front Wheel Drive,Manual,6.0,131,1499.0,4.0,5.0,5.0,Grey,Full leather,False,False,1.0
69000,11900,2019.0,Gasoline,Front Wheel Drive,Manual,6.0,131,1199.0,3.0,5.0,5.0,Grey,Other,False,True,1.663126188966392
88000,8900,2014.0,Gasoline,Front Wheel Drive,Manual,5.0,117,1590.0,4.0,5.0,5.0,White,Part leather,True,True,1.0
56829,14900,2019.0,Gasoline,Front Wheel Drive,Manual,6.0,110,1199.0,3.0,5.0,5.0,Grey,Cloth,True,True,1.0
122103,6895,2015.0,Diesel,Front Wheel Drive,Manual,5.486510227130129,99,1560.0,4.0,5.0,5.0,Grey,Cloth,False,False,1.663126188966392
82289,4245,2015.0,Gasoline,Front Wheel Drive,Manual,5.0,82,1199.0,3.0,5.0,5.0,Violet,Cloth,False,False,1.663126188966392
60065,13950,2022.0,Gasoline,Front Wheel Drive,Manual,5.486510227130129,131,1539.94231635872,3.8257612141004707,5.0,5.0,Green,Part leather,False,False,1.0
7325,14887,2025.0,Gasoline,Front Wheel Drive,Manual,6.0,101,1199.0,3.8257612141004707,5.0,5.0,White,Cloth,True,True,1.0
105000,5950,2014.0,Diesel,Front Wheel Drive,Manual,5.486510227130129,68,1398.0,4.0,5.0,5.0,Red,Cloth,True,True,1.0
58981,10990,2020.0,Gasoline,Front Wheel Drive,Manual,6.0,110,1199.0,3.0,5.0,5.0,Grey,Cloth,False,False,1.663126188966392
50072,10950,2020.0,Gasoline,Front Wheel Drive,Manual,5.486510227130129,83,1199.0,3.0,5.0,5.0,White,Cloth,True,False,1.0
14436,13900,2024.0,Gasoline,Front Wheel Drive,Manual,6.0,110,1199.0,3.0,5.0,5.0,Grey,Cloth,False,False,1.0
51,14990,2025.0,Gasoline,Front Wheel Drive,Manual,6.0,101,1199.0,3.0,5.0,5.0,Blue,Cloth,True,True,1.0
109322,7999,2011.0,Gasoline,Front Wheel Drive,Automatic,5.486510227130129,156,1598.0,4.0,5.0,5.0,White,Part leather,True,False,1.663126188966392
63614,12480,2019.0,Gasoline,Front Wheel Drive,Automatic,5.486510227130129,110,1199.0,3.8257612141004707,5.0,5.0,Black,Cloth,True,True,2.0
165007,7900,2018.0,Diesel,Front Wheel Drive,Manual,5.0,99,1539.94231635872,4.0,5.0,5.0,Brown,Cloth,False,True,2.0
142000,13490,2020.0,Diesel,Front Wheel Drive,Manual,6.0,131,1499.0,4.0,5.0,5.0,Grey,Cloth,False,True,1.0
61568,8900,2016.0,Gasoline,Front Wheel Drive,Manual,5.0,82,1199.0,3.0,5.0,5.0,White,Cloth,True,False,2.0
79660,12449,2019.0,Gasoline,Front Wheel Drive,Automatic,6.0,131,1199.0,3.0,5.0,5.0,White,Cloth,False,False,2.0
143788,6000,2016.0,Gasoline,Front Wheel Drive,Manual,5.0,110,1199.0,3.0,5.0,5.0,Grey,Cloth,False,True,1.0
195680,5400,2012.0,Gasoline,Front Wheel Drive,Manual,5.486510227130129,95,1397.0,4.0,5.0,5.0,White,Cloth,False,False,1.663126188966392
81980,10500,2020.0,Diesel,Front Wheel Drive,Manual,6.0,102,1499.0,4.0,5.0,5.0,White,Cloth,False,False,1.663126188966392
139000,6900,2011.0,Diesel,Front Wheel Drive,Manual,6.0,111,1560.0,3.8257612141004707,5.0,5.0,Brown,Cloth,True,False,1.663126188966392
175000,6250,2014.0,Diesel,Front Wheel Drive,Manual,5.486510227130129,114,1560.0,4.0,5.0,5.0,White,Cloth,True,True,2.0
99986,11450,2019.0,Gasoline,Front Wheel Drive,Manual,6.0,110,1199.0,3.0,5.0,5.0,Black,Cloth,True,True,1.0
28480,14990,2022.0,Electric,Front Wheel Drive,Automatic,5.486510227130129,136,1539.94231635872,3.8257612141004707,5.0,5.0,Orange,Cloth,True,True,1.0
93636,9290,2018.0,Gasoline,Front Wheel Drive,Manual,5.0,82,1199.0,3.0,5.0,5.0,White,Other,False,False,1.0
16000,10600,2019.0,Gasoline,Front Wheel Drive,Manual,6.0,83,1199.0,3.0,5.0,5.0,Grey,Cloth,True,False,1.0
32544,14480,2024.0,Gasoline,Front Wheel Drive,Automatic,6.0,110,1199.0,3.0,5.0,5.0,Grey,Cloth,True,True,1.0
99000,8900,2013.0,Diesel,Front Wheel Drive,Manual,6.0,116,1560.0,4.0,5.0,5.0,Silver,Cloth,True,True,1.0
60866,9690,2022.0,Gasoline,Front Wheel Drive,Manual,5.0,83,1199.0,3.0,5.0,5.0,Blue,Other,False,False,1.663126188966392
134900,6690,2017.0,Gasoline,Front Wheel Drive,Manual,5.0,82,1199.0,3.0,5.0,5.0,White,Cloth,False,True,1.0
70676,9443,2020.0,Gasoline,Front Wheel Drive,Manual,5.0,83,1199.0,3.0,5.0,5.0,White,Cloth,True,False,1.0
148499,3999,2008.0,Gasoline,Front Wheel Drive,Automatic,5.486510227130129,88,1360.0,4.0,5.0,5.0,Grey,Cloth,False,False,1.663126188966392
90550,10500,2017.0,Diesel,Front Wheel Drive,Manual,6.0,120,1560.0,4.0,5.0,5.0,Red,Other,False,False,1.663126188966392
109000,14600,2020.0,Diesel,Front Wheel Drive,Manual,6.0,131,1499.0,4.0,5.0,5.0,White,Cloth,True,True,1.0
186449,1950,2006.0,Gasoline,Front Wheel Drive,Manual,5.0,73,1360.0,4.0,5.0,5.0,Violet,Cloth,True,False,1.663126188966392
201314,1695,2009.0,Gasoline,Front Wheel Drive,Manual,5.0,120,1598.0,4.0,5.0,5.0,Black,Cloth,True,False,1.663126188966392
59646,10888,2022.0,Gasoline,Front Wheel Drive,Manual,5.0,83,1199.0,3.0,5.0,5.0,Grey,Cloth,False,False,1.0
135221,8799,2017.0,Gasoline,Front Wheel Drive,Automatic,5.486510227130129,110,1199.0,3.0,5.0,5.0,White,Cloth,True,False,1.663126188966392
118311,14000,2019.0,Diesel,Front Wheel Drive,Manual,6.0,131,1499.0,4.0,5.0,5.0,Black,Other,False,False,1.663126188966392
17495,14887,2024.0,Gasoline,Front Wheel Drive,Manual,6.0,110,1199.0,3.0,5.0,5.0,Black,Cloth,True,True,1.0
34733,14790,2020.0,Diesel,Front Wheel Drive,Manual,6.0,131,1499.0,3.8257612141004707,5.0,5.0,Beige,Cloth,True,True,1.0
39170,12950,2020.0,Gasoline,Front Wheel Drive,Manual,6.0,110,1199.0,3.0,5.0,5.0,White,Cloth,True,True,1.0
68210,9512,2017.0,Gasoline,Front Wheel Drive,Manual,5.0,82,1199.0,3.0,5.0,5.0,White,Cloth,False,True,2.0
17957,13990,2024.0,Gasoline,Front Wheel Drive,Manual,6.0,110,1199.0,3.0,5.0,5.0,Grey,Cloth,True,True,1.663126188966392
159000,6950,2015.0,Diesel,Front Wheel Drive,Manual,6.0,150,1997.0,4.0,5.0,5.0,Black,Full leather,True,True,1.663126188966392
10,13377,2025.0,Gasoline,Front Wheel Drive,Manual,6.0,101,1199.0,3.0,5.0,5.0,White,Cloth,False,False,1.663126188966392
250192,2398,2010.0,Gasoline,Front Wheel Drive,Manual,5.0,120,1598.0,4.0,5.0,5.0,Black,Velour,False,False,1.663126188966392
28659,12490,2023.0,Gasoline,Front Wheel Drive,Manual,6.0,110,1199.0,3.0,5.0,5.0,Grey,Cloth,True,True,1.0
96200,13790,2019.0,Gasoline,Front Wheel Drive,Manual,6.0,131,1199.0,3.0,5.0,5.0,White,Cloth,False,True,1.663126188966392
24749,12900,2023.0,Gasoline,Front Wheel Drive,Manual,6.0,110,1199.0,3.0,5.0,5.0,Grey,Cloth,False,False,1.663126188966392
14998,14980,2024.0,Gasoline,Front Wheel Drive,Manual,6.0,110,1199.0,3.0,5.0,5.0,Grey,Cloth,True,True,1.0
15700,14980,2024.0,Gasoline,Front Wheel Drive,Manual,6.0,110,1199.0,3.0,5.0,5.0,Blue,Cloth,False,True,1.0
51082,9900,2022.0,Gasoline,Front Wheel Drive,Automatic,6.0,110,1199.0,3.0,5.0,5.0,White,Other,False,False,1.663126188966392
34000,13900,2020.0,Gasoline,Front Wheel Drive,Manual,5.0,110,1199.0,3.0,5.0,5.0,White,Cloth,True,False,1.663126188966392
115000,9900,2018.0,Gasoline,Front Wheel Drive,Manual,5.0,82,1199.0,3.0,5.0,5.0,Black,Cloth,True,False,2.0
17000,14800,2023.0,Gasoline,Front Wheel Drive,Manual,6.0,101,1199.0,3.0,5.0,5.0,Blue,Other,False,False,1.663126188966392
210000,2902,2013.0,Diesel,Front Wheel Drive,Automatic,5.486510227130129,163,1997.0,4.0,5.0,5.0,Black,Cloth,False,True,1.663126188966392
90793,11450,2019.0,Gasoline,Front Wheel Drive,Manual,6.0,110,1199.0,3.0,5.0,5.0,Grey,Cloth,True,True,1.0
113000,8750,2014.0,Gasoline,Front Wheel Drive,Manual,5.0,120,1598.0,4.0,5.0,5.0,Black,Cloth,False,False,1.663126188966392
1,3300,2007.0,Gasoline,Front Wheel Drive,Manual,5.0,60,1124.0,4.0,5.0,5.0,Grey,Cloth,False,False,1.663126188966392
52000,10990,2017.0,Gasoline,Front Wheel Drive,Automatic,6.0,131,1199.0,3.0,5.0,5.0,Red,Part leather,True,True,2.0
208407,7450,2008.0,Gasoline,Front Wheel Drive,Automatic,4.0,140,1997.0,4.0,5.0,5.0,Blue,Cloth,True,False,1.663126188966392
134489,3450,2011.0,Gasoline,Front Wheel Drive,Manual,5.0,60,1124.0,4.0,5.0,5.0,Blue,Cloth,False,False,1.663126188966392
36000,13980,2021.0,Gasoline,Front Wheel Drive,Manual,6.0,110,1199.0,3.0,5.0,5.0,Beige,Cloth,True,True,1.0
128854,10495,2019.0,Gasoline,Front Wheel Drive,Manual,6.0,131,1199.0,3.8257612141004707,5.0,5.0,Grey,Part leather,False,True,1.0
54826,10980,2024.0,Gasoline,Front Wheel Drive,Manual,5.0,82,1199.0,3.0,5.0,5.0,White,Cloth,False,False,1.663126188966392
111699,7445,2015.0,Gasoline,Front Wheel Drive,Manual,5.486510227130129,82,1199.0,3.0,5.0,5.0,White,Cloth,True,False,1.663126188966392
27833,12950,2019.0,Gasoline,Front Wheel Drive,Manual,6.0,131,1199.0,3.0,5.0,5.0,Grey,Cloth,False,True,1.663126188966392
65000,7990,2016.0,Diesel,Front Wheel Drive,Manual,5.0,99,1560.0,4.0,5.0,5.0,Silver,Cloth,False,True,1.0
9663,12990,2023.0,Gasoline,Front Wheel Drive,Manual,6.0,110,1199.0,3.0,5.0,5.0,Silver,Cloth,False,False,1.663126188966392
69000,9900,2018.0,Gasoline,Front Wheel Drive,Manual,5.0,82,1199.0,3.0,5.0,5.0,Silver,Cloth,False,False,1.663126188966392
248000,4900,2012.0,Diesel,Front Wheel Drive,Manual,5.0,92,1560.0,3.8257612141004707,5.0,5.0,Blue,Cloth,True,False,1.663126188966392
23595,11440,2023.0,Gasoline,Front Wheel Drive,Manual,5.0,83,1199.0,3.0,5.0,5.0,Beige,Cloth,True,False,1.0
158000,10900,2020.0,Diesel,Front Wheel Drive,Manual,6.0,131,1499.0,4.0,5.0,5.0,Grey,Cloth,True,True,1.0
53043,10890,2022.0,Gasoline,Front Wheel Drive,Manual,5.0,83,1199.0,3.0,5.0,5.0,Grey,Cloth,False,True,1.0
174443,5950,2010.0,Gasoline,Front Wheel Drive,Manual,5.0,120,1598.0,4.0,5.0,5.0,Blue,Cloth,True,True,2.0
24238,14450,2024.0,Gasoline,Front Wheel Drive,Manual,5.0,101,1539.94231635872,4.0,5.0,5.0,White,Cloth,False,True,1.0
50050,12999,2018.0,Gasoline,Front Wheel Drive,Automatic,6.0,131,1199.0,3.8257612141004707,5.0,5.0,Red,Full leather,False,False,1.0
15817,12990,2023.0,Gasoline,Front Wheel Drive,Manual,5.0,82,1199.0,3.0,5.0,5.0,Grey,Cloth,False,True,1.0
18237,14123,2025.0,Gasoline,Front Wheel Drive,Manual,6.0,101,1199.0,3.0,5.0,5.0,Black,Cloth,False,True,1.663126188966392
46000,10700,2019.0,Gasoline,Front Wheel Drive,Manual,5.0,83,1199.0,3.0,5.0,5.0,Grey,Cloth,True,True,1.0
51202,11250,2022.0,Diesel,Front Wheel Drive,Manual,6.0,101,1499.0,3.8257612141004707,5.0,5.0,Grey,Cloth,False,False,1.663126188966392
112000,4950,2011.0,Gasoline,Front Wheel Drive,Manual,5.0,95,1397.0,4.0,5.0,5.0,White,Cloth,True,True,1.663126188966392
96000,12990,2019.0,Gasoline,Front Wheel Drive,Manual,6.0,131,1199.0,3.0,5.0,5.0,White,Cloth,True,True,1.0
16960,14290,2024.0,Gasoline,Front Wheel Drive,Manual,6.0,110,1199.0,3.0,5.0,5.0,Grey,Cloth,False,False,1.663126188966392
104600,7700,2017.0,Diesel,Front Wheel Drive,Manual,5.0,99,1560.0,4.0,5.0,5.0,White,Other,False,False,1.0
154000,4450,2010.0,Diesel,Front Wheel Drive,Manual,5.0,90,1560.0,4.0,5.0,5.0,Grey,Other,False,False,1.663126188966392
134000,7900,2017.0,Diesel,Front Wheel Drive,Manual,6.0,120,1560.0,4.0,5.0,5.0,Red,Cloth,True,False,1.663126188966392
81400,8999,2019.0,Gasoline,Front Wheel Drive,Manual,5.486510227130129,82,1199.0,3.0,5.0,5.0,White,Cloth,True,True,1.0
124797,10995,2020.0,Gasoline,Front Wheel Drive,Automatic,6.0,111,1199.0,3.0,5.0,5.0,Red,Cloth,True,False,2.0
29204,11700,2021.0,Gasoline,Front Wheel Drive,Manual,5.0,83,1199.0,3.0,5.0,5.0,Grey,Cloth,False,True,1.663126188966392
90000,8700,2019.0,Gasoline,Front Wheel Drive,Manual,5.0,83,1199.0,3.0,5.0,5.0,Grey,Cloth,False,False,1.0
148058,7490,2015.0,Gasoline,Front Wheel Drive,Manual,6.0,131,1199.0,3.0,5.0,5.0,Black,Cloth,True,False,1.663126188966392
86371,9950,2012.0,Gasoline,Front Wheel Drive,Manual,5.0,120,1598.0,4.0,5.0,5.0,Black,Cloth,True,True,1.0
290000,2900,2008.0,Diesel,Front Wheel Drive,Automatic,6.0,140,1997.0,4.0,5.0,5.0,Silver,Cloth,True,False,1.0
8732,12490,2024.0,Gasoline,Front Wheel Drive,Manual,6.0,110,1199.0,3.0,5.0,5.0,Grey,Cloth,True,True,1.0
69417,8900,2017.0,Gasoline,Front Wheel Drive,Manual,6.0,82,1199.0,3.8257612141004707,5.0,5.0,White,Cloth,False,False,1.0
105000,14690,2021.0,Diesel,Front Wheel Drive,Manual,5.486510227130129,102,1499.0,4.0,5.0,5.0,Grey,Cloth,True,True,1.0
66500,10900,2020.0,Gasoline,Front Wheel Drive,Manual,5.0,83,1199.0,3.0,5.0,5.0,Grey,Cloth,False,False,1.663126188966392
20915,13884,2021.0,Diesel,Front Wheel Drive,Automatic,6.0,120,1499.0,4.0,5.0,5.0,White,Cloth,False,True,1.663126188966392
86403,9990,2018.0,Gasoline,Front Wheel Drive,Manual,6.0,110,1199.0,3.0,5.0,5.0,Silver,Cloth,False,False,1.663126188966392
1,6000,2014.0,Diesel,Front Wheel Drive,Manual,5.0,92,1560.0,4.0,5.0,5.0,Silver,Cloth,False,False,1.663126188966392
61804,12499,2021.0,Diesel,Front Wheel Drive,Manual,6.0,102,1499.0,4.0,5.0,5.0,Grey,Cloth,True,True,1.0
44599,11500,2023.0,Gasoline,Front Wheel Drive,Manual,5.0,83,1199.0,3.0,5.0,5.0,Beige,Cloth,False,False,1.0
74711,11990,2016.0,Diesel,Front Wheel Drive,Automatic,6.0,120,1560.0,3.8257612141004707,5.0,5.0,Grey,Full leather,True,False,1.663126188966392
93670,5990,2014.0,Gasoline,Front Wheel Drive,Manual,5.0,82,1199.0,3.8257612141004707,5.0,5.0,Silver,Full leather,True,False,1.663126188966392
22555,13490,2024.0,Gasoline,Front Wheel Drive,Manual,5.0,83,1199.0,3.8257612141004707,5.0,5.0,Grey,Cloth,False,True,1.0
82975,10950,2021.0,Gasoline,Front Wheel Drive,Manual,6.0,110,1199.0,3.0,5.0,5.0,Beige,Cloth,False,True,1.0
17472,14990,2024.0,Gasoline,Front Wheel Drive,Manual,6.0,110,1199.0,3.0,5.0,5.0,Grey,Cloth,False,True,1.0
22000,11490,2024.0,Gasoline,Front Wheel Drive,Automatic,6.0,110,1199.0,3.0,5.0,5.0,Black,Cloth,False,True,1.663126188966392
24221,14750,2024.0,Gasoline,Front Wheel Drive,Manual,5.0,101,1539.94231635872,4.0,5.0,5.0,Grey,Full leather,False,True,1.0
128470,14700,2020.0,Diesel,Front Wheel Drive,Manual,6.0,131,1499.0,4.0,5.0,5.0,Grey,Cloth,False,False,1.0
53000,11950,2022.0,Gasoline,Front Wheel Drive,Manual,6.0,110,1199.0,3.0,5.0,5.0,Blue,Other,False,False,1.663126188966392
160000,7990,2018.0,Gasoline,Front Wheel Drive,Manual,5.0,82,1199.0,3.0,5.0,5.0,Grey,Cloth,False,False,1.663126188966392
20040,13990,2023.0,Gasoline,Front Wheel Drive,Manual,6.0,110,1199.0,3.8257612141004707,5.0,5.0,Red,Cloth,True,True,1.0
79387,10900,2022.0,Gasoline,Front Wheel Drive,Manual,5.0,83,1199.0,3.0,5.0,5.0,Grey,Cloth,False,True,1.0
45740,10900,2018.0,Gasoline,Front Wheel Drive,Manual,5.0,110,1199.0,3.0,5.0,5.0,Grey,Cloth,True,True,2.0
122359,5450,2012.0,Gasoline,Front Wheel Drive,Manual,5.0,95,1397.0,4.0,5.0,5.0,White,Velour,True,False,1.663126188966392
80000,11990,2022.0,Gasoline,Front Wheel Drive,Manual,6.0,110,1199.0,3.0,5.0,5.0,Grey,Cloth,True,True,1.0
29000,9990,2024.0,Gasoline,Front Wheel Drive,Manual,5.486510227130129,110,1199.0,3.0,5.0,5.0,Silver,Cloth,False,True,1.663126188966392
136000,5890,2015.0,Gasoline,Front Wheel Drive,Manual,6.0,131,1199.0,3.0,5.0,5.0,Grey,Cloth,False,False,2.0
1,13900,2025.0,Gasoline,Front Wheel Drive,Manual,6.0,101,1199.0,3.0,5.0,5.0,Red,Other,False,False,1.663126188966392
106440,10790,2019.0,Diesel,Front Wheel Drive,Manual,6.0,102,1499.0,4.0,5.0,5.0,Grey,Cloth,True,False,1.0
76227,4600,2015.0,Gasoline,Front Wheel Drive,Manual,5.0,68,999.0,3.0,5.0,5.0,Violet,Cloth,False,False,1.663126188966392
141598,7200,2013.0,Gasoline,Front Wheel Drive,Manual,6.0,156,1598.0,4.0,5.0,5.0,Red,Part leather,True,False,1.663126188966392
24221,14750,2024.0,Gasoline,Front Wheel Drive,Manual,5.0,101,1539.94231635872,4.0,5.0,5.0,Grey,Part leather,False,True,1.0
47000,7990,2021.0,Gasoline,Front Wheel Drive,Manual,5.486510227130129,83,1199.0,3.0,5.0,5.0,Grey,Cloth,False,True,1.663126188966392
125000,3550,2005.0,Gasoline,Front Wheel Drive,Manual,5.0,88,1360.0,4.0,5.0,5.0,Grey,Cloth,True,True,1.0
190000,3900,2010.0,Diesel,Front Wheel Drive,Manual,6.0,140,1997.0,4.0,5.0,5.0,Grey,Cloth,False,False,1.663126188966392
62800,12900,2022.0,Gasoline,Front Wheel Drive,Manual,6.0,110,1199.0,3.0,5.0,5.0,White,Cloth,False,True,1.0
56480,14549,2020.0,Gasoline,Front Wheel Drive,Automatic,5.486510227130129,131,1199.0,3.8257612141004707,5.0,5.0,Grey,Cloth,False,True,1.0
22000,11490,2024.0,Gasoline,Front Wheel Drive,Automatic,5.486510227130129,110,1199.0,3.0,5.0,5.0,White,Cloth,False,True,1.663126188966392
37762,11590,2021.0,Gasoline,Front Wheel Drive,Manual,5.486510227130129,82,1199.0,3.8257612141004707,5.0,5.0,White,Cloth,False,True,2.0
104500,14999,2018.0,Diesel,Front Wheel Drive,Manual,5.0,102,1499.0,3.8257612141004707,5.0,5.0,Grey,Cloth,True,True,2.0
88750,8900,2016.0,Gasoline,Front Wheel Drive,Manual,5.0,82,1199.0,3.0,5.0,5.0,Red,Cloth,False,False,1.663126188966392
138167,5500,2015.0,Gasoline,Front Wheel Drive,Manual,5.0,82,1199.0,3.0,5.0,5.0,Silver,Cloth,False,False,1.663126188966392
204213,1795,1999.0,Gasoline,Front Wheel Drive,Manual,5.486510227130129,132,1998.0,4.0,5.0,5.0,Green,Velour,False,False,1.663126188966392
164409,5950,2015.0,Gasoline,Front Wheel Drive,Manual,5.486510227130129,110,1199.0,3.0,5.0,5.0,Grey,Cloth,True,False,1.663126188966392
207499,3299,2012.0,Gasoline,Front Wheel Drive,Manual,5.486510227130129,120,1598.0,4.0,5.0,5.0,Brown,Cloth,True,False,2.0
44500,11250,2021.0,Gasoline,Front Wheel Drive,Manual,5.0,83,1199.0,3.0,5.0,5.0,Blue,Cloth,True,True,1.0
69573,8950,2019.0,Gasoline,Front Wheel Drive,Manual,6.0,110,1199.0,3.0,5.0,5.0,Red,Cloth,True,True,1.0
120615,7760,2016.0,Gasoline,Front Wheel Drive,Manual,6.0,131,1199.0,3.0,5.0,5.0,Grey,Cloth,False,False,1.663126188966392
32300,13990,2024.0,Gasoline,Front Wheel Drive,Manual,6.0,110,1199.0,3.0,5.0,5.0,Red,Cloth,True,True,1.0
84400,10900,2016.0,Gasoline,Front Wheel Drive,Automatic,5.0,82,1199.0,3.0,5.0,5.0,Black,Cloth,True,False,1.0
75098,8900,2021.0,Gasoline,Front Wheel Drive,Manual,6.0,110,1199.0,3.0,5.0,5.0,Black,Other,False,False,1.663126188966392
84000,8000,2021.0,Gasoline,Front Wheel Drive,Manual,5.486510227130129,83,1199.0,3.0,5.0,5.0,Beige,Cloth,True,True,1.0
49273,9845,2020.0,Gasoline,Front Wheel Drive,Manual,5.486510227130129,83,1199.0,3.0,5.0,5.0,Black,Cloth,True,False,1.663126188966392
6663,12890,2024.0,Gasoline,Front Wheel Drive,Manual,5.0,83,1199.0,3.0,5.0,5.0,White,Cloth,False,False,1.663126188966392
152718,7650,2017.0,Gasoline,Front Wheel Drive,Manual,5.0,82,1199.0,3.0,5.0,5.0,Grey,Cloth,True,False,1.663126188966392
85000,13900,2019.0,Gasoline,Front Wheel Drive,Manual,6.0,131,1199.0,3.0,5.0,5.0,White,Cloth,True,True,1.0
20000,13800,2024.0,Gasoline,Front Wheel Drive,Manual,5.486510227130129,110,1199.0,3.0,5.0,5.0,Grey,Cloth,False,True,1.0
144449,11990,2022.0,Diesel,Front Wheel Drive,Automatic,5.486510227130129,120,1499.0,4.0,5.0,5.0,Grey,Cloth,True,True,1.0
198553,1698,2003.0,Gasoline,Front Wheel Drive,Manual,5.0,109,1587.0,4.0,5.0,5.0,Green,Cloth,False,False,1.663126188966392
61709,10900,2023.0,Gasoline,Front Wheel Drive,Manual,5.0,83,1199.0,3.0,5.0,5.0,Beige,Cloth,False,False,1.0
73000,11800,2022.0,Gasoline,Front Wheel Drive,Manual,6.0,110,1199.0,3.0,5.0,5.0,Blue,Other,False,False,1.663126188966392
127000,5900,2017.0,Gasoline,Front Wheel Drive,Manual,5.0,82,1199.0,3.0,5.0,5.0,Black,Cloth,True,True,1.0
103000,10000,2022.0,Diesel,Front Wheel Drive,Manual,6.0,102,1499.0,4.0,5.0,5.0,White,Cloth,False,False,1.0
104597,9750,2016.0,Diesel,Front Wheel Drive,Automatic,6.0,120,1560.0,4.0,5.0,5.0,Red,Cloth,True,False,1.0
28202,12950,2022.0,Gasoline,Front Wheel Drive,Manual,5.486510227130129,83,1199.0,3.8257612141004707,5.0,5.0,Grey,Cloth,False,False,2.0
43100,10950,2022.0,Gasoline,Front Wheel Drive,Manual,5.0,83,1199.0,3.0,5.0,5.0,White,Cloth,False,True,1.663126188966392
80000,8870,2017.0,Gasoline,Front Wheel Drive,Manual,5.0,82,1199.0,3.0,5.0,5.0,Orange,Cloth,False,False,2.0
238914,3450,2007.0,LPG,Front Wheel Drive,Manual,5.486510227130129,140,1997.0,4.0,5.0,5.0,Blue,Full leather,True,False,1.663126188966392
46400,10500,2020.0,Gasoline,Front Wheel Drive,Manual,5.0,83,1199.0,3.0,5.0,5.0,Blue,Cloth,False,False,1.663126188966392
43315,9773,2023.0,Gasoline,Front Wheel Drive,Manual,5.0,82,1199.0,3.0,5.0,5.0,Grey,Cloth,False,False,1.663126188966392
145523,8990,2021.0,Diesel,Front Wheel Drive,Manual,5.486510227130129,102,1499.0,4.0,5.0,5.0,Grey,Cloth,False,False,1.663126188966392
120000,6999,2017.0,Diesel,Front Wheel Drive,Manual,5.486510227130129,82,1539.94231635872,3.8257612141004707,5.0,5.0,Red,Cloth,False,False,1.663126188966392
70000,11400,2021.0,Diesel,Front Wheel Drive,Manual,6.0,102,1499.0,4.0,5.0,5.0,White,Cloth,True,False,1.0
97556,3800,2014.0,Gasoline,Front Wheel Drive,Manual,5.0,68,999.0,3.0,5.0,5.0,Brown,Other,False,True,1.663126188966392
55500,10900,2021.0,Gasoline,Front Wheel Drive,Manual,5.0,83,1199.0,3.0,5.0,5.0,Blue,Cloth,False,False,1.0
23814,13890,2024.0,Gasoline,Front Wheel Drive,Manual,6.0,110,1199.0,3.0,5.0,5.0,Grey,Cloth,False,False,1.0
298000,3000,2012.0,Diesel,Front Wheel Drive,Manual,6.0,114,1560.0,4.0,5.0,5.0,Grey,Other,False,False,1.663126188966392
128252,8385,2018.0,Gasoline,Front Wheel Drive,Manual,5.486510227130129,82,1199.0,3.0,5.0,5.0,White,Other,False,False,1.663126188966392
115340,10490,2018.0,Diesel,Front Wheel Drive,Manual,5.0,99,1560.0,4.0,5.0,5.0,Grey,Cloth,True,True,1.0
67000,8900,2018.0,Gasoline,Front Wheel Drive,Manual,5.0,82,1199.0,3.0,5.0,5.0,Grey,Cloth,False,True,1.663126188966392
240000,7800,2015.0,Diesel,Front Wheel Drive,Automatic,6.0,204,2179.0,4.0,5.0,5.0,Brown,Part leather,True,True,2.0
150832,1750,2011.0,Gasoline,Front Wheel Drive,Manual,5.486510227130129,60,1124.0,4.0,5.0,5.0,White,Part leather,False,False,1.663126188966392
1,14927,2025.0,Gasoline,Front Wheel Drive,Manual,6.0,101,1199.0,3.0,5.0,5.0,Black,Other,False,False,1.663126188966392
100000,10495,2022.0,Diesel,Front Wheel Drive,Manual,5.0,102,1499.0,4.0,5.0,5.0,White,Other,False,False,1.663126188966392
162526,8300,2016.0,Diesel,Front Wheel Drive,Manual,6.0,150,1997.0,4.0,5.0,5.0,Blue,Other,False,False,1.663126188966392
21242,9500,2022.0,Gasoline,Front Wheel Drive,Manual,5.0,83,1199.0,3.8257612141004707,5.0,5.0,White,Other,False,False,1.663126188966392
32775,14400,2024.0,Gasoline,Front Wheel Drive,Manual,6.0,110,1199.0,3.0,5.0,5.0,White,Cloth,False,False,1.663126188966392
14340,11990,2023.0,Gasoline,Front Wheel Drive,Manual,6.0,110,1199.0,3.0,5.0,5.0,Black,Cloth,True,True,1.0
144000,3000,2011.0,Gasoline,Front Wheel Drive,Manual,5.0,73,1360.0,4.0,5.0,5.0,Grey,Cloth,False,False,1.663126188966392
92000,5600,2015.0,Gasoline,Front Wheel Drive,Semi-automatic,5.0,82,1199.0,3.0,5.0,5.0,Grey,Cloth,False,False,1.663126188966392
44891,11450,2020.0,Gasoline,Front Wheel Drive,Manual,5.486510227130129,83,1199.0,3.0,5.0,5.0,White,Cloth,True,False,1.0
140000,6200,2016.0,Diesel,Front Wheel Drive,Manual,5.0,75,1560.0,4.0,5.0,5.0,Grey,Cloth,False,False,1.0
99000,3000,2008.0,CNG,Front Wheel Drive,Manual,5.486510227130129,73,1360.0,4.0,5.0,5.0,Black,alcantara,False,False,1.663126188966392
24396,10900,2023.0,Gasoline,Front Wheel Drive,Manual,5.0,83,1199.0,3.0,5.0,5.0,White,Cloth,False,False,1.0
98795,9950,2017.0,Gasoline,Front Wheel Drive,Manual,6.0,131,1199.0,3.0,5.0,5.0,Grey,Cloth,True,False,1.663126188966392
141026,9991,2021.0,Gasoline,Front Wheel Drive,Manual,6.0,131,1199.0,3.0,5.0,5.0,White,Cloth,False,False,1.663126188966392
33000,9990,2023.0,Gasoline,Front Wheel Drive,Manual,5.486510227130129,83,1199.0,3.0,5.0,5.0,White,Cloth,False,True,1.663126188966392
162433,3999,2009.0,Gasoline,Front Wheel Drive,Manual,5.486510227130129,120,1598.0,4.0,5.0,5.0,Grey,Cloth,False,False,1.663126188966392
198437,3900,2012.0,Diesel,Front Wheel Drive,Manual,5.0,111,1560.0,4.0,5.0,5.0,Grey,Cloth,False,False,2.0
8042,13950,2024.0,Gasoline,Front Wheel Drive,Manual,6.0,110,1199.0,3.0,5.0,5.0,Red,Cloth,False,False,1.663126188966392
15060,13300,2023.0,Gasoline,Front Wheel Drive,Manual,6.0,110,1199.0,3.0,5.0,5.0,Grey,Cloth,False,False,1.663126188966392
152984,7990,2015.0,Diesel,Front Wheel Drive,Automatic,6.0,92,1560.0,4.0,5.0,5.0,Grey,Cloth,False,True,1.0
76495,8950,2019.0,Gasoline,Front Wheel Drive,Manual,5.0,83,1199.0,3.0,5.0,5.0,Grey,Cloth,False,True,1.663126188966392
199554,2497,2007.0,Gasoline,Front Wheel Drive,Manual,5.0,125,1749.0,4.0,5.0,5.0,Violet,Cloth,False,False,1.663126188966392
56450,11900,2020.0,Gasoline,Front Wheel Drive,Automatic,6.0,131,1199.0,3.8257612141004707,5.0,5.0,Red,Cloth,True,False,1.0
36913,9690,2023.0,Gasoline,Front Wheel Drive,Manual,5.0,83,1199.0,3.0,5.0,5.0,Silver,Cloth,False,True,1.0
52000,9990,2019.0,Gasoline,Front Wheel Drive,Manual,5.0,110,1199.0,3.0,5.0,5.0,Grey,Other,False,False,1.663126188966392
126183,8445,2016.0,Gasoline,Front Wheel Drive,Automatic,6.0,131,1199.0,3.0,5.0,5.0,White,Cloth,True,False,2.0
13866,10790,2023.0,Gasoline,Front Wheel Drive,Manual,6.0,110,1199.0,3.0,5.0,5.0,Grey,Cloth,False,True,1.0
26932,13700,2023.0,Gasoline,Front Wheel Drive,Manual,6.0,131,1199.0,3.0,5.0,5.0,Silver,Cloth,False,False,1.0
219143,1195,2005.0,Gasoline,Front Wheel Drive,Manual,5.486510227130129,116,1749.0,4.0,5.0,5.0,Beige,Velour,True,False,1.663126188966392
90315,9719,2023.0,Gasoline,Front Wheel Drive,Manual,5.0,82,1199.0,3.0,5.0,5.0,Silver,Velour,False,False,1.663126188966392
24105,11990,2022.0,Diesel,Front Wheel Drive,Manual,5.486510227130129,102,1499.0,4.0,5.0,5.0,Silver,Velour,False,False,1.663126188966392
17253,13190,2024.0,Gasoline,Front Wheel Drive,Manual,6.0,110,1199.0,3.0,5.0,5.0,Grey,Cloth,False,False,1.0
75391,9900,2022.0,Gasoline,Front Wheel Drive,Manual,5.486510227130129,83,1199.0,3.0,5.0,5.0,Grey,Cloth,False,True,1.0
263305,3450,2011.0,Diesel,Front Wheel Drive,Manual,5.0,92,1560.0,4.0,5.0,5.0,Black,Cloth,True,False,1.663126188966392
116000,7990,2019.0,Gasoline,Front Wheel Drive,Manual,5.0,82,1199.0,3.0,5.0,5.0,Red,Cloth,False,False,1.663126188966392
252117,1995,2006.0,Gasoline,Front Wheel Drive,Automatic,5.486510227130129,141,1997.0,4.0,5.0,5.0,Red,Velour,False,False,1.663126188966392
29517,10950,2023.0,Gasoline,Front Wheel Drive,Manual,6.0,110,1199.0,3.0,5.0,5.0,Black,Cloth,True,True,2.0
27880,14490,2024.0,Gasoline,Front Wheel Drive,Manual,6.0,110,1199.0,3.0,5.0,5.0,Grey,Cloth,False,False,1.0
299987,1195,2003.0,Gasoline,Front Wheel Drive,Manual,5.486510227130129,75,1360.0,4.0,5.0,5.0,Blue,Cloth,False,False,1.663126188966392
123600,7900,2018.0,Gasoline,Front Wheel Drive,Manual,5.0,82,1199.0,3.0,5.0,5.0,Blue,Cloth,False,False,1.0
115648,10442,2017.0,Diesel,Front Wheel Drive,Manual,6.0,120,1560.0,3.8257612141004707,5.0,5.0,Red,Full leather,True,True,1.663126188966392
130884,13900,2019.0,Diesel,Front Wheel Drive,Manual,6.0,131,1499.0,4.0,5.0,5.0,Silver,Other,False,False,1.663126188966392
37762,11590,2021.0,Gasoline,Front Wheel Drive,Manual,5.486510227130129,82,1199.0,3.8257612141004707,5.0,5.0,White,Cloth,False,True,2.0
63432,14990,2022.0,Diesel,Front Wheel Drive,Manual,6.0,110,1499.0,4.0,5.0,5.0,Green,Cloth,False,True,1.0
58000,10900,2021.0,Gasoline,Front Wheel Drive,Automatic,6.0,110,1199.0,3.0,5.0,5.0,White,Cloth,False,False,1.0
97568,11864,2023.0,Gasoline,Front Wheel Drive,Manual,6.0,131,1199.0,3.0,5.0,5.0,Black,Cloth,False,False,1.663126188966392
62900,8900,2014.0,Diesel,Front Wheel Drive,Automatic,5.486510227130129,114,1560.0,4.0,5.0,5.0,Black,Part leather,False,True,1.663126188966392
164500,2890,2004.0,Diesel,Front Wheel Drive,Manual,5.0,109,1560.0,4.0,5.0,5.0,Silver,Cloth,False,True,1.663126188966392
47940,14900,2022.0,Gasoline,Front Wheel Drive,Automatic,6.0,131,1199.0,3.0,5.0,5.0,Blue,Part leather,False,False,1.663126188966392
45413,11890,2020.0,Electric,Front Wheel Drive,Automatic,5.486510227130129,67,1539.94231635872,3.8257612141004707,5.0,5.0,Black,Cloth,True,False,1.0
101461,11719,2023.0,Gasoline,Front Wheel Drive,Manual,6.0,131,1199.0,3.0,5.0,5.0,White,Cloth,False,False,1.663126188966392
77000,5990,2012.0,Gasoline,Front Wheel Drive,Manual,5.486510227130129,60,1124.0,4.0,5.0,5.0,Silver,Cloth,False,False,1.0
189000,9500,2020.0,Diesel,Front Wheel Drive,Manual,6.0,131,1499.0,4.0,5.0,5.0,Grey,Cloth,False,True,1.0
108900,2890,2006.0,Gasoline,Front Wheel Drive,Manual,5.486510227130129,109,1587.0,4.0,5.0,5.0,Red,alcantara,False,True,1.663126188966392
167739,6900,2011.0,Diesel,Front Wheel Drive,Manual,6.0,111,1560.0,4.0,5.0,5.0,Brown,Part leather,False,False,1.0
54000,11990,2021.0,Gasoline,Front Wheel Drive,Automatic,6.0,110,1199.0,3.0,5.0,5.0,White,Cloth,True,False,1.0
31000,13800,2022.0,Gasoline,Front Wheel Drive,Manual,5.486510227130129,110,1199.0,3.0,5.0,5.0,Blue,Cloth,True,True,1.0
66000,12700,2019.0,Gasoline,Front Wheel Drive,Automatic,6.0,110,1199.0,3.0,5.0,5.0,Black,Cloth,False,False,1.0
103000,7900,2015.0,Gasoline,Front Wheel Drive,Manual,5.0,82,1199.0,3.0,5.0,5.0,Black,Cloth,True,False,1.0
90900,14460,2019.0,Gasoline,Front Wheel Drive,Manual,6.0,131,1199.0,3.0,5.0,5.0,Grey,Cloth,True,True,1.0
65200,13700,2019.0,Gasoline,Front Wheel Drive,Manual,6.0,131,1199.0,3.0,5.0,5.0,Blue,Part leather,False,False,1.663126188966392
18237,14123,2025.0,Gasoline,Front Wheel Drive,Manual,6.0,101,1199.0,3.0,5.0,5.0,Black,Cloth,False,True,1.663126188966392
85745,10900,2018.0,Gasoline,Front Wheel Drive,Manual,5.0,82,1199.0,3.0,5.0,5.0,Grey,Cloth,False,False,1.0
47428,10990,2019.0,Gasoline,Front Wheel Drive,Manual,5.486510227130129,131,1199.0,3.8257612141004707,5.0,5.0,White,Cloth,True,False,2.0
159537,7950,2012.0,Gasoline,Front Wheel Drive,Manual,6.0,200,1598.0,4.0,5.0,5.0,Brown,Full leather,False,False,1.663126188966392
50,14900,2025.0,Gasoline,Front Wheel Drive,Manual,6.0,101,1199.0,3.0,5.0,5.0,Black,Cloth,False,False,1.663126188966392
230000,4940,2012.0,Diesel,Front Wheel Drive,Manual,5.0,92,1560.0,4.0,5.0,5.0,Grey,Full leather,False,False,1.663126188966392
20000,12990,2024.0,Gasoline,Front Wheel Drive,Automatic,5.486510227130129,110,1199.0,3.0,5.0,5.0,Silver,Cloth,False,True,1.663126188966392
73115,4990,2014.0,Gasoline,Front Wheel Drive,Automatic,5.0,82,1199.0,3.0,5.0,5.0,White,Cloth,False,False,1.663126188966392
88209,11990,2021.0,Gasoline,Front Wheel Drive,Manual,6.0,110,1199.0,3.0,5.0,5.0,Black,Cloth,False,False,1.663126188966392
99000,10500,2018.0,Gasoline,Front Wheel Drive,Manual,5.0,82,1199.0,3.0,5.0,5.0,Black,Cloth,True,True,2.0
104944,11900,2020.0,Diesel,Front Wheel Drive,Manual,6.0,102,1499.0,4.0,5.0,5.0,White,Cloth,False,False,1.0
11605,13790,2024.0,Gasoline,Front Wheel Drive,Manual,7.0,110,1199.0,3.0,5.0,5.0,Red,Part leather,True,True,1.0
62346,14249,2019.0,Gasoline,Front Wheel Drive,Manual,6.0,131,1199.0,3.8257612141004707,5.0,5.0,Grey,Part leather,True,False,1.0
32455,10700,2023.0,Gasoline,Front Wheel Drive,Manual,5.0,83,1199.0,3.0,5.0,5.0,White,Cloth,False,False,1.0
93361,12900,2019.0,Gasoline,Front Wheel Drive,Manual,6.0,110,1199.0,3.0,5.0,5.0,Grey,Other,False,False,1.663126188966392
71327,9695,2017.0,Gasoline,Front Wheel Drive,Manual,5.0,110,1199.0,3.0,5.0,5.0,Black,Cloth,True,False,1.663126188966392
12663,12490,2024.0,Gasoline,Front Wheel Drive,Manual,6.0,110,1199.0,3.0,5.0,5.0,Red,Cloth,True,False,1.0
99000,10900,2017.0,Gasoline,Front Wheel Drive,Manual,6.0,131,1199.0,3.0,5.0,5.0,Red,Cloth,False,False,1.663126188966392
20000,12990,2023.0,Diesel,Front Wheel Drive,Manual,6.0,102,1499.0,4.0,5.0,5.0,Grey,Cloth,False,True,1.663126188966392
29793,13700,2024.0,Gasoline,Front Wheel Drive,Manual,5.0,83,1199.0,3.0,5.0,5.0,Black,Cloth,False,False,1.0
74315,12900,2021.0,Gasoline,Front Wheel Drive,Manual,6.0,131,1199.0,3.0,5.0,5.0,White,Cloth,False,False,1.663126188966392
120000,5990,2018.0,Gasoline,Front Wheel Drive,Manual,5.486510227130129,82,1199.0,3.8257612141004707,5.0,5.0,White,Cloth,False,False,1.663126188966392
207000,3790,2011.0,Diesel,Front Wheel Drive,Manual,6.0,111,1560.0,4.0,5.0,5.0,White,Cloth,False,False,1.663126188966392
44731,11900,2022.0,Gasoline,Front Wheel Drive,Manual,5.0,83,1199.0,3.0,5.0,5.0,White,Cloth,False,False,1.663126188966392
223751,5000,2014.0,Diesel,Front Wheel Drive,Manual,5.0,68,1398.0,4.0,5.0,5.0,White,Cloth,False,False,1.663126188966392
19911,10790,2023.0,Gasoline,Front Wheel Drive,Manual,5.0,82,1199.0,3.0,5.0,5.0,White,Cloth,False,False,1.663126188966392
101000,5900,2016.0,Gasoline,Front Wheel Drive,Manual,5.486510227130129,110,1539.94231635872,3.8257612141004707,5.0,5.0,Black,Part leather,False,False,1.663126188966392
61583,11400,2021.0,Gasoline,Front Wheel Drive,Manual,6.0,110,1199.0,3.0,5.0,5.0,White,Other,False,False,1.0
31050,12500,2023.0,Gasoline,Front Wheel Drive,Manual,5.0,83,1199.0,3.0,5.0,5.0,Grey,Other,False,False,1.663126188966392
66000,11900,2020.0,Diesel,Front Wheel Drive,Manual,6.0,110,1499.0,4.0,5.0,5.0,Silver,Cloth,False,False,1.663126188966392
64570,14300,2022.0,Gasoline,Front Wheel Drive,Manual,6.0,110,1199.0,3.0,5.0,5.0,Grey,Cloth,False,False,1.663126188966392
95000,8799,2021.0,Gasoline,Front Wheel Drive,Manual,5.0,83,1199.0,3.0,5.0,5.0,Grey,Cloth,False,False,1.663126188966392
49500,9300,2016.0,Gasoline,Front Wheel Drive,Manual,5.0,110,1199.0,3.0,5.0,5.0,White,Cloth,False,False,1.663126188966392
56811,9948,2020.0,Gasoline,Front Wheel Drive,Manual,5.0,83,1199.0,3.0,5.0,5.0,Red,Cloth,True,True,1.0
147000,3990,2007.0,Diesel,Front Wheel Drive,Manual,5.0,90,1560.0,4.0,5.0,5.0,White,Cloth,False,False,1.663126188966392
90000,6900,2016.0,Gasoline,Front Wheel Drive,Manual,5.0,82,1199.0,3.0,5.0,5.0,Grey,Cloth,False,False,1.0
207671,3995,2014.0,Gasoline,Front Wheel Drive,Manual,5.486510227130129,82,1199.0,3.0,5.0,5.0,Blue,Cloth,True,False,1.663126188966392
20915,13884,2021.0,Diesel,Front Wheel Drive,Automatic,6.0,120,1499.0,4.0,5.0,5.0,White,Cloth,False,True,1.663126188966392
159401,5350,2011.0,Gasoline,Front Wheel Drive,Manual,5.486510227130129,120,1598.0,4.0,5.0,5.0,Grey,Cloth,False,False,1.663126188966392
25007,13950,2024.0,Gasoline,Front Wheel Drive,Manual,6.0,110,1199.0,3.0,5.0,5.0,Grey,Cloth,True,True,1.0
168044,10299,2018.0,Gasoline,Front Wheel Drive,Automatic,5.486510227130129,110,1199.0,3.0,5.0,5.0,Grey,Cloth,True,False,1.663126188966392
6003,14500,2024.0,Gasoline,Front Wheel Drive,Manual,6.0,131,1199.0,3.0,5.0,5.0,White,Cloth,True,False,1.0
12522,14500,2024.0,Gasoline,Front Wheel Drive,Manual,6.0,110,1199.0,3.0,5.0,5.0,Grey,Cloth,False,False,1.0
121620,7950,2014.0,Diesel,Front Wheel Drive,Automatic,5.486510227130129,92,1560.0,4.0,5.0,5.0,Red,Cloth,True,False,1.663126188966392
32303,11690,2024.0,Gasoline,Front Wheel Drive,Manual,6.0,110,1199.0,3.0,5.0,5.0,Silver,Cloth,False,False,1.663126188966392
59543,11900,2022.0,Gasoline,Front Wheel Drive,Manual,6.0,110,1200.0,3.0,5.0,5.0,Silver,Part leather,False,False,1.0
13148,12490,2024.0,Gasoline,Front Wheel Drive,Manual,6.0,110,1199.0,3.0,5.0,5.0,White,Cloth,True,True,1.0
109000,9669,2019.0,Diesel,Front Wheel Drive,Manual,5.0,76,1499.0,4.0,5.0,5.0,White,Other,False,False,1.663126188966392
81000,7499,2017.0,Gasoline,Front Wheel Drive,Manual,5.0,82,1199.0,3.0,5.0,5.0,White,Cloth,False,False,1.663126188966392
120579,9599,2015.0,Diesel,Front Wheel Drive,Manual,6.0,114,1560.0,4.0,5.0,5.0,Black,Cloth,False,False,1.663126188966392
148000,12890,2019.0,Diesel,Front Wheel Drive,Manual,6.0,131,1539.94231635872,4.0,5.0,5.0,White,Cloth,True,True,1.0
182058,4950,2012.0,Gasoline,Front Wheel Drive,Manual,5.486510227130129,120,1598.0,4.0,5.0,5.0,Grey,Cloth,True,False,1.663126188966392
87000,9900,2021.0,Gasoline,Front Wheel Drive,Manual,6.0,110,1199.0,3.0,5.0,5.0,Black,Cloth,True,False,1.0
70734,10943,2020.0,Diesel,Front Wheel Drive,Automatic,6.0,120,1499.0,4.0,5.0,5.0,Grey,Cloth,False,True,1.663126188966392
60350,11900,2019.0,Gasoline,Front Wheel Drive,Manual,6.0,110,1199.0,3.0,5.0,5.0,Grey,Cloth,False,True,1.0
27000,10900,2020.0,Gasoline,Front Wheel Drive,Manual,5.0,83,1199.0,3.0,5.0,5.0,Grey,Cloth,False,True,1.0
98000,5990,2016.0,Gasoline,Front Wheel Drive,Manual,5.0,110,1199.0,3.0,5.0,5.0,Grey,Cloth,False,False,1.0
96380,11864,2023.0,Gasoline,Front Wheel Drive,Manual,6.0,131,1199.0,3.0,5.0,5.0,Silver,Cloth,False,False,1.663126188966392
50400,9500,2021.0,Gasoline,Front Wheel Drive,Automatic,5.0,82,1199.0,3.0,5.0,5.0,Black,Cloth,False,False,1.663126188966392
66782,8990,2020.0,Gasoline,Front Wheel Drive,Manual,5.0,83,1199.0,3.0,5.0,5.0,White,Cloth,True,True,1.0
29374,11490,2023.0,Gasoline,Front Wheel Drive,Manual,6.0,110,1199.0,3.0,5.0,5.0,Grey,Cloth,True,True,1.0
29300,13900,2019.0,Gasoline,Front Wheel Drive,Manual,6.0,110,1200.0,3.8257612141004707,5.0,5.0,Blue,Cloth,False,False,1.663126188966392
26360,13500,2024.0,Gasoline,Front Wheel Drive,Manual,5.0,83,1199.0,3.0,5.0,5.0,Silver,Cloth,False,False,1.663126188966392
5200,12890,2024.0,Gasoline,Front Wheel Drive,Manual,5.0,83,1199.0,3.0,5.0,5.0,White,Cloth,False,False,1.663126188966392
110100,8900,2015.0,Diesel,Front Wheel Drive,Manual,6.0,120,1560.0,3.0,5.0,5.0,Grey,Cloth,False,False,1.663126188966392
72889,8600,2022.0,Gasoline,Front Wheel Drive,Manual,5.486510227130129,83,1539.94231635872,3.8257612141004707,5.0,5.0,Blue,Cloth,False,False,1.663126188966392
48173,12250,2024.0,Diesel,Front Wheel Drive,Manual,5.486510227130129,101,1539.94231635872,3.8257612141004707,5.0,5.0,Grey,Cloth,False,False,1.663126188966392
148950,8990,2017.0,Diesel,Front Wheel Drive,Manual,6.0,120,1560.0,4.0,5.0,5.0,Brown,Cloth,True,True,2.0
23814,13890,2024.0,Gasoline,Front Wheel Drive,Manual,6.0,110,1199.0,3.0,5.0,5.0,Grey,Cloth,False,False,1.0
70789,9810,2021.0,Diesel,Front Wheel Drive,Manual,5.0,99,1499.0,4.0,5.0,5.0,White,Cloth,False,False,1.663126188966392
117440,4949,2015.0,Gasoline,Front Wheel Drive,Manual,5.0,68,999.0,3.0,5.0,5.0,White,Part leather,False,False,2.0
120715,11790,2021.0,Diesel,Front Wheel Drive,Manual,6.0,131,1499.0,4.0,5.0,5.0,Grey,Part leather,False,True,1.0
47671,12800,2023.0,Gasoline,Front Wheel Drive,Manual,5.0,83,1199.0,3.0,5.0,5.0,White,Other,False,False,1.663126188966392
26900,13450,2024.0,Gasoline,Front Wheel Drive,Manual,6.0,110,1199.0,3.0,5.0,5.0,Grey,Cloth,False,False,1.663126188966392
61388,12450,2022.0,Gasoline,Front Wheel Drive,Manual,5.486510227130129,83,1199.0,3.0,5.0,5.0,Grey,Cloth,True,True,1.663126188966392
81873,11200,2022.0,Diesel,Front Wheel Drive,Manual,6.0,102,1499.0,4.0,5.0,5.0,White,Cloth,True,False,1.0
78000,10900,2021.0,Gasoline,Front Wheel Drive,Manual,6.0,110,1199.0,3.0,5.0,5.0,Grey,Other,False,False,1.0
154000,3900,2009.0,Gasoline,Front Wheel Drive,Manual,5.0,95,1397.0,4.0,5.0,5.0,Grey,Cloth,False,True,1.0
142418,7250,2017.0,Gasoline,Front Wheel Drive,Manual,5.486510227130129,82,1199.0,3.0,5.0,5.0,Grey,Cloth,False,False,1.663126188966392
107800,6998,2014.0,Gasoline,Front Wheel Drive,Manual,6.0,125,1199.0,4.0,5.0,5.0,Black,Full leather,True,True,2.0
91586,7905,2017.0,Gasoline,Front Wheel Drive,Automatic,5.0,90,1461.0,3.0,5.0,5.0,Grey,Cloth,True,False,1.0
39000,6950,2014.0,Gasoline,Front Wheel Drive,Manual,5.0,75,1149.0,4.0,5.0,5.0,White,Cloth,False,False,1.663126188966392
79000,8890,2014.0,LPG,Front Wheel Drive,Manual,5.0,105,1598.0,4.0,5.0,5.0,Green,Full leather,False,False,2.0
27863,9990,2018.0,Gasoline,Front Wheel Drive,Manual,5.0,90,1539.94231635872,3.0,5.0,5.0,Red,Cloth,True,False,2.0
50408,9400,2022.0,Gasoline,Front Wheel Drive,Manual,5.0,67,999.0,3.0,5.0,5.0,Grey,Cloth,False,True,1.0
191339,2900,2016.0,Gasoline,Front Wheel Drive,Manual,5.0,73,1149.0,3.8257612141004707,5.0,5.0,Grey,Cloth,False,False,2.0
33309,13900,2023.0,LPG,Front Wheel Drive,Manual,6.0,101,999.0,3.0,5.0,5.0,Grey,Cloth,False,False,1.663126188966392
53400,8888,2016.0,Gasoline,Front Wheel Drive,Manual,5.0,90,898.0,3.0,5.0,5.0,Blue,Cloth,False,False,1.0
13000,12490,2024.0,Gasoline,Front Wheel Drive,Manual,5.486510227130129,67,999.0,3.0,5.0,5.0,Blue,Cloth,True,True,1.0
52021,10900,2022.0,Gasoline,Front Wheel Drive,Manual,5.0,91,998.0,3.8257612141004707,5.0,5.0,Blue,Cloth,False,True,1.0
21000,12000,2019.0,Gasoline,Front Wheel Drive,Automatic,5.0,75,898.0,4.0,5.0,5.0,White,Cloth,True,True,1.0
66500,9900,2018.0,Diesel,Front Wheel Drive,Manual,5.0,95,1461.0,4.0,5.0,5.0,Brown,Cloth,False,False,1.663126188966392
7281,13450,2022.0,Gasoline,Front Wheel Drive,Manual,6.0,101,999.0,3.8257612141004707,5.0,5.0,Red,Cloth,True,False,1.0
12800,10750,2020.0,Gasoline,Front Wheel Drive,Manual,5.0,73,998.0,3.0,5.0,5.0,Beige,Cloth,True,False,2.0
69157,14900,2021.0,Diesel,4WD,Manual,6.0,116,1461.0,4.0,5.0,5.0,Grey,Other,False,False,1.663126188966392
78904,7199,2016.0,Gasoline,Front Wheel Drive,Manual,5.486510227130129,90,898.0,3.8257612141004707,5.0,5.0,White,Cloth,False,True,1.0
22000,11500,2023.0,Gasoline,Front Wheel Drive,Manual,5.0,67,999.0,3.0,5.0,5.0,Blue,Cloth,False,False,1.0
80153,5950,2011.0,Gasoline,Front Wheel Drive,Manual,5.486510227130129,84,1598.0,4.0,5.0,5.0,Grey,Cloth,True,False,1.663126188966392
56000,9990,2019.0,LPG,Front Wheel Drive,Manual,5.486510227130129,114,1598.0,4.0,5.0,5.0,Grey,Cloth,False,False,1.663126188966392
56392,12500,2019.0,Diesel,Front Wheel Drive,Manual,6.0,116,1461.0,4.0,5.0,5.0,Grey,Other,False,False,1.663126188966392
47150,11450,2021.0,Gasoline,Front Wheel Drive,Manual,6.0,91,999.0,3.0,5.0,5.0,Red,Cloth,True,True,1.0
57950,12990,2020.0,LPG,Front Wheel Drive,Manual,5.0,101,999.0,3.0,5.0,5.0,Silver,Cloth,True,True,1.0
118570,3500,2010.0,Gasoline,Front Wheel Drive,Manual,5.486510227130129,75,1149.0,4.0,5.0,5.0,Blue,Cloth,False,True,1.663126188966392
116562,12300,2021.0,Diesel,4WD,Manual,6.0,116,1461.0,4.0,5.0,5.0,Grey,Cloth,True,False,1.0
16115,7988,2017.0,Gasoline,Front Wheel Drive,Manual,5.0,73,999.0,3.8257612141004707,5.0,5.0,Blue,Cloth,True,True,1.0
35955,11250,2021.0,Gasoline,Front Wheel Drive,Manual,5.486510227130129,91,999.0,3.0,5.0,5.0,Red,Cloth,False,False,1.0
240000,4290,2015.0,Diesel,Front Wheel Drive,Manual,5.486510227130129,90,1461.0,4.0,5.0,5.0,White,Cloth,False,True,1.0
11124,11499,2023.0,Gasoline,Front Wheel Drive,Manual,5.0,67,999.0,3.0,5.0,5.0,White,Cloth,False,False,1.0
38024,11900,2022.0,LPG,Front Wheel Drive,Manual,5.0,101,999.0,3.0,5.0,5.0,Grey,Other,False,False,1.663126188966392
57350,8333,2019.0,Gasoline,Front Wheel Drive,Manual,5.0,73,999.0,3.0,5.0,5.0,Blue,Cloth,False,True,2.0
40038,9995,2015.0,Gasoline,Front Wheel Drive,Manual,5.486510227130129,125,1199.0,4.0,5.0,5.0,Silver,Full leather,True,True,1.0
91293,12990,2022.0,Gasoline,Front Wheel Drive,Manual,6.0,91,999.0,3.0,5.0,5.0,Black,Cloth,True,True,1.0
41390,12900,2022.0,LPG,Front Wheel Drive,Manual,6.0,101,999.0,3.0,5.0,5.0,Black,Other,False,False,1.663126188966392
16170,13900,2024.0,Gasoline,Front Wheel Drive,Automatic,5.486510227130129,91,999.0,3.0,5.0,5.0,White,Other,False,False,1.0
10568,12400,2023.0,Gasoline,Front Wheel Drive,Manual,5.0,67,999.0,3.0,5.0,5.0,White,Cloth,False,False,2.0
50201,9995,2019.0,Gasoline,Front Wheel Drive,Manual,5.486510227130129,90,898.0,3.0,5.0,5.0,Grey,Cloth,False,False,1.0
24729,10990,2022.0,Gasoline,Front Wheel Drive,Manual,5.0,67,999.0,3.8257612141004707,5.0,5.0,Black,Cloth,False,True,1.0
30649,10500,2021.0,Gasoline,Front Wheel Drive,Manual,6.0,91,999.0,3.8257612141004707,5.0,5.0,White,Cloth,False,True,1.0
164011,4495,2014.0,Gasoline,Front Wheel Drive,Manual,5.486510227130129,125,1199.0,4.0,5.0,5.0,Grey,Cloth,True,False,1.663126188966392
74481,7910,2019.0,Gasoline,Front Wheel Drive,Manual,5.486510227130129,73,998.0,3.8257612141004707,5.0,5.0,Grey,Cloth,True,True,1.0
94800,8900,2020.0,LPG,Front Wheel Drive,Manual,5.0,101,999.0,3.0,5.0,5.0,Blue,Cloth,True,True,1.0
12540,13400,2018.0,Gasoline,Front Wheel Drive,Manual,6.0,125,1197.0,4.0,5.0,5.0,Black,Cloth,False,False,1.0
54585,11850,2018.0,Gasoline,Front Wheel Drive,Manual,6.0,114,1598.0,4.0,5.0,5.0,Grey,Cloth,True,True,1.0
44716,13990,2020.0,Gasoline,Front Wheel Drive,Manual,6.0,131,1332.0,4.0,5.0,5.0,White,Cloth,False,True,1.0
89184,13990,2021.0,Diesel,4WD,Manual,6.0,95,1461.0,3.8257612141004707,5.0,5.0,Grey,Cloth,False,False,1.0
95000,8900,2019.0,Diesel,Front Wheel Drive,Manual,5.0,95,1461.0,4.0,5.0,5.0,Bronze,Cloth,False,False,1.0
87000,10990,2021.0,LPG,Front Wheel Drive,Manual,6.0,101,999.0,3.0,5.0,5.0,White,Cloth,True,True,1.0
59000,9500,2020.0,LPG,Front Wheel Drive,Manual,5.0,101,999.0,3.0,5.0,5.0,Brown,Cloth,True,True,1.663126188966392
101028,11950,2019.0,Gasoline,Front Wheel Drive,Manual,6.0,150,1332.0,4.0,5.0,5.0,Bronze,Cloth,True,True,1.0
48095,14850,2022.0,LPG,Front Wheel Drive,Manual,6.0,101,999.0,3.0,5.0,5.0,Black,Full leather,True,True,1.0
51000,11470,2017.0,Gasoline,Front Wheel Drive,Manual,6.0,125,1197.0,4.0,5.0,5.0,Black,Full leather,False,False,1.0
52000,7499,2017.0,Gasoline,Front Wheel Drive,Manual,5.0,90,898.0,3.8257612141004707,5.0,5.0,Black,Cloth,True,False,1.663126188966392
69150,14590,2019.0,Gasoline,4WD,Manual,5.0,150,1332.0,4.0,5.0,5.0,Grey,Cloth,True,True,2.0
41057,8294,2020.0,Electric,Front Wheel Drive,Automatic,5.486510227130129,45,898.0,3.0,5.0,5.0,Silver,Full leather,True,False,1.663126188966392
12890,8750,2014.0,Gasoline,Front Wheel Drive,Manual,5.0,90,898.0,3.0,5.0,5.0,Silver,Cloth,True,True,1.0
30086,13990,2021.0,Gasoline,Front Wheel Drive,Manual,5.486510227130129,91,999.0,3.0,5.0,5.0,Brown,Cloth,False,True,1.0
69101,13000,2023.0,LPG,Front Wheel Drive,Manual,6.0,101,999.0,3.0,5.0,5.0,Green,Other,False,False,1.0
77430,14500,2023.0,LPG,Front Wheel Drive,Manual,6.0,101,999.0,3.0,5.0,5.0,Blue,Other,False,False,1.0
148393,8900,2017.0,Diesel,Front Wheel Drive,Manual,6.0,90,1461.0,4.0,5.0,5.0,Blue,Cloth,False,False,1.0
112000,8550,2016.0,Gasoline,Front Wheel Drive,Manual,6.0,125,1539.94231635872,4.0,5.0,5.0,Grey,Cloth,True,True,1.0
78235,11500,2021.0,Gasoline,Front Wheel Drive,Manual,6.0,91,999.0,3.0,5.0,5.0,White,Cloth,True,True,1.0
38190,12270,2021.0,Gasoline,Front Wheel Drive,Manual,5.0,101,999.0,3.0,5.0,5.0,Blue,Cloth,False,True,1.0
6532,11900,2024.0,Gasoline,Front Wheel Drive,Manual,5.0,67,999.0,3.0,5.0,5.0,White,Cloth,False,True,1.663126188966392
69946,9950,2020.0,LPG,Front Wheel Drive,Manual,5.0,101,999.0,3.0,5.0,5.0,Black,Cloth,False,False,1.663126188966392
23000,13900,2023.0,Gasoline,Front Wheel Drive,Manual,6.0,91,999.0,3.0,5.0,5.0,Grey,Other,False,False,1.0
49999,12400,2021.0,LPG,Front Wheel Drive,Manual,5.486510227130129,101,999.0,3.0,5.0,5.0,Blue,Cloth,False,False,1.0
46990,11890,2020.0,Gasoline,Front Wheel Drive,Automatic,5.0,90,898.0,3.0,5.0,5.0,Grey,Cloth,False,False,1.0
16795,14199,2023.0,Gasoline,Front Wheel Drive,Manual,5.486510227130129,91,999.0,3.8257612141004707,5.0,5.0,Black,Cloth,False,True,1.0
110000,9990,2016.0,Diesel,Front Wheel Drive,Manual,6.0,109,1461.0,4.0,5.0,5.0,Grey,Cloth,True,True,1.0
49259,10800,2020.0,Gasoline,Front Wheel Drive,Manual,5.0,90,898.0,3.0,5.0,5.0,Black,Cloth,True,True,1.0
50470,13900,2022.0,Diesel,Front Wheel Drive,Manual,6.0,116,1461.0,4.0,5.0,5.0,Red,Cloth,False,False,1.663126188966392
67650,11990,2021.0,Gasoline,Front Wheel Drive,Manual,6.0,91,999.0,3.0,5.0,5.0,White,Cloth,True,True,1.0
69700,11990,2017.0,Gasoline,4WD,Manual,6.0,114,1539.94231635872,3.8257612141004707,5.0,5.0,White,Cloth,False,True,1.663126188966392
59700,13780,2021.0,Gasoline,Front Wheel Drive,Automatic,5.486510227130129,91,999.0,3.0,5.0,5.0,Grey,Cloth,True,True,2.0
48095,14850,2022.0,Gasoline,Front Wheel Drive,Manual,6.0,101,999.0,3.0,5.0,5.0,Black,Full leather,True,True,1.0
40985,14900,2022.0,LPG,Front Wheel Drive,Manual,6.0,91,999.0,3.0,5.0,5.0,White,Other,False,False,1.663126188966392
45672,14872,2020.0,Gasoline,Front Wheel Drive,Manual,6.0,131,1332.0,4.0,5.0,5.0,Black,Cloth,True,True,1.0
26926,9888,2022.0,Electric,Front Wheel Drive,Automatic,5.486510227130129,45,1539.94231635872,3.8257612141004707,5.0,5.0,Grey,Full leather,True,False,1.0
50065,10990,2021.0,Gasoline,Front Wheel Drive,Manual,6.0,101,999.0,3.0,5.0,5.0,Grey,Cloth,False,False,1.0
50344,13399,2023.0,LPG,Front Wheel Drive,Manual,5.486510227130129,91,999.0,3.0,5.0,5.0,Green,Cloth,False,False,1.0
69166,11990,2021.0,Gasoline,Front Wheel Drive,Manual,6.0,91,999.0,3.0,5.0,5.0,Grey,Cloth,True,True,1.0
131279,8490,2021.0,Gasoline,Front Wheel Drive,Manual,6.0,91,999.0,3.0,5.0,5.0,Grey,Cloth,True,True,2.0
52688,12500,2022.0,LPG,Front Wheel Drive,Manual,5.0,101,999.0,3.0,5.0,5.0,White,Other,False,False,1.0
83818,7500,2017.0,Gasoline,Front Wheel Drive,Manual,5.0,90,898.0,3.0,5.0,5.0,Blue,Cloth,True,True,1.0
17185,13900,2024.0,Gasoline,Front Wheel Drive,Automatic,5.486510227130129,91,999.0,3.0,5.0,5.0,White,Other,False,False,1.0
44387,13410,2020.0,LPG,Front Wheel Drive,Manual,5.0,101,999.0,3.0,5.0,5.0,Brown,Cloth,False,False,1.0
83047,11300,2022.0,LPG,Front Wheel Drive,Manual,6.0,101,999.0,3.0,5.0,5.0,Black,Other,False,False,1.663126188966392
104038,14500,2020.0,Diesel,4WD,Manual,6.0,116,1461.0,4.0,5.0,5.0,Black,Other,False,False,1.663126188966392
39706,11886,2017.0,Gasoline,4WD,Automatic,5.486510227130129,90,898.0,4.0,5.0,5.0,Blue,Cloth,True,True,1.663126188966392
56243,11500,2022.0,LPG,Front Wheel Drive,Manual,6.0,101,999.0,3.0,5.0,5.0,White,Other,False,False,1.0
72253,11450,2022.0,Gasoline,Front Wheel Drive,Manual,6.0,91,999.0,3.0,5.0,5.0,Grey,Cloth,False,False,1.0
79012,7999,2020.0,Gasoline,Front Wheel Drive,Manual,5.486510227130129,90,898.0,3.0,5.0,5.0,Grey,Cloth,True,False,1.0
102976,8950,2018.0,Gasoline,Front Wheel Drive,Manual,5.0,90,898.0,3.0,5.0,5.0,Grey,Cloth,False,False,1.663126188966392
81065,11990,2019.0,Gasoline,Front Wheel Drive,Manual,6.0,102,1332.0,3.8257612141004707,5.0,5.0,Grey,Cloth,False,True,1.0
31699,11870,2020.0,Gasoline,Front Wheel Drive,Manual,5.0,101,1539.94231635872,3.0,5.0,5.0,Blue,Cloth,True,False,2.0
29555,14400,2024.0,Gasoline,Front Wheel Drive,Automatic,6.0,91,999.0,3.0,5.0,5.0,White,Cloth,False,False,1.663126188966392
20750,13770,2020.0,Gasoline,Front Wheel Drive,Automatic,5.0,90,898.0,3.0,5.0,5.0,Brown,Cloth,False,True,1.0
55853,11350,2022.0,Gasoline,Front Wheel Drive,Manual,5.0,91,999.0,3.0,5.0,5.0,Grey,Cloth,False,False,1.0
78788,8170,2015.0,Diesel,Front Wheel Drive,Manual,5.486510227130129,90,1461.0,3.8257612141004707,5.0,5.0,Blue,Cloth,False,True,1.0
46582,9690,2019.0,Gasoline,Front Wheel Drive,Manual,5.486510227130129,90,898.0,3.8257612141004707,5.0,5.0,Black,Cloth,False,True,2.0
192518,4750,2015.0,Gasoline,Front Wheel Drive,Manual,5.0,90,898.0,3.0,5.0,5.0,Grey,Cloth,True,False,1.663126188966392
43791,14888,2019.0,Gasoline,Front Wheel Drive,Manual,6.0,150,1332.0,3.8257612141004707,5.0,5.0,Black,Full leather,True,False,2.0
68442,13990,2022.0,LPG,Front Wheel Drive,Manual,6.0,101,999.0,3.0,5.0,5.0,Grey,Cloth,False,False,1.663126188966392
73500,9990,2019.0,Gasoline,Front Wheel Drive,Manual,5.0,90,898.0,3.0,5.0,5.0,White,Other,False,False,2.0
51800,11500,2021.0,Gasoline,Front Wheel Drive,Manual,6.0,91,999.0,3.0,5.0,5.0,White,Cloth,False,True,1.0
106509,9950,2017.0,Gasoline,Front Wheel Drive,Automatic,5.0,90,898.0,3.0,5.0,5.0,Black,Full leather,False,False,1.663126188966392
69278,12750,2020.0,Gasoline,Front Wheel Drive,Manual,5.486510227130129,102,1332.0,3.8257612141004707,5.0,5.0,Silver,Cloth,True,False,1.0
48912,8500,2019.0,Gasoline,Front Wheel Drive,Manual,5.0,73,998.0,3.0,5.0,5.0,Grey,Cloth,True,True,2.0
37160,13870,2021.0,Gasoline,Front Wheel Drive,Manual,6.0,91,999.0,3.8257612141004707,5.0,5.0,Brown,Cloth,True,False,2.0
22343,14900,2019.0,Diesel,Front Wheel Drive,Manual,6.0,116,1461.0,4.0,5.0,5.0,Blue,Cloth,False,False,1.663126188966392
78110,5990,2014.0,Gasoline,Front Wheel Drive,Manual,5.0,90,899.0,3.0,5.0,5.0,Blue,Cloth,False,False,1.663126188966392
166994,8450,2017.0,Gasoline,Front Wheel Drive,Manual,5.0,116,1199.0,4.0,5.0,5.0,Blue,Cloth,True,False,1.663126188966392
85000,8950,2017.0,Gasoline,Front Wheel Drive,Automatic,5.0,90,898.0,3.0,5.0,5.0,Blue,Cloth,True,True,1.0
40790,11990,2022.0,Gasoline,Front Wheel Drive,Manual,6.0,91,999.0,3.0,5.0,5.0,White,Cloth,True,False,1.663126188966392
25589,13500,2023.0,LPG,Front Wheel Drive,Manual,5.0,101,999.0,3.0,5.0,5.0,Blue,Other,False,False,1.0
50518,14990,2019.0,Gasoline,Front Wheel Drive,Manual,5.486510227130129,131,1332.0,3.8257612141004707,5.0,5.0,Grey,Cloth,False,True,1.663126188966392
63840,10988,2022.0,LPG,Front Wheel Drive,Manual,6.0,101,999.0,3.0,5.0,5.0,White,Cloth,True,True,1.0
70124,9850,2019.0,LPG,Front Wheel Drive,Manual,5.486510227130129,90,898.0,3.0,5.0,5.0,Grey,Cloth,False,False,1.663126188966392
81574,11990,2018.0,Gasoline,Front Wheel Drive,Manual,5.486510227130129,114,1598.0,3.8257612141004707,5.0,5.0,Brown,Cloth,True,True,1.0
233538,1500,2010.0,Gasoline,Front Wheel Drive,Manual,5.0,87,1598.0,4.0,5.0,5.0,Grey,Cloth,False,False,1.663126188966392
30100,9900,2018.0,Gasoline,Front Wheel Drive,Manual,5.0,73,1539.94231635872,3.0,5.0,5.0,Brown,Cloth,True,True,1.0
96400,12500,2022.0,LPG,Front Wheel Drive,Manual,6.0,101,999.0,3.8257612141004707,5.0,5.0,White,Other,False,False,1.0
50200,13970,2019.0,Gasoline,Front Wheel Drive,Manual,5.0,114,1598.0,4.0,5.0,5.0,Grey,Cloth,False,False,1.663126188966392
120000,6800,2015.0,Diesel,Front Wheel Drive,Manual,5.486510227130129,109,1461.0,4.0,5.0,5.0,Grey,Cloth,False,False,1.663126188966392
81120,14490,2020.0,Gasoline,Front Wheel Drive,Manual,6.0,131,1332.0,4.0,5.0,5.0,Red,Cloth,True,True,2.0
168880,5950,2019.0,Gasoline,Front Wheel Drive,Manual,5.0,90,898.0,3.0,5.0,5.0,White,Cloth,False,False,1.663126188966392
27185,11490,2022.0,Gasoline,Front Wheel Drive,Manual,5.0,67,999.0,3.0,5.0,5.0,Red,Other,False,False,1.0
52762,14550,2020.0,Gasoline,Front Wheel Drive,Manual,5.486510227130129,131,1332.0,3.8257612141004707,5.0,5.0,Grey,Cloth,False,True,1.0
23200,14249,2023.0,Gasoline,Front Wheel Drive,Manual,5.486510227130129,67,999.0,3.8257612141004707,5.0,5.0,Silver,Cloth,False,True,1.0
129000,6200,2015.0,Diesel,Front Wheel Drive,Manual,5.0,90,1461.0,4.0,5.0,5.0,Silver,Cloth,False,False,1.663126188966392
134739,7750,2019.0,Gasoline,Front Wheel Drive,Manual,5.486510227130129,73,1539.94231635872,3.8257612141004707,5.0,5.0,Grey,Cloth,False,True,1.663126188966392
188991,7700,2013.0,Diesel,Front Wheel Drive,Manual,6.0,110,1461.0,4.0,5.0,5.0,Green,Cloth,False,False,1.663126188966392
100,10550,2025.0,LPG,Front Wheel Drive,Manual,6.0,101,999.0,3.0,5.0,5.0,White,Cloth,False,False,1.663126188966392
71962,9250,2018.0,Gasoline,Front Wheel Drive,Manual,5.0,90,898.0,3.0,5.0,5.0,White,Cloth,True,True,1.0
118685,6900,2010.0,Gasoline,Front Wheel Drive,Manual,5.0,105,1598.0,4.0,5.0,5.0,White,Cloth,False,False,1.663126188966392
55700,13470,2020.0,Gasoline,Front Wheel Drive,Manual,5.0,114,1598.0,4.0,5.0,5.0,Orange,Cloth,False,False,1.663126188966392
33260,14900,2023.0,LPG,Front Wheel Drive,Manual,6.0,101,999.0,3.0,5.0,5.0,White,Part leather,False,False,2.0
44424,8700,2019.0,Gasoline,Front Wheel Drive,Manual,5.0,73,999.0,3.0,5.0,5.0,Bronze,Cloth,True,False,1.0
31221,11590,2019.0,Gasoline,Front Wheel Drive,Manual,5.486510227130129,102,1598.0,3.8257612141004707,5.0,5.0,White,Cloth,True,True,1.0
58776,13500,2019.0,Gasoline,Front Wheel Drive,Manual,6.0,131,1332.0,4.0,5.0,5.0,Grey,Cloth,True,False,1.0
67780,12190,2022.0,Gasoline,Front Wheel Drive,Manual,5.486510227130129,91,999.0,3.8257612141004707,5.0,5.0,Grey,Cloth,False,True,1.0
90000,8900,2017.0,LPG,Front Wheel Drive,Manual,5.0,114,1598.0,4.0,5.0,5.0,Silver,Cloth,False,False,1.0
57545,14650,2020.0,Diesel,Front Wheel Drive,Manual,5.486510227130129,95,1461.0,3.8257612141004707,5.0,5.0,White,Cloth,False,False,1.0
56004,11690,2017.0,Gasoline,Front Wheel Drive,Manual,5.486510227130129,116,1197.0,3.8257612141004707,5.0,5.0,Blue,Part leather,False,True,2.0
18478,13900,2024.0,Gasoline,Front Wheel Drive,Automatic,5.486510227130129,91,999.0,3.0,5.0,5.0,White,Other,False,False,1.0
164951,5499,2015.0,Diesel,Front Wheel Drive,Manual,5.0,90,1461.0,4.0,5.0,5.0,Grey,Cloth,True,True,1.0
52812,13900,2023.0,LPG,Front Wheel Drive,Manual,6.0,101,999.0,3.0,5.0,5.0,Blue,Cloth,False,False,1.663126188966392
26661,14590,2021.0,Gasoline,Front Wheel Drive,Manual,5.486510227130129,91,999.0,3.8257612141004707,5.0,5.0,Orange,Cloth,False,True,1.0
33932,14790,2024.0,LPG,Front Wheel Drive,Manual,6.0,91,999.0,3.8257612141004707,5.0,5.0,Black,Cloth,False,True,1.0
16107,12990,2020.0,Diesel,Front Wheel Drive,Manual,5.0,95,1461.0,3.8257612141004707,5.0,5.0,Grey,Cloth,True,True,1.0
174000,11600,2019.0,Diesel,4WD,Manual,6.0,116,1461.0,4.0,5.0,5.0,Orange,Cloth,False,False,1.663126188966392
174731,6300,2020.0,Diesel,4WD,Manual,5.0,95,1461.0,4.0,5.0,5.0,Grey,Cloth,False,False,1.0
89990,12990,2021.0,LPG,Front Wheel Drive,Manual,6.0,101,999.0,3.0,5.0,5.0,Grey,Cloth,True,True,1.0
171000,3950,2013.0,Gasoline,Front Wheel Drive,Manual,5.0,90,899.0,3.0,5.0,5.0,Blue,Cloth,True,False,1.0
47322,9990,2019.0,Gasoline,Front Wheel Drive,Manual,5.486510227130129,73,998.0,3.8257612141004707,5.0,5.0,White,Cloth,True,True,1.663126188966392
68059,11950,2021.0,LPG,Front Wheel Drive,Manual,5.0,101,999.0,3.0,5.0,5.0,White,Cloth,False,False,1.663126188966392
32244,11990,2021.0,Gasoline,Front Wheel Drive,Manual,6.0,101,999.0,3.0,5.0,5.0,Grey,Cloth,False,True,1.0
89000,6900,2017.0,Gasoline,Front Wheel Drive,Manual,5.0,73,999.0,3.0,5.0,5.0,Blue,Cloth,True,True,1.0
214000,3900,2015.0,LPG,Front Wheel Drive,Manual,5.0,75,1149.0,4.0,5.0,5.0,White,Cloth,False,False,1.663126188966392
201785,3100,2012.0,Gasoline,Front Wheel Drive,Manual,5.486510227130129,75,1149.0,4.0,5.0,5.0,Blue,Cloth,False,False,1.663126188966392
125827,7490,2012.0,Gasoline,Front Wheel Drive,Manual,5.0,105,1598.0,4.0,5.0,5.0,White,Cloth,False,False,1.663126188966392
16951,11990,2019.0,Gasoline,Front Wheel Drive,Manual,5.486510227130129,73,998.0,3.8257612141004707,5.0,5.0,Blue,Cloth,True,True,1.663126188966392
83953,10950,2016.0,Gasoline,Front Wheel Drive,Manual,6.0,125,1197.0,4.0,5.0,5.0,Blue,Full leather,True,False,1.663126188966392
112500,11490,2015.0,Diesel,4WD,Manual,6.0,110,1461.0,3.8257612141004707,5.0,5.0,Black,Cloth,False,False,1.663126188966392
175334,6999,2018.0,Gasoline,Front Wheel Drive,Manual,5.0,90,898.0,3.0,5.0,5.0,Grey,Cloth,False,False,1.0
124905,9890,2019.0,Gasoline,Front Wheel Drive,Manual,6.0,131,1332.0,4.0,5.0,5.0,Black,Cloth,False,False,1.0
120540,9713,2015.0,Diesel,Front Wheel Drive,Manual,6.0,110,1461.0,4.0,5.0,5.0,Black,Cloth,False,False,1.663126188966392
110000,11950,2021.0,LPG,Front Wheel Drive,Manual,5.0,101,999.0,3.0,5.0,5.0,Red,Cloth,False,False,1.0
53309,14082,2021.0,Diesel,Front Wheel Drive,Manual,6.0,116,1461.0,4.0,5.0,5.0,Grey,Cloth,False,False,1.663126188966392
63499,7890,2016.0,Gasoline,Front Wheel Drive,Manual,5.486510227130129,75,1149.0,3.8257612141004707,5.0,5.0,Black,Cloth,False,True,1.0
27850,7600,2016.0,Gasoline,Front Wheel Drive,Manual,5.0,73,1149.0,4.0,5.0,5.0,Black,Other,False,False,1.663126188966392
232780,11300,2022.0,LPG,Front Wheel Drive,Manual,6.0,101,999.0,3.0,5.0,5.0,Brown,Cloth,False,False,1.0
164000,4990,2010.0,CNG,Front Wheel Drive,Manual,5.0,105,1598.0,4.0,5.0,5.0,Black,Cloth,False,False,1.663126188966392
114500,7550,2020.0,Gasoline,Front Wheel Drive,Manual,5.0,90,898.0,3.0,5.0,5.0,Grey,Cloth,False,False,1.663126188966392
192000,10990,2022.0,Diesel,4WD,Manual,6.0,116,1461.0,4.0,5.0,5.0,Grey,Cloth,False,False,1.663126188966392
60620,12982,2020.0,Gasoline,Front Wheel Drive,Automatic,5.0,90,898.0,3.0,5.0,5.0,Blue,Cloth,False,True,1.0
131000,12599,2022.0,LPG,Front Wheel Drive,Manual,6.0,101,1539.94231635872,3.0,5.0,5.0,Silver,Cloth,False,False,1.0
63499,7890,2016.0,Gasoline,Front Wheel Drive,Manual,5.486510227130129,75,1149.0,3.8257612141004707,5.0,5.0,Black,Cloth,False,True,1.0
83284,6046,2018.0,Gasoline,Front Wheel Drive,Manual,5.0,75,999.0,3.0,5.0,5.0,White,Full leather,False,False,1.663126188966392
54610,13490,2022.0,LPG,Front Wheel Drive,Manual,6.0,101,999.0,3.0,5.0,5.0,Red,Other,False,False,1.0
174091,8900,2021.0,LPG,Front Wheel Drive,Manual,5.0,101,999.0,3.0,5.0,5.0,White,Cloth,True,False,1.0
19984,13900,2024.0,Gasoline,Front Wheel Drive,Automatic,5.486510227130129,91,999.0,3.0,5.0,5.0,White,Other,False,False,1.0
39000,11900,2023.0,LPG,Front Wheel Drive,Manual,5.0,101,999.0,3.0,5.0,5.0,Blue,Cloth,False,False,1.663126188966392
65700,11497,2020.0,Gasoline,Front Wheel Drive,Automatic,5.0,90,898.0,3.0,5.0,5.0,Blue,Cloth,True,True,1.0
87204,11900,2023.0,LPG,Front Wheel Drive,Manual,6.0,101,999.0,3.0,5.0,5.0,Grey,Cloth,False,False,1.663126188966392
160000,8590,2017.0,Gasoline,Front Wheel Drive,Manual,6.0,125,1199.0,4.0,5.0,5.0,Grey,Cloth,False,False,1.663126188966392
167000,7500,2011.0,Diesel,4WD,Manual,6.0,109,1461.0,3.8257612141004707,5.0,5.0,White,Cloth,True,True,1.0
118369,12490,2018.0,Diesel,Front Wheel Drive,Automatic,6.0,109,1461.0,4.0,5.0,5.0,Grey,Other,False,False,1.663126188966392
262118,1000,2009.0,Gasoline,Front Wheel Drive,Manual,5.0,75,1149.0,4.0,5.0,5.0,Blue,Other,True,False,1.663126188966392
30578,13900,2023.0,Gasoline,Front Wheel Drive,Manual,6.0,91,999.0,3.0,5.0,5.0,Red,Other,False,False,1.663126188966392
89528,12890,2019.0,Diesel,Front Wheel Drive,Manual,6.0,116,1461.0,4.0,5.0,5.0,Black,Cloth,False,True,1.0
23075,14900,2023.0,LPG,Front Wheel Drive,Manual,6.0,101,999.0,3.0,5.0,5.0,Green,Cloth,False,False,1.663126188966392
168000,11900,2020.0,Diesel,Front Wheel Drive,Manual,6.0,116,1461.0,4.0,5.0,5.0,White,Cloth,False,True,1.663126188966392
91000,9750,2019.0,LPG,Front Wheel Drive,Manual,5.0,109,1598.0,4.0,5.0,5.0,Grey,Cloth,True,False,1.663126188966392
53185,8200,2018.0,Gasoline,Front Wheel Drive,Manual,5.0,90,898.0,3.0,5.0,5.0,White,Other,False,False,1.663126188966392
115986,8995,2018.0,Gasoline,Front Wheel Drive,Manual,5.486510227130129,90,898.0,3.0,5.0,5.0,White,Other,False,False,1.663126188966392
76894,6950,2017.0,Gasoline,Front Wheel Drive,Manual,5.0,90,898.0,3.0,5.0,5.0,Blue,Other,True,False,1.663126188966392
110152,14600,2021.0,Diesel,Front Wheel Drive,Manual,6.0,116,1461.0,4.0,5.0,5.0,Grey,Cloth,False,False,1.663126188966392
38290,11490,2018.0,Gasoline,Front Wheel Drive,Automatic,5.0,90,898.0,3.0,5.0,5.0,Red,Cloth,False,True,2.0
13294,14890,2023.0,LPG,Front Wheel Drive,Manual,6.0,101,999.0,3.0,5.0,5.0,Red,Cloth,False,False,1.663126188966392
93909,8450,2015.0,Gasoline,Front Wheel Drive,Manual,6.0,125,1197.0,4.0,5.0,5.0,Grey,Cloth,True,False,1.663126188966392
69000,10000,2015.0,LPG,Front Wheel Drive,Manual,5.486510227130129,105,1598.0,4.0,5.0,5.0,Silver,Cloth,True,True,1.0
61021,11690,2022.0,Gasoline,Front Wheel Drive,Automatic,5.486510227130129,91,999.0,3.0,5.0,5.0,Black,Cloth,False,False,1.0
112000,8400,2010.0,Diesel,Front Wheel Drive,Manual,6.0,110,1461.0,4.0,5.0,5.0,Black,Cloth,False,False,1.663126188966392
33010,13260,2022.0,LPG,Front Wheel Drive,Manual,6.0,101,999.0,3.0,5.0,5.0,Black,Cloth,False,True,1.0
17200,12980,2021.0,Gasoline,Front Wheel Drive,Manual,6.0,91,999.0,3.0,5.0,5.0,Red,Cloth,True,True,2.0
38203,13490,2022.0,LPG,Front Wheel Drive,Manual,6.0,101,999.0,3.0,5.0,5.0,Blue,Other,False,False,1.663126188966392
82000,6990,2018.0,Gasoline,Front Wheel Drive,Manual,5.0,90,1539.94231635872,3.0,5.0,5.0,Grey,Cloth,True,True,1.0
63575,7999,2020.0,Gasoline,Front Wheel Drive,Manual,5.0,73,998.0,3.0,5.0,5.0,White,Cloth,False,False,1.663126188966392
53502,13900,2020.0,Diesel,Front Wheel Drive,Manual,6.0,116,1461.0,4.0,5.0,5.0,White,Cloth,False,False,1.663126188966392
86160,13600,2021.0,LPG,Front Wheel Drive,Manual,6.0,101,999.0,3.0,5.0,5.0,White,Cloth,False,False,1.0
98087,9500,2018.0,Gasoline,4WD,Manual,6.0,114,1598.0,4.0,5.0,5.0,White,Cloth,False,True,1.663126188966392
76900,10000,2020.0,LPG,Front Wheel Drive,Manual,5.0,101,999.0,3.0,5.0,5.0,Grey,Cloth,False,False,1.663126188966392
85726,10190,2021.0,Gasoline,Front Wheel Drive,Manual,6.0,91,999.0,3.0,5.0,5.0,Blue,Cloth,False,False,1.663126188966392
96865,12900,2022.0,Diesel,Front Wheel Drive,Manual,6.0,116,1461.0,4.0,5.0,5.0,White,Part leather,False,False,1.663126188966392
102000,10900,2019.0,LPG,Front Wheel Drive,Manual,5.486510227130129,114,1598.0,4.0,5.0,5.0,Grey,Part leather,False,False,1.663126188966392
100500,10990,2020.0,Gasoline,Front Wheel Drive,Manual,6.0,131,1332.0,4.0,5.0,5.0,Blue,Cloth,True,True,1.0
89000,14500,2022.0,LPG,Front Wheel Drive,Manual,6.0,101,999.0,3.0,5.0,5.0,Red,Cloth,False,False,1.0
112000,9990,2017.0,Diesel,Front Wheel Drive,Manual,5.486510227130129,109,1461.0,4.0,5.0,5.0,Black,Cloth,False,False,1.663126188966392
155664,6750,2017.0,LPG,Front Wheel Drive,Manual,5.0,90,898.0,3.0,5.0,5.0,Grey,Cloth,True,False,1.663126188966392
99000,11500,2021.0,LPG,Front Wheel Drive,Manual,6.0,91,999.0,3.0,5.0,5.0,Silver,Cloth,False,False,1.0
94000,6000,2015.0,LPG,Front Wheel Drive,Manual,5.0,75,1149.0,4.0,5.0,5.0,Blue,Cloth,False,True,1.0
83580,9980,2017.0,Gasoline,Front Wheel Drive,Automatic,5.0,90,898.0,3.0,5.0,5.0,Blue,Cloth,True,True,1.663126188966392
27367,9700,2022.0,Electric,Front Wheel Drive,Automatic,5.486510227130129,45,1539.94231635872,3.8257612141004707,5.0,5.0,White,Cloth,True,False,2.0
31568,13700,2022.0,LPG,Front Wheel Drive,Manual,6.0,101,999.0,3.0,5.0,5.0,Red,Other,False,False,1.663126188966392
67000,10990,2018.0,Diesel,Front Wheel Drive,Manual,6.0,109,1461.0,4.0,5.0,5.0,Grey,Other,False,False,1.0
26182,14490,2023.0,LPG,Front Wheel Drive,Manual,6.0,101,999.0,3.0,5.0,5.0,Orange,Other,False,False,1.663126188966392
10100,14500,2025.0,LPG,Front Wheel Drive,Manual,6.0,91,999.0,3.0,5.0,5.0,White,Cloth,True,False,1.0
82146,10900,2021.0,Diesel,Front Wheel Drive,Manual,5.0,95,1461.0,4.0,5.0,5.0,White,Cloth,False,False,1.663126188966392
10,14990,2025.0,Gasoline,Front Wheel Drive,Manual,5.0,91,999.0,3.0,5.0,5.0,White,Cloth,False,False,1.663126188966392
78500,12900,2023.0,LPG,Front Wheel Drive,Manual,6.0,91,999.0,3.0,5.0,5.0,Grey,Other,False,False,1.663126188966392
43500,12900,2022.0,LPG,Front Wheel Drive,Manual,5.0,91,999.0,3.0,5.0,5.0,Grey,Cloth,False,False,1.663126188966392
88950,12500,2019.0,Gasoline,Front Wheel Drive,Manual,6.0,131,1539.94231635872,4.0,5.0,5.0,Silver,Cloth,True,True,1.0
138175,7250,2017.0,Gasoline,Front Wheel Drive,Manual,5.0,102,1598.0,4.0,5.0,5.0,Grey,Cloth,True,True,2.0
74008,11955,2020.0,Gasoline,Front Wheel Drive,Manual,5.0,102,999.0,3.0,5.0,5.0,Orange,Cloth,False,False,1.663126188966392
208364,1850,2008.0,Gasoline,Front Wheel Drive,Manual,5.0,87,1598.0,4.0,5.0,5.0,Grey,Cloth,False,False,1.663126188966392
56989,14290,2023.0,LPG,Front Wheel Drive,Manual,6.0,101,999.0,3.0,5.0,5.0,Grey,Cloth,False,False,1.663126188966392
77788,13990,2022.0,LPG,Front Wheel Drive,Manual,6.0,101,999.0,3.0,5.0,5.0,Grey,Cloth,False,False,1.663126188966392
99000,8400,2019.0,LPG,Front Wheel Drive,Manual,5.0,90,898.0,3.0,5.0,5.0,Grey,Cloth,False,False,1.0
166570,6500,2017.0,LPG,Front Wheel Drive,Manual,5.0,90,898.0,3.0,5.0,5.0,Brown,Cloth,False,False,1.0
55089,9990,2018.0,LPG,Front Wheel Drive,Manual,5.0,90,898.0,3.0,5.0,5.0,Grey,Cloth,False,False,1.663126188966392
93253,11900,2019.0,Diesel,Front Wheel Drive,Manual,6.0,116,1461.0,4.0,5.0,5.0,Grey,Cloth,False,False,1.663126188966392
88500,12890,2018.0,Diesel,Front Wheel Drive,Manual,6.0,109,1461.0,4.0,5.0,5.0,Orange,Cloth,True,False,1.0
99000,10900,2023.0,LPG,Front Wheel Drive,Manual,5.486510227130129,101,999.0,3.0,5.0,5.0,Red,Cloth,False,False,1.663126188966392
25491,12700,2022.0,Gasoline,Front Wheel Drive,Manual,5.0,67,999.0,3.0,5.0,5.0,Black,Cloth,False,False,1.663126188966392
54305,12500,2020.0,LPG,Front Wheel Drive,Manual,5.0,101,999.0,3.0,5.0,5.0,Grey,Cloth,False,False,1.663126188966392
56930,8899,2016.0,LPG,Front Wheel Drive,Manual,5.486510227130129,90,898.0,3.8257612141004707,5.0,5.0,White,Cloth,False,True,1.0
109000,10300,2020.0,Gasoline,Front Wheel Drive,Manual,5.486510227130129,101,999.0,3.0,5.0,5.0,White,Cloth,True,False,1.0
240000,5900,2010.0,Diesel,Front Wheel Drive,Manual,5.486510227130129,107,1461.0,3.8257612141004707,5.0,5.0,Grey,Cloth,False,False,1.663126188966392
64457,9999,2016.0,Gasoline,Front Wheel Drive,Automatic,5.486510227130129,90,898.0,3.8257612141004707,5.0,5.0,White,Cloth,False,True,1.0
102902,14450,2021.0,LPG,Front Wheel Drive,Manual,6.0,91,999.0,3.0,5.0,5.0,Orange,Cloth,True,False,1.663126188966392
16441,10900,2021.0,Electric,Front Wheel Drive,Automatic,5.486510227130129,45,1539.94231635872,3.8257612141004707,5.0,5.0,Grey,Full leather,False,False,1.0
51762,9167,2016.0,Diesel,Front Wheel Drive,Manual,5.0,90,1461.0,4.0,5.0,5.0,White,Full leather,False,False,1.663126188966392
28074,12500,2022.0,Gasoline,Front Wheel Drive,Manual,6.0,91,999.0,3.0,5.0,5.0,Red,Full leather,False,False,1.663126188966392
86000,13500,2019.0,LPG,Front Wheel Drive,Manual,6.0,114,1598.0,4.0,5.0,5.0,Grey,Cloth,True,True,1.0
92000,9900,2017.0,Diesel,Front Wheel Drive,Manual,6.0,109,1461.0,4.0,5.0,5.0,Blue,Cloth,False,True,1.0
54800,12990,2019.0,LPG,Front Wheel Drive,Manual,5.0,114,1598.0,4.0,5.0,5.0,White,Cloth,False,False,1.663126188966392
63840,13500,2019.0,Gasoline,Front Wheel Drive,Manual,5.0,114,1598.0,4.0,5.0,5.0,Brown,Cloth,False,False,1.663126188966392
150000,11990,2020.0,Diesel,4WD,Manual,6.0,116,1461.0,4.0,5.0,5.0,White,Cloth,True,False,1.663126188966392
53715,14900,2022.0,LPG,Front Wheel Drive,Manual,6.0,91,999.0,3.0,5.0,5.0,Brown,Other,False,False,1.0
120000,7200,2015.0,LPG,Front Wheel Drive,Manual,5.0,101,1598.0,4.0,5.0,5.0,Grey,Cloth,False,False,1.0
67201,13399,2020.0,Diesel,Front Wheel Drive,Manual,5.486510227130129,116,1461.0,3.8257612141004707,5.0,5.0,Black,Cloth,False,True,1.0
182000,7400,2016.0,Diesel,Front Wheel Drive,Manual,6.0,110,1461.0,4.0,5.0,5.0,White,Cloth,False,False,1.663126188966392
42500,14900,2021.0,LPG,Front Wheel Drive,Manual,6.0,91,999.0,3.0,5.0,5.0,Silver,Cloth,False,False,1.0
59978,12900,2022.0,LPG,Front Wheel Drive,Manual,6.0,101,999.0,3.0,5.0,5.0,Red,Other,False,False,1.663126188966392
45384,13950,2022.0,Gasoline,Front Wheel Drive,Manual,5.0,92,999.0,3.0,5.0,5.0,White,Cloth,True,False,1.663126188966392
78000,12790,2021.0,Gasoline,Front Wheel Drive,Manual,6.0,101,999.0,3.8257612141004707,5.0,5.0,Orange,Cloth,True,False,1.0
68000,9790,2018.0,Gasoline,Front Wheel Drive,Manual,5.0,90,898.0,3.0,5.0,5.0,White,Cloth,False,False,1.663126188966392
55000,12390,2022.0,LPG,Front Wheel Drive,Manual,6.0,101,999.0,3.0,5.0,5.0,White,Cloth,True,True,2.0
50000,11399,2021.0,Gasoline,Front Wheel Drive,Manual,5.0,67,999.0,3.0,5.0,5.0,Black,Cloth,False,False,1.663126188966392
135199,14950,2021.0,LPG,Front Wheel Drive,Manual,6.0,92,999.0,3.0,5.0,5.0,Black,Cloth,True,False,2.0
64000,13500,2022.0,LPG,Front Wheel Drive,Manual,6.0,101,999.0,3.0,5.0,5.0,Grey,Cloth,False,False,1.663126188966392
41098,14500,2023.0,LPG,Front Wheel Drive,Manual,6.0,101,999.0,3.0,5.0,5.0,White,Cloth,False,False,1.663126188966392
70374,11990,2018.0,Gasoline,Front Wheel Drive,Manual,5.0,114,1598.0,4.0,5.0,5.0,Blue,Cloth,False,False,1.663126188966392
132046,11590,2017.0,Diesel,Front Wheel Drive,Manual,6.0,110,1461.0,4.0,5.0,5.0,White,Cloth,False,False,1.663126188966392
21513,14890,2023.0,LPG,Front Wheel Drive,Manual,6.0,101,999.0,3.0,5.0,5.0,Red,Cloth,False,False,1.663126188966392
59273,10399,2016.0,Diesel,Front Wheel Drive,Manual,5.486510227130129,109,1461.0,3.8257612141004707,5.0,5.0,White,Cloth,False,True,1.0
98800,10900,2017.0,Diesel,Front Wheel Drive,Manual,5.0,90,1461.0,4.0,5.0,5.0,White,Cloth,False,False,1.663126188966392
283249,1595,2009.0,Gasoline,Front Wheel Drive,Manual,5.486510227130129,75,1149.0,4.0,5.0,5.0,White,Full leather,False,False,1.663126188966392
117584,13000,2021.0,Diesel,Front Wheel Drive,Manual,6.0,116,1461.0,4.0,5.0,5.0,White,Full leather,False,False,1.663126188966392
127000,6900,2017.0,Gasoline,Front Wheel Drive,Manual,5.0,90,898.0,3.0,5.0,5.0,Blue,Cloth,True,False,2.0
68396,12490,2018.0,Gasoline,Front Wheel Drive,Manual,5.0,102,1598.0,4.0,5.0,5.0,Grey,Cloth,True,True,2.0
87000,10400,2018.0,CNG,Front Wheel Drive,Manual,5.0,90,898.0,3.0,5.0,5.0,White,Cloth,False,True,1.0
64457,9999,2016.0,Gasoline,Front Wheel Drive,Automatic,5.486510227130129,90,898.0,3.8257612141004707,5.0,5.0,White,Cloth,False,True,1.0
56930,8899,2016.0,LPG,Front Wheel Drive,Manual,5.486510227130129,90,898.0,3.8257612141004707,5.0,5.0,White,Cloth,False,True,1.0
38547,14790,2019.0,Gasoline,Front Wheel Drive,Manual,5.486510227130129,102,1598.0,3.8257612141004707,5.0,5.0,Blue,Cloth,False,True,2.0
146000,6900,2017.0,LPG,Front Wheel Drive,Manual,5.0,90,898.0,3.0,5.0,5.0,White,Cloth,True,False,1.663126188966392
17664,12900,2020.0,Gasoline,Front Wheel Drive,Manual,5.0,90,898.0,3.0,5.0,5.0,Red,Cloth,True,False,1.663126188966392
91100,10550,2018.0,LPG,Front Wheel Drive,Manual,5.0,114,1598.0,4.0,5.0,5.0,Brown,Cloth,True,False,1.0
59700,10980,2021.0,Gasoline,Front Wheel Drive,Manual,6.0,91,999.0,3.0,5.0,5.0,Grey,Cloth,True,True,1.0
87230,11900,2018.0,Diesel,Front Wheel Drive,Manual,6.0,95,1461.0,4.0,5.0,5.0,Black,Cloth,False,False,1.0
95680,9980,2017.0,Gasoline,Front Wheel Drive,Manual,5.0,116,1197.0,4.0,5.0,5.0,Blue,Cloth,True,True,1.0
31613,14950,2022.0,LPG,Front Wheel Drive,Manual,6.0,101,999.0,3.0,5.0,5.0,Red,Other,True,True,1.0
51233,14500,2023.0,LPG,Front Wheel Drive,Manual,6.0,101,999.0,3.0,5.0,5.0,Blue,Cloth,True,False,1.663126188966392
80661,12990,2022.0,LPG,Front Wheel Drive,Manual,6.0,101,999.0,3.0,5.0,5.0,White,Cloth,False,False,1.663126188966392
53662,9343,2015.0,Gasoline,Front Wheel Drive,Manual,5.0,75,1149.0,4.0,5.0,5.0,White,Cloth,False,False,1.663126188966392
66568,9950,2016.0,Gasoline,Front Wheel Drive,Semi-automatic,5.0,90,898.0,3.0,5.0,5.0,White,Cloth,True,False,1.663126188966392
123000,9900,2020.0,Diesel,Front Wheel Drive,Semi-automatic,5.0,95,1461.0,4.0,5.0,5.0,White,Cloth,False,False,1.663126188966392
72400,14900,2021.0,LPG,Front Wheel Drive,Manual,5.0,101,999.0,3.0,5.0,5.0,Blue,Cloth,False,False,1.663126188966392
122900,5950,2014.0,Gasoline,Front Wheel Drive,Manual,5.0,90,898.0,4.0,5.0,5.0,Brown,Cloth,True,True,2.0
30000,13990,2022.0,Gasoline,Front Wheel Drive,Manual,6.0,90,999.0,3.0,5.0,5.0,White,Cloth,False,False,1.663126188966392
15419,12499,2023.0,Gasoline,Front Wheel Drive,Manual,5.486510227130129,67,999.0,3.8257612141004707,5.0,5.0,Blue,Cloth,False,True,1.0
42206,14490,2022.0,LPG,Front Wheel Drive,Manual,6.0,101,999.0,3.0,5.0,5.0,Grey,Cloth,False,False,1.663126188966392
100994,11699,2018.0,Gasoline,Front Wheel Drive,Manual,5.0,114,1598.0,4.0,5.0,5.0,Brown,Cloth,False,False,1.663126188966392
8289,14699,2023.0,Gasoline,Front Wheel Drive,Manual,5.486510227130129,91,999.0,3.8257612141004707,5.0,5.0,Green,Cloth,False,True,1.0
27751,13987,2021.0,LPG,Front Wheel Drive,Manual,6.0,101,999.0,3.0,5.0,5.0,Black,Cloth,False,True,1.0
55900,12900,2022.0,LPG,Front Wheel Drive,Manual,6.0,101,999.0,3.0,5.0,5.0,Grey,Cloth,False,False,1.663126188966392
190000,6999,2012.0,Gasoline,Front Wheel Drive,Manual,5.0,105,1598.0,4.0,5.0,5.0,White,Cloth,False,False,1.663126188966392
14026,14570,2022.0,Gasoline,Front Wheel Drive,Automatic,5.0,90,898.0,3.0,5.0,5.0,Orange,Cloth,False,False,1.663126188966392
59273,10399,2016.0,Diesel,Front Wheel Drive,Manual,5.486510227130129,109,1461.0,3.8257612141004707,5.0,5.0,White,Cloth,False,True,1.0
128900,7890,2016.0,LPG,Front Wheel Drive,Manual,5.0,90,898.0,3.0,5.0,5.0,White,Cloth,False,True,1.663126188966392
54800,12990,2019.0,LPG,Front Wheel Drive,Manual,5.0,114,1598.0,4.0,5.0,5.0,White,Cloth,False,False,1.663126188966392
138000,11900,2020.0,LPG,Front Wheel Drive,Manual,5.0,114,1598.0,4.0,5.0,5.0,Black,Cloth,False,False,1.663126188966392
166513,8700,2017.0,LPG,Front Wheel Drive,Manual,5.0,114,1598.0,4.0,5.0,5.0,Blue,Cloth,False,True,1.663126188966392
210000,2900,2010.0,Diesel,Front Wheel Drive,Manual,6.0,140,1968.0,4.0,5.0,5.0,White,Cloth,False,False,1.663126188966392
98496,10990,2010.0,Diesel,4WD,Manual,5.486510227130129,141,1968.0,3.8257612141004707,5.0,5.0,Grey,Cloth,False,False,1.663126188966392
165000,5800,2008.0,Diesel,Front Wheel Drive,Manual,6.0,140,1968.0,4.0,5.0,5.0,Violet,Cloth,False,False,1.663126188966392
211239,1750,2007.0,Gasoline,Front Wheel Drive,Automatic,6.0,156,1998.0,4.0,5.0,5.0,Black,Part leather,True,False,1.663126188966392
177900,7300,2009.0,Diesel,4WD,Automatic,5.0,177,1539.94231635872,4.0,5.0,5.0,Black,Cloth,False,False,1.663126188966392
158652,2990,2007.0,Gasoline,Front Wheel Drive,Automatic,6.0,150,1798.0,4.0,5.0,5.0,Black,Cloth,True,True,2.0
164676,1500,2007.0,Gasoline,Front Wheel Drive,Manual,5.486510227130129,150,1798.0,4.0,5.0,5.0,Black,Cloth,False,False,1.663126188966392
88683,4499,2006.0,Diesel,Front Wheel Drive,Manual,6.0,140,1968.0,4.0,5.0,5.0,Silver,Cloth,True,True,1.0
220000,2000,2009.0,Diesel,Front Wheel Drive,Automatic,6.0,140,1968.0,4.0,5.0,5.0,Silver,Full leather,True,True,1.0
265000,2590,2010.0,Diesel,Front Wheel Drive,Manual,6.0,120,1968.0,3.8257612141004707,5.0,5.0,Grey,Cloth,False,False,1.663126188966392
192000,2990,2007.0,Diesel,Front Wheel Drive,Manual,6.0,140,1968.0,4.0,5.0,5.0,Red,Part leather,False,False,1.663126188966392
205000,2750,2009.0,Diesel,Front Wheel Drive,Manual,5.486510227130129,140,1968.0,4.0,5.0,5.0,Grey,Cloth,False,False,1.663126188966392
180000,3299,2010.0,Diesel,Front Wheel Drive,Manual,6.0,140,1968.0,4.0,5.0,5.0,Black,Cloth,False,False,1.663126188966392
203456,1950,2007.0,Gasoline,Front Wheel Drive,Manual,5.0,150,1798.0,4.0,5.0,5.0,Orange,Full leather,True,False,1.663126188966392
154000,4700,2010.0,Diesel,Front Wheel Drive,Automatic,5.486510227130129,140,1968.0,4.0,5.0,5.0,Black,Cloth,False,False,1.663126188966392
166500,2600,2006.0,Gasoline,Front Wheel Drive,Manual,5.486510227130129,150,1798.0,4.0,5.0,5.0,Grey,Full leather,True,False,1.663126188966392
202000,3700,2009.0,Diesel,Front Wheel Drive,Manual,5.486510227130129,140,1968.0,4.0,5.0,5.0,Black,Full leather,False,False,1.663126188966392
248000,1750,2006.0,Gasoline,Front Wheel Drive,Manual,5.486510227130129,150,1798.0,4.0,5.0,5.0,Blue,Cloth,True,False,1.663126188966392
73000,7300,2009.0,Diesel,Front Wheel Drive,Manual,6.0,140,1968.0,4.0,5.0,5.0,Grey,Full leather,False,False,1.663126188966392
254888,2998,2011.0,Gasoline,Front Wheel Drive,Manual,5.0,156,1998.0,4.0,5.0,5.0,Orange,Cloth,False,False,1.663126188966392
166700,4599,2008.0,Diesel,Front Wheel Drive,Manual,6.0,140,1968.0,4.0,5.0,5.0,Red,Cloth,True,False,2.0
245000,3000,2006.0,Diesel,Front Wheel Drive,Manual,5.486510227130129,120,1968.0,4.0,5.0,5.0,Blue,Cloth,False,True,1.0
274000,1200,2010.0,Diesel,Rear Wheel Drive,Manual,6.0,140,1968.0,4.0,5.0,5.0,Black,Full leather,False,False,1.663126188966392
133200,5799,2010.0,Gasoline,Front Wheel Drive,Manual,5.0,156,1998.0,4.0,5.0,5.0,Black,Full leather,True,False,1.663126188966392
229620,2500,2008.0,Diesel,Front Wheel Drive,Manual,6.0,140,1968.0,4.0,5.0,5.0,Black,Full leather,False,False,1.663126188966392
161000,3000,2008.0,Gasoline,Front Wheel Drive,Manual,5.0,150,1796.0,4.0,5.0,5.0,Black,Full leather,False,False,1.663126188966392
126000,6400,2008.0,Diesel,Front Wheel Drive,Manual,6.0,140,1968.0,4.0,5.0,5.0,Black,Full leather,False,True,1.663126188966392
212020,3950,2007.0,Gasoline,Front Wheel Drive,Manual,5.0,150,1798.0,4.0,5.0,5.0,Orange,Cloth,True,False,1.663126188966392
200000,3200,2009.0,Diesel,Front Wheel Drive,Manual,6.0,140,1968.0,4.0,5.0,5.0,Silver,Cloth,False,True,1.663126188966392
137500,4500,2008.0,Diesel,Front Wheel Drive,Manual,6.0,140,1968.0,4.0,5.0,5.0,Silver,Cloth,True,True,1.663126188966392
231801,2999,2009.0,Gasoline,Front Wheel Drive,Manual,5.486510227130129,150,1798.0,4.0,5.0,5.0,Black,Cloth,False,False,1.663126188966392
176000,6499,2010.0,Diesel,Front Wheel Drive,Automatic,6.0,140,1968.0,4.0,5.0,5.0,Silver,Cloth,False,False,1.663126188966392
154000,5290,2010.0,Diesel,Front Wheel Drive,Manual,6.0,120,1968.0,3.8257612141004707,5.0,5.0,Black,Full leather,False,False,1.663126188966392
217000,2700,2008.0,Diesel,Front Wheel Drive,Manual,6.0,140,1968.0,4.0,5.0,5.0,Black,Full leather,False,False,1.663126188966392
199000,2700,2010.0,Diesel,Rear Wheel Drive,Manual,5.486510227130129,140,1968.0,4.0,5.0,5.0,Blue,Full leather,False,False,1.663126188966392
197300,3000,2008.0,Diesel,Front Wheel Drive,Manual,6.0,140,1968.0,4.0,5.0,5.0,White,Part leather,False,True,1.0
173000,6000,2010.0,Diesel,Front Wheel Drive,Manual,6.0,140,1968.0,4.0,5.0,5.0,White,Cloth,False,True,2.0
273000,3650,2009.0,Diesel,Front Wheel Drive,Manual,6.0,140,1968.0,4.0,5.0,5.0,Silver,Cloth,False,False,1.663126188966392
0,14950,2025.0,Gasoline,Front Wheel Drive,Manual,6.0,101,1199.0,3.0,5.0,5.0,Brown,Part leather,False,False,1.663126188966392
114638,2950,2012.0,Gasoline,Front Wheel Drive,Manual,6.0,86,900.0,2.0,5.0,5.0,Black,Cloth,True,False,1.0
70000,9950,2019.0,Gasoline,Front Wheel Drive,Manual,6.0,120,1368.0,4.0,5.0,5.0,White,Cloth,True,False,1.0
83634,5750,2013.0,Gasoline,Front Wheel Drive,Manual,5.486510227130129,140,1368.0,4.0,5.0,5.0,Grey,Cloth,True,False,1.663126188966392
119000,5950,2012.0,Gasoline,Front Wheel Drive,Manual,6.0,95,1368.0,4.0,5.0,5.0,Black,Cloth,False,False,1.663126188966392
72000,5990,2013.0,Gasoline,Front Wheel Drive,Manual,5.0,69,1242.0,4.0,5.0,5.0,Black,Cloth,False,False,1.663126188966392
38501,13900,2017.0,Diesel,Front Wheel Drive,Manual,6.0,120,1598.0,4.0,5.0,5.0,Beige,Other,False,False,1.0
99000,4950,2010.0,Gasoline,Front Wheel Drive,Manual,6.0,90,1368.0,4.0,5.0,5.0,White,Cloth,False,False,1.663126188966392
92850,6900,2014.0,Diesel,Front Wheel Drive,Manual,5.0,75,1248.0,4.0,5.0,5.0,Red,Cloth,True,True,1.0
30000,11900,2022.0,Gasoline,Front Wheel Drive,Manual,6.0,101,999.0,3.0,5.0,5.0,Grey,Cloth,False,False,1.0
47243,8200,2021.0,Electric/Gasoline,Front Wheel Drive,Manual,5.486510227130129,69,1000.0,3.8257612141004707,5.0,5.0,Blue,Cloth,False,True,1.0
171000,7900,2014.0,Diesel,Front Wheel Drive,Manual,6.0,105,1598.0,4.0,5.0,5.0,Red,Cloth,False,False,1.663126188966392
126286,4795,2013.0,Gasoline,Front Wheel Drive,Manual,5.486510227130129,86,875.0,2.0,5.0,5.0,White,alcantara,False,False,1.663126188966392
101561,11490,2022.0,Diesel,Front Wheel Drive,Manual,6.0,131,1598.0,4.0,5.0,5.0,Green,Other,False,False,1.663126188966392
175287,2250,2006.0,Gasoline,Front Wheel Drive,Manual,5.486510227130129,77,1368.0,4.0,5.0,5.0,Blue,Cloth,True,False,1.663126188966392
110000,10900,2021.0,Gasoline,Front Wheel Drive,Manual,6.0,120,999.0,3.0,5.0,5.0,Green,Part leather,True,False,1.0
16352,14990,2024.0,Electric/Gasoline,Front Wheel Drive,Automatic,7.0,131,1468.0,4.0,5.0,5.0,Blue,Cloth,False,False,1.663126188966392
63000,6490,2013.0,Gasoline,Front Wheel Drive,Manual,5.0,69,1242.0,4.0,5.0,5.0,Grey,Cloth,True,False,2.0
81000,11400,2020.0,Gasoline,Front Wheel Drive,Manual,6.0,120,999.0,3.0,5.0,5.0,White,Full leather,False,False,1.663126188966392
49179,10900,2018.0,Diesel,Front Wheel Drive,Manual,5.0,95,1248.0,4.0,5.0,5.0,Blue,Other,False,False,1.663126188966392
40000,12990,2022.0,Diesel,Front Wheel Drive,Manual,5.0,95,1248.0,4.0,5.0,5.0,Grey,Other,False,True,1.663126188966392
48559,10490,2021.0,Gasoline,Front Wheel Drive,Manual,6.0,95,1368.0,3.8257612141004707,5.0,5.0,White,Cloth,True,True,1.0
114667,8900,2019.0,Diesel,Front Wheel Drive,Manual,5.0,95,1248.0,4.0,5.0,5.0,Grey,Cloth,False,False,1.663126188966392
28367,12890,2022.0,Gasoline,Front Wheel Drive,Manual,6.0,95,1368.0,4.0,5.0,5.0,Red,Cloth,False,False,1.663126188966392
258661,1790,2006.0,Gasoline,Front Wheel Drive,Manual,5.0,65,1242.0,4.0,5.0,5.0,Grey,Cloth,True,False,2.0
71000,9900,2017.0,Diesel,Front Wheel Drive,Manual,5.0,95,1248.0,4.0,5.0,5.0,Grey,Part leather,True,False,1.0
114000,6500,2018.0,CNG,Front Wheel Drive,Manual,5.0,77,1368.0,4.0,5.0,5.0,Black,Cloth,True,False,1.663126188966392
178452,6900,2017.0,Diesel,Front Wheel Drive,Manual,5.486510227130129,95,1248.0,4.0,5.0,5.0,Grey,Cloth,False,False,1.663126188966392
217000,7900,2015.0,Diesel,Front Wheel Drive,Manual,6.0,120,1598.0,4.0,5.0,5.0,Silver,Part leather,True,False,1.0
53000,12500,2022.0,Gasoline,Front Wheel Drive,Manual,5.0,101,999.0,3.0,5.0,5.0,Grey,Cloth,True,False,1.0
195000,2900,2006.0,Gasoline,Front Wheel Drive,Manual,5.486510227130129,77,1368.0,4.0,5.0,5.0,Grey,Cloth,False,False,1.663126188966392
99000,10900,2019.0,Gasoline,Front Wheel Drive,Manual,5.486510227130129,120,1368.0,4.0,5.0,5.0,White,Cloth,True,True,1.0
109180,6950,2014.0,Gasoline,Front Wheel Drive,Manual,6.0,105,875.0,2.0,5.0,5.0,Black,Part leather,True,False,1.663126188966392
105808,8900,2017.0,Diesel,Front Wheel Drive,Manual,6.0,120,1598.0,4.0,5.0,5.0,Red,Cloth,False,False,1.663126188966392
61500,11500,2021.0,Diesel,Front Wheel Drive,Manual,6.0,105,1598.0,4.0,5.0,5.0,White,Full leather,True,False,1.0
66000,10900,2019.0,LPG,Front Wheel Drive,Manual,6.0,95,1368.0,4.0,5.0,5.0,Blue,Cloth,True,False,1.0
19000,10990,2023.0,LPG,Front Wheel Drive,Manual,6.0,69,999.0,3.0,5.0,5.0,Black,Cloth,True,True,1.0
139000,10900,2017.0,Diesel,Front Wheel Drive,Manual,6.0,120,1598.0,4.0,5.0,5.0,White,Cloth,False,False,1.0
59734,11900,2021.0,Gasoline,Front Wheel Drive,Manual,6.0,95,1368.0,4.0,5.0,5.0,Grey,Cloth,False,False,1.663126188966392
89000,5950,2015.0,Gasoline,Front Wheel Drive,Manual,5.0,69,1242.0,4.0,5.0,5.0,White,Cloth,False,False,1.663126188966392
33460,9700,2023.0,Electric/Gasoline,Front Wheel Drive,Manual,5.486510227130129,69,999.0,3.0,5.0,5.0,Grey,Part leather,False,False,1.663126188966392
137060,5900,2014.0,Gasoline,Front Wheel Drive,Manual,5.0,69,1242.0,4.0,5.0,5.0,Grey,Cloth,False,True,1.0
152700,9985,2020.0,Diesel,Front Wheel Drive,Automatic,6.0,120,1598.0,4.0,5.0,5.0,Grey,Cloth,True,True,2.0
57541,14990,2021.0,Gasoline,Front Wheel Drive,Manual,6.0,120,999.0,3.0,5.0,5.0,Black,Part leather,False,True,1.0
74000,11900,2019.0,Gasoline,Front Wheel Drive,Manual,5.0,110,1598.0,4.0,5.0,5.0,Blue,Cloth,True,True,1.0
22500,12200,2022.0,Electric/Gasoline,Front Wheel Drive,Manual,6.0,69,999.0,3.0,5.0,5.0,Grey,Part leather,False,True,1.663126188966392
100000,13900,2020.0,Diesel,Front Wheel Drive,Manual,6.0,120,1598.0,4.0,5.0,5.0,White,Part leather,False,False,1.663126188966392
105000,12000,2021.0,Diesel,Front Wheel Drive,Manual,6.0,131,1598.0,4.0,5.0,5.0,White,Cloth,True,False,1.0
68800,11950,2020.0,Gasoline,Front Wheel Drive,Manual,6.0,120,1368.0,4.0,5.0,5.0,White,Cloth,True,True,2.0
50725,12800,2018.0,Gasoline,Front Wheel Drive,Manual,6.0,140,1368.0,4.0,5.0,5.0,White,Cloth,False,False,1.663126188966392
156794,6500,2014.0,Diesel,Front Wheel Drive,Manual,5.0,84,1248.0,4.0,5.0,5.0,Grey,Cloth,False,True,1.0
85000,6700,2013.0,LPG,Front Wheel Drive,Manual,5.0,69,1242.0,4.0,5.0,5.0,Black,Cloth,True,False,1.663126188966392
72100,13500,2022.0,Electric/Gasoline,Front Wheel Drive,Automatic,7.0,131,1469.0,4.0,5.0,5.0,Grey,Cloth,True,True,1.0
39280,13900,2021.0,Gasoline,Front Wheel Drive,Manual,6.0,120,999.0,3.0,5.0,5.0,White,Cloth,False,True,1.0
47907,12490,2022.0,Gasoline,Front Wheel Drive,Manual,5.0,101,999.0,3.0,5.0,5.0,Black,Cloth,False,True,1.0
104633,5500,2018.0,Gasoline,Front Wheel Drive,Manual,5.0,69,1242.0,4.0,5.0,5.0,Blue,Cloth,True,True,1.0
20300,12800,2024.0,Electric/Gasoline,Front Wheel Drive,Manual,6.0,69,999.0,3.0,5.0,5.0,Red,Cloth,False,False,1.0
59900,9900,2017.0,Gasoline,Front Wheel Drive,Manual,6.0,95,1368.0,4.0,5.0,5.0,White,Cloth,False,True,1.663126188966392
120000,4800,2009.0,Gasoline,Front Wheel Drive,Manual,5.0,73,1360.0,4.0,5.0,5.0,Beige,Cloth,False,True,1.663126188966392
17160,10555,2020.0,Gasoline,Front Wheel Drive,Manual,6.0,71,999.0,3.8257612141004707,5.0,5.0,Black,Cloth,False,True,1.0
60000,6950,2018.0,Gasoline,Front Wheel Drive,Manual,5.0,69,1242.0,4.0,5.0,5.0,Grey,Other,False,False,1.663126188966392
151000,5990,2016.0,Diesel,Front Wheel Drive,Manual,5.0,80,1248.0,4.0,5.0,5.0,Grey,Part leather,False,False,1.663126188966392
45787,13900,2022.0,Gasoline,Front Wheel Drive,Manual,6.0,95,1368.0,4.0,5.0,5.0,Green,Cloth,False,False,1.663126188966392
168000,3999,2009.0,Diesel,Front Wheel Drive,Manual,6.0,120,1598.0,4.0,5.0,5.0,Green,Cloth,False,False,1.663126188966392
56320,14500,2019.0,Diesel,Front Wheel Drive,Manual,6.0,120,1598.0,4.0,5.0,5.0,Grey,Cloth,False,False,1.0
143563,8900,2019.0,Diesel,Front Wheel Drive,Manual,6.0,120,1598.0,4.0,5.0,5.0,Silver,Cloth,False,False,1.663126188966392
33753,14800,2023.0,Gasoline,Front Wheel Drive,Manual,5.0,99,999.0,3.0,5.0,5.0,Blue,Cloth,False,False,1.663126188966392
183169,11290,2021.0,Diesel,Front Wheel Drive,Manual,6.0,120,1598.0,4.0,5.0,5.0,White,Cloth,False,False,1.663126188966392
40000,9500,2022.0,Electric/Gasoline,Front Wheel Drive,Manual,6.0,69,999.0,3.0,5.0,5.0,White,Cloth,False,False,1.0
118000,11000,2019.0,Gasoline,Front Wheel Drive,Automatic,6.0,150,1332.0,4.0,5.0,5.0,Black,Part leather,False,True,2.0
163000,12900,2017.0,Diesel,4WD,Manual,5.0,95,1248.0,4.0,5.0,5.0,White,Other,False,False,1.0
87000,11900,2022.0,Gasoline,Front Wheel Drive,Manual,6.0,120,999.0,3.0,5.0,5.0,White,Cloth,True,True,1.0
170000,3999,2010.0,CNG,Front Wheel Drive,Manual,5.486510227130129,69,1368.0,4.0,5.0,5.0,Silver,Cloth,False,False,2.0
92000,9950,2020.0,Gasoline,Front Wheel Drive,Manual,6.0,95,1368.0,4.0,5.0,5.0,White,Cloth,True,True,1.0
187818,3243,2014.0,Gasoline,Front Wheel Drive,Manual,6.0,101,875.0,2.0,5.0,5.0,Black,Cloth,True,False,2.0
203000,4500,2012.0,LPG,Front Wheel Drive,Manual,6.0,90,1368.0,4.0,5.0,5.0,White,Cloth,False,True,1.0
16900,11900,2023.0,Electric/Gasoline,Front Wheel Drive,Manual,6.0,69,999.0,3.0,5.0,5.0,Black,Cloth,False,False,1.663126188966392
156673,8800,2020.0,Diesel,Front Wheel Drive,Manual,5.0,95,1248.0,4.0,5.0,5.0,White,Cloth,False,False,1.663126188966392
5,13480,2025.0,Gasoline,Front Wheel Drive,Manual,5.0,69,999.0,3.8257612141004707,5.0,5.0,Black,Cloth,False,False,1.663126188966392
45865,14990,2021.0,Gasoline,Front Wheel Drive,Automatic,7.0,150,1332.0,4.0,5.0,5.0,White,Part leather,True,True,1.0
235389,3500,2013.0,Gasoline,Front Wheel Drive,Manual,5.486510227130129,77,1360.0,4.0,5.0,5.0,Blue,Cloth,False,False,1.663126188966392
74000,12300,2021.0,Diesel,Front Wheel Drive,Manual,5.0,95,1248.0,4.0,5.0,5.0,Blue,Cloth,True,True,1.0
63225,11800,2021.0,Gasoline,Front Wheel Drive,Manual,6.0,95,1368.0,3.8257612141004707,5.0,5.0,Red,Part leather,False,True,2.0
45535,13888,2021.0,Gasoline,Front Wheel Drive,Automatic,6.0,150,1332.0,4.0,5.0,5.0,Black,Part leather,False,True,1.663126188966392
91590,12800,2015.0,Diesel,Front Wheel Drive,Manual,6.0,120,1598.0,4.0,5.0,5.0,White,Full leather,True,False,1.0
74000,12000,2023.0,Gasoline,Front Wheel Drive,Manual,5.486510227130129,120,999.0,3.0,5.0,5.0,Blue,Part leather,False,False,1.663126188966392
87345,10590,2016.0,Diesel,Front Wheel Drive,Manual,6.0,120,1598.0,4.0,5.0,5.0,White,Cloth,False,False,1.0
209863,4990,2011.0,Diesel,Front Wheel Drive,Manual,5.0,95,1248.0,4.0,5.0,5.0,Black,Cloth,False,False,1.663126188966392
110395,9900,2020.0,Gasoline,Front Wheel Drive,Manual,5.486510227130129,95,1368.0,4.0,5.0,5.0,Blue,Cloth,False,False,1.663126188966392
163882,8900,2018.0,Diesel,Front Wheel Drive,Manual,5.0,95,1248.0,4.0,5.0,5.0,White,Part leather,True,True,2.0
112000,7350,2016.0,LPG,Front Wheel Drive,Manual,5.0,77,1368.0,4.0,5.0,5.0,Silver,Cloth,False,False,1.0
113932,9400,2018.0,Diesel,Front Wheel Drive,Manual,6.0,120,1598.0,4.0,5.0,5.0,White,Cloth,False,False,1.663126188966392
33400,14900,2020.0,Gasoline,Front Wheel Drive,Manual,6.0,120,999.0,3.0,5.0,5.0,Grey,Part leather,False,True,1.0
20300,12800,2024.0,Electric/Gasoline,Front Wheel Drive,Manual,6.0,69,999.0,3.0,5.0,5.0,Red,Cloth,False,False,1.0
123900,9900,2016.0,Diesel,Front Wheel Drive,Manual,5.0,95,1248.0,4.0,5.0,5.0,Grey,Cloth,False,True,2.0
34600,12500,2021.0,Gasoline,Front Wheel Drive,Manual,5.0,101,999.0,3.0,5.0,5.0,Red,Cloth,False,False,1.0
97962,10900,2019.0,Diesel,Front Wheel Drive,Manual,5.486510227130129,120,1539.94231635872,3.8257612141004707,5.0,5.0,Blue,Other,False,False,1.663126188966392
91000,7500,2016.0,CNG,Front Wheel Drive,Manual,6.0,80,875.0,2.0,5.0,5.0,Red,Cloth,False,False,1.663126188966392
97000,4990,2011.0,Gasoline,Front Wheel Drive,Manual,5.0,69,1242.0,4.0,5.0,5.0,White,Cloth,False,False,1.663126188966392
135330,8900,2018.0,Gasoline,Front Wheel Drive,Manual,5.0,77,1368.0,4.0,5.0,5.0,White,Cloth,False,False,1.0
74000,11990,2018.0,Gasoline,Front Wheel Drive,Manual,5.0,120,999.0,3.0,5.0,5.0,Blue,Cloth,True,True,1.0
123000,11400,2019.0,Diesel,Front Wheel Drive,Manual,5.0,95,1248.0,4.0,5.0,5.0,Grey,Part leather,True,True,2.0
123000,7500,2016.0,Diesel,Front Wheel Drive,Manual,6.0,120,1598.0,4.0,5.0,5.0,Black,Cloth,False,False,2.0
25000,14400,2021.0,Diesel,Front Wheel Drive,Manual,5.0,95,1248.0,4.0,5.0,5.0,Grey,Cloth,False,False,1.663126188966392
59000,11900,2019.0,Gasoline,Front Wheel Drive,Manual,5.486510227130129,95,1368.0,4.0,5.0,5.0,Blue,Cloth,False,False,1.663126188966392
114940,12500,2022.0,Diesel,Front Wheel Drive,Manual,6.0,131,1598.0,4.0,5.0,5.0,Grey,Cloth,False,False,1.0
91700,11990,2021.0,Diesel,Front Wheel Drive,Manual,5.0,95,1248.0,4.0,5.0,5.0,Grey,Cloth,False,True,1.0
80075,11880,2023.0,Gasoline,Front Wheel Drive,Manual,5.0,101,999.0,3.0,5.0,5.0,White,Cloth,True,True,1.0
286590,6995,2015.0,Diesel,Front Wheel Drive,Manual,6.0,120,1598.0,4.0,5.0,5.0,White,Cloth,True,True,1.0
140000,7600,2016.0,Diesel,Front Wheel Drive,Manual,5.0,95,1248.0,4.0,5.0,5.0,Grey,Cloth,False,False,1.0
34550,7900,2021.0,Electric/Gasoline,Front Wheel Drive,Manual,6.0,69,999.0,3.0,5.0,5.0,White,Cloth,False,False,1.663126188966392
160000,2900,2010.0,Diesel,Front Wheel Drive,Manual,5.0,120,1598.0,4.0,5.0,5.0,Grey,Cloth,False,False,1.0
52894,9900,2022.0,Electric/Gasoline,Front Wheel Drive,Manual,6.0,69,999.0,3.0,5.0,5.0,Grey,Other,False,False,1.663126188966392
147281,2850,2011.0,Diesel,Front Wheel Drive,Manual,5.0,86,1248.0,4.0,5.0,5.0,Black,Cloth,False,False,1.663126188966392
147073,8490,2019.0,Diesel,Front Wheel Drive,Manual,6.0,120,1598.0,4.0,5.0,5.0,Green,Cloth,False,True,1.663126188966392
51632,12990,2018.0,Gasoline,Front Wheel Drive,Manual,5.486510227130129,140,1368.0,3.8257612141004707,5.0,5.0,Grey,Part leather,False,True,1.663126188966392
88277,9900,2019.0,Diesel,Front Wheel Drive,Manual,5.0,95,1248.0,4.0,5.0,5.0,Silver,Cloth,False,False,1.663126188966392
1,14290,2023.0,Electric/Gasoline,Front Wheel Drive,Manual,6.0,69,999.0,3.0,5.0,5.0,Grey,Other,False,False,1.663126188966392
75000,13900,2019.0,Diesel,Front Wheel Drive,Manual,5.0,95,1248.0,4.0,5.0,5.0,Black,Cloth,True,True,1.0
123100,11900,2018.0,LPG,Front Wheel Drive,Manual,6.0,120,1368.0,4.0,5.0,5.0,Red,Other,False,False,1.0
115000,5399,2014.0,Diesel,Front Wheel Drive,Manual,5.0,75,1248.0,3.8257612141004707,5.0,5.0,White,Cloth,False,False,1.663126188966392
99266,8400,2015.0,Gasoline,Front Wheel Drive,Manual,6.0,95,1368.0,4.0,5.0,5.0,Black,Cloth,False,False,1.0
145660,11900,2015.0,Diesel,4WD,Automatic,7.0,140,1956.0,4.0,5.0,5.0,Grey,Full leather,False,False,1.0
245200,5900,2018.0,LPG,4WD,Manual,5.486510227130129,0,1539.94231635872,3.8257612141004707,5.0,5.0,White,Full leather,False,False,1.663126188966392
11221,14900,2019.0,Gasoline,4WD,Manual,5.486510227130129,86,875.0,3.8257612141004707,5.0,5.0,Yellow,Cloth,False,True,1.0
130000,3900,2008.0,Gasoline,Front Wheel Drive,Manual,5.0,140,1796.0,4.0,5.0,5.0,Silver,Cloth,True,True,1.0
38748,13990,2018.0,Gasoline,Front Wheel Drive,Manual,5.0,110,1598.0,3.8257612141004707,5.0,5.0,Black,Part leather,False,True,2.0
76000,6300,2014.0,Others,Front Wheel Drive,Manual,5.0,77,1368.0,3.8257612141004707,5.0,5.0,Grey,Other,False,False,1.0
85196,12890,2016.0,Gasoline,Front Wheel Drive,Automatic,6.0,140,1368.0,3.8257612141004707,5.0,5.0,Grey,Part leather,True,True,1.663126188966392
167655,7500,2013.0,Diesel,Front Wheel Drive,Manual,5.0,84,1248.0,4.0,5.0,5.0,White,Cloth,True,False,1.0
142580,8900,2018.0,Gasoline,Front Wheel Drive,Manual,5.0,110,1598.0,4.0,5.0,5.0,Blue,Full leather,True,True,1.0
45992,13200,2021.0,Gasoline,Front Wheel Drive,Automatic,6.0,151,1332.0,4.0,5.0,5.0,White,Part leather,True,True,1.0
280000,4500,2008.0,Diesel,Front Wheel Drive,Automatic,5.486510227130129,150,1910.0,4.0,5.0,5.0,Grey,Part leather,False,False,1.663126188966392
146000,8200,2020.0,Diesel,Front Wheel Drive,Manual,5.0,95,1539.94231635872,4.0,5.0,5.0,White,Cloth,True,False,1.0
169000,3900,2014.0,Diesel,Front Wheel Drive,Manual,5.0,75,1248.0,4.0,5.0,5.0,White,Cloth,True,True,1.0
83373,10900,2018.0,Gasoline,Front Wheel Drive,Manual,6.0,95,1368.0,4.0,5.0,5.0,White,Cloth,True,True,1.0
32,13480,2025.0,Gasoline,Front Wheel Drive,Manual,6.0,69,999.0,3.8257612141004707,5.0,5.0,Black,Cloth,False,False,1.0
194000,9900,2007.0,Diesel,Front Wheel Drive,Manual,5.0,84,1248.0,4.0,5.0,5.0,White,Cloth,True,True,1.663126188966392
85000,11900,2021.0,Gasoline,Front Wheel Drive,Manual,5.0,101,999.0,3.0,5.0,5.0,Black,Cloth,True,True,1.0
55000,14790,2020.0,Gasoline,Front Wheel Drive,Automatic,6.0,150,1332.0,4.0,5.0,5.0,Blue,Full leather,True,True,2.0
83600,13900,2021.0,Diesel,Front Wheel Drive,Manual,5.0,95,1248.0,4.0,5.0,5.0,White,Part leather,False,False,1.663126188966392
121000,9290,2019.0,Diesel,Front Wheel Drive,Semi-automatic,6.0,95,1248.0,4.0,5.0,5.0,Silver,Cloth,False,False,1.663126188966392
210000,6490,2007.0,Diesel,4WD,Manual,5.0,69,1248.0,4.0,5.0,5.0,Green,Cloth,False,True,1.0
86000,10990,2019.0,Gasoline,4WD,Manual,6.0,86,875.0,2.0,5.0,5.0,White,Cloth,True,True,1.663126188966392
1,11900,2024.0,Electric/Gasoline,Front Wheel Drive,Manual,6.0,69,999.0,3.0,5.0,5.0,White,Cloth,False,False,1.663126188966392
70000,11900,2021.0,Gasoline,Front Wheel Drive,Manual,5.0,101,999.0,3.0,5.0,5.0,Black,Cloth,False,True,1.0
83000,9900,2017.0,Gasoline,Front Wheel Drive,Manual,5.486510227130129,140,1368.0,4.0,5.0,5.0,Grey,Part leather,True,True,1.0
93528,13400,2018.0,Gasoline,Front Wheel Drive,Manual,6.0,140,1368.0,4.0,5.0,5.0,White,Part leather,True,False,1.663126188966392
131000,8900,2018.0,LPG,Front Wheel Drive,Manual,5.486510227130129,77,1368.0,4.0,5.0,5.0,Silver,Cloth,True,True,1.0
97449,8900,2016.0,Diesel,Front Wheel Drive,Manual,5.0,80,1248.0,4.0,5.0,5.0,Black,Cloth,True,False,1.0
125900,11900,2016.0,Diesel,Front Wheel Drive,Manual,5.486510227130129,140,1956.0,4.0,5.0,5.0,Grey,Cloth,True,True,1.0
67000,12900,2019.0,Gasoline,Front Wheel Drive,Manual,6.0,120,999.0,3.0,5.0,5.0,Blue,Other,True,False,1.663126188966392
120000,5990,2013.0,Gasoline,Front Wheel Drive,Manual,6.0,95,1368.0,4.0,5.0,5.0,Black,Cloth,True,True,2.0
64491,12490,2023.0,Gasoline,Front Wheel Drive,Manual,5.0,99,999.0,3.0,5.0,5.0,White,Cloth,False,True,1.0
76248,8950,2007.0,Diesel,Front Wheel Drive,Manual,5.486510227130129,120,1910.0,4.0,5.0,5.0,Grey,Cloth,True,False,1.663126188966392
44398,13888,2021.0,Gasoline,Front Wheel Drive,Automatic,6.0,150,1332.0,4.0,5.0,5.0,Grey,Cloth,True,False,1.0
68947,12800,2022.0,Gasoline,Front Wheel Drive,Manual,6.0,120,1000.0,3.8257612141004707,5.0,5.0,White,Cloth,False,True,1.663126188966392
68980,9190,2018.0,Gasoline,Front Wheel Drive,Manual,5.0,69,1242.0,4.0,5.0,5.0,White,Cloth,False,True,1.0
122867,6900,2014.0,CNG,Front Wheel Drive,Manual,5.0,69,1368.0,4.0,5.0,5.0,White,Other,False,False,1.0
39874,13144,2021.0,Gasoline,Front Wheel Drive,Automatic,6.0,150,1332.0,4.0,5.0,5.0,White,Cloth,True,True,1.0
208000,4200,2013.0,Diesel,4WD,Manual,5.486510227130129,135,1956.0,4.0,5.0,5.0,White,Part leather,False,False,1.663126188966392
85000,12650,2019.0,Gasoline,Front Wheel Drive,Automatic,5.486510227130129,150,1332.0,4.0,5.0,5.0,Silver,Cloth,True,True,1.663126188966392
80246,9960,2019.0,Gasoline,Front Wheel Drive,Manual,6.0,120,1368.0,4.0,5.0,5.0,Black,Cloth,True,True,2.0
179843,5500,2015.0,Diesel,Front Wheel Drive,Manual,5.0,84,1248.0,4.0,5.0,5.0,Black,Other,False,True,1.0
55000,10900,2023.0,Electric/Gasoline,Front Wheel Drive,Manual,6.0,69,999.0,3.0,5.0,5.0,Grey,Cloth,False,False,1.0
1,13900,2025.0,Electric/Gasoline,Front Wheel Drive,Manual,6.0,69,999.0,3.0,5.0,5.0,White,Cloth,True,True,1.663126188966392
73962,12490,2022.0,Diesel,Front Wheel Drive,Manual,5.0,95,1248.0,4.0,5.0,5.0,Grey,Cloth,False,True,1.0
105600,7900,2016.0,Diesel,Front Wheel Drive,Manual,5.0,80,1248.0,4.0,5.0,5.0,Blue,Cloth,False,False,1.0
26290,11980,2024.0,Electric/Gasoline,Front Wheel Drive,Manual,6.0,69,999.0,3.0,5.0,5.0,Yellow,Cloth,False,False,1.663126188966392
102000,12900,2020.0,Diesel,Front Wheel Drive,Manual,6.0,120,1598.0,4.0,5.0,5.0,White,Cloth,False,False,1.0
166000,7900,2017.0,Gasoline,Front Wheel Drive,Manual,6.0,95,1368.0,4.0,5.0,5.0,Black,Part leather,False,False,1.0
10,14678,2025.0,Electric/Gasoline,Front Wheel Drive,Manual,6.0,69,999.0,3.0,5.0,5.0,Red,Cloth,False,False,1.663126188966392
20980,13500,2021.0,Gasoline,Front Wheel Drive,Manual,6.0,95,1368.0,4.0,5.0,5.0,Grey,Other,False,False,1.0
246318,1995,2009.0,Gasoline,Front Wheel Drive,Manual,5.486510227130129,73,1360.0,4.0,5.0,5.0,Black,Cloth,True,False,1.663126188966392
91000,13900,2020.0,Diesel,Front Wheel Drive,Manual,6.0,120,1598.0,4.0,5.0,5.0,Red,Part leather,True,True,1.0
99000,10599,2020.0,Diesel,Front Wheel Drive,Manual,5.0,95,1248.0,4.0,5.0,5.0,Black,Part leather,True,True,1.0
299000,5290,2019.0,Gasoline,Front Wheel Drive,Manual,6.0,120,1368.0,4.0,5.0,5.0,Black,Part leather,False,False,1.663126188966392
237767,1544,2010.0,Gasoline,Front Wheel Drive,Manual,5.0,67,1242.0,4.0,5.0,5.0,Grey,Cloth,True,False,1.0
48607,13888,2021.0,Gasoline,4WD,Automatic,6.0,150,1332.0,4.0,5.0,5.0,White,Cloth,True,False,1.0
47315,11390,2022.0,Diesel,4WD,Manual,5.486510227130129,95,1248.0,4.0,5.0,5.0,Grey,Cloth,False,False,1.663126188966392
59869,14500,2021.0,Gasoline,Front Wheel Drive,Manual,5.486510227130129,120,999.0,3.0,5.0,5.0,Silver,Cloth,False,False,1.663126188966392
19035,11900,2022.0,Electric/Gasoline,Front Wheel Drive,Manual,6.0,69,999.0,3.0,5.0,5.0,Grey,Cloth,False,True,1.663126188966392
64000,9690,2022.0,Electric/Gasoline,Front Wheel Drive,Manual,6.0,69,999.0,3.0,5.0,5.0,Grey,Cloth,False,False,1.0
124000,7990,2014.0,Gasoline,Front Wheel Drive,Manual,6.0,95,1368.0,4.0,5.0,5.0,White,Part leather,True,False,2.0
91000,5190,2013.0,Gasoline,Front Wheel Drive,Manual,5.0,69,1242.0,4.0,5.0,5.0,White,Part leather,False,False,1.663126188966392
88863,11900,2020.0,Gasoline,Front Wheel Drive,Manual,6.0,120,999.0,3.0,5.0,5.0,Green,Other,False,False,1.0
93893,13090,2020.0,Diesel,Front Wheel Drive,Manual,5.486510227130129,101,1598.0,3.8257612141004707,5.0,5.0,Grey,Cloth,False,True,1.663126188966392
24054,12990,2024.0,Electric/Gasoline,Front Wheel Drive,Manual,6.0,69,999.0,3.0,5.0,5.0,White,Cloth,False,True,1.0
227000,3499,2011.0,Diesel,4WD,Manual,6.0,135,1956.0,4.0,5.0,5.0,Grey,Cloth,False,False,1.0
114000,8100,2015.0,CNG,Front Wheel Drive,Manual,6.0,84,875.0,2.0,5.0,5.0,Silver,Velour,False,False,2.0
10,10990,2025.0,Electric/Gasoline,Front Wheel Drive,Manual,6.0,69,999.0,3.0,5.0,5.0,Yellow,Cloth,False,False,1.0
89000,10690,2015.0,Gasoline,Front Wheel Drive,Manual,5.486510227130129,95,1368.0,4.0,5.0,5.0,White,Cloth,True,False,1.0
98381,11900,2020.0,Diesel,Front Wheel Drive,Manual,6.0,120,1598.0,4.0,5.0,5.0,Bronze,Cloth,False,False,1.663126188966392
50918,14090,2017.0,Diesel,Front Wheel Drive,Manual,5.486510227130129,95,1598.0,3.8257612141004707,5.0,5.0,Yellow,Cloth,False,True,2.0
64000,12990,2021.0,Gasoline,Front Wheel Drive,Manual,5.486510227130129,101,999.0,3.0,5.0,5.0,White,Other,False,False,1.663126188966392
119000,11700,2017.0,Diesel,Front Wheel Drive,Manual,6.0,120,1598.0,4.0,5.0,5.0,White,Part leather,False,False,2.0
182362,5000,2014.0,Diesel,Front Wheel Drive,Manual,5.0,84,1248.0,4.0,5.0,5.0,Grey,Cloth,False,False,1.663126188966392
119193,5700,2011.0,Diesel,Front Wheel Drive,Manual,5.0,95,1248.0,4.0,5.0,5.0,Blue,Cloth,True,True,1.0
101000,11900,2016.0,Diesel,4WD,Manual,6.0,140,1956.0,4.0,5.0,5.0,White,Part leather,True,True,1.0
224000,7100,2015.0,Diesel,Front Wheel Drive,Automatic,6.0,140,1998.0,4.0,5.0,5.0,Beige,Part leather,True,True,1.0
110000,7890,2017.0,Diesel,Front Wheel Drive,Manual,5.0,95,1248.0,4.0,5.0,5.0,Black,Cloth,False,False,2.0
85000,10900,2019.0,LPG,Front Wheel Drive,Manual,5.0,95,1248.0,4.0,5.0,5.0,Black,Part leather,False,True,1.0
68000,12900,2023.0,Gasoline,Front Wheel Drive,Manual,6.0,120,999.0,3.0,5.0,5.0,Blue,Part leather,True,False,1.0
169000,12990,2017.0,Diesel,Front Wheel Drive,Manual,6.0,120,1598.0,4.0,5.0,5.0,Brown,Part leather,False,False,1.0
206673,7999,2015.0,Diesel,Front Wheel Drive,Manual,6.0,120,1598.0,4.0,5.0,5.0,White,Cloth,True,False,1.0
227992,2700,2005.0,Diesel,Front Wheel Drive,Manual,5.486510227130129,69,1248.0,4.0,5.0,5.0,White,Part leather,False,False,1.663126188966392
220000,4500,2012.0,Diesel,Front Wheel Drive,Manual,5.0,84,1248.0,4.0,5.0,5.0,Grey,Part leather,False,False,1.663126188966392
121000,4990,2012.0,LPG,Front Wheel Drive,Manual,5.0,77,1368.0,4.0,5.0,5.0,White,alcantara,False,False,1.663126188966392
93517,14700,2022.0,Electric/Gasoline,Front Wheel Drive,Automatic,7.0,131,1468.0,4.0,5.0,5.0,Red,Other,False,False,1.663126188966392
60000,9500,2018.0,Diesel,Front Wheel Drive,Manual,5.0,95,1248.0,4.0,5.0,5.0,Blue,Cloth,True,True,1.0
59000,10450,2021.0,Electric/Gasoline,Front Wheel Drive,Manual,5.486510227130129,69,999.0,3.0,5.0,5.0,Orange,Cloth,False,True,1.0
151000,10900,2016.0,Diesel,Front Wheel Drive,Manual,5.0,95,1248.0,4.0,5.0,5.0,Grey,Cloth,False,True,1.0
1,12900,2025.0,Electric/Gasoline,Front Wheel Drive,Manual,6.0,69,999.0,3.0,5.0,5.0,Black,Cloth,False,False,1.663126188966392
190025,4700,2015.0,LPG,Front Wheel Drive,Manual,5.0,77,1368.0,4.0,5.0,5.0,White,Cloth,False,True,1.0
109242,9990,2017.0,Diesel,Front Wheel Drive,Automatic,6.0,120,1598.0,4.0,5.0,5.0,Grey,Cloth,False,False,1.0
76450,10990,2020.0,Diesel,Front Wheel Drive,Manual,6.0,95,1248.0,4.0,5.0,5.0,Silver,Cloth,False,False,1.663126188966392
67900,11990,2019.0,Gasoline,Front Wheel Drive,Manual,5.0,110,1598.0,4.0,5.0,5.0,Grey,Cloth,False,False,2.0
88000,11000,2019.0,Gasoline,Front Wheel Drive,Manual,5.0,110,1598.0,4.0,5.0,5.0,Red,Part leather,True,False,1.0
87500,8900,2016.0,Diesel,Front Wheel Drive,Semi-automatic,5.0,95,1248.0,4.0,5.0,5.0,White,Cloth,False,True,1.663126188966392
120000,9500,2016.0,Diesel,Front Wheel Drive,Manual,5.0,95,1248.0,4.0,5.0,5.0,White,Cloth,False,True,1.0
107906,3500,2013.0,Diesel,Front Wheel Drive,Manual,5.486510227130129,84,1248.0,4.0,5.0,5.0,Grey,Other,False,False,1.663126188966392
128532,7000,2014.0,Diesel,Front Wheel Drive,Manual,5.0,84,1248.0,4.0,5.0,5.0,White,Other,False,False,1.663126188966392
43124,7900,2016.0,Gasoline,Front Wheel Drive,Manual,5.0,69,1242.0,4.0,5.0,5.0,White,Cloth,False,False,1.663126188966392
136123,14200,2019.0,Diesel,Front Wheel Drive,Manual,6.0,120,1598.0,4.0,5.0,5.0,Blue,Cloth,True,False,1.0
68000,12999,2019.0,Diesel,Front Wheel Drive,Manual,5.0,95,1248.0,4.0,5.0,5.0,White,Cloth,True,True,1.663126188966392
36000,14190,2022.0,Gasoline,Front Wheel Drive,Manual,5.486510227130129,120,999.0,3.0,5.0,5.0,Grey,Part leather,True,True,1.0
51510,7499,2016.0,Gasoline,Front Wheel Drive,Manual,5.0,69,1242.0,4.0,5.0,5.0,Red,Cloth,True,False,1.0
109000,6990,2020.0,Electric/Gasoline,Front Wheel Drive,Manual,6.0,69,999.0,3.0,5.0,5.0,Grey,Cloth,True,False,1.0
73904,12450,2018.0,Diesel,Front Wheel Drive,Automatic,5.486510227130129,120,1598.0,4.0,5.0,5.0,Grey,Full leather,True,False,1.0
184965,9550,2016.0,Diesel,4WD,Manual,5.0,95,1248.0,4.0,5.0,5.0,Green,Full leather,False,False,1.663126188966392
98764,5950,2016.0,Gasoline,4WD,Manual,6.0,99,875.0,2.0,5.0,5.0,Grey,Full leather,False,False,1.663126188966392
135000,10800,2022.0,Diesel,Front Wheel Drive,Manual,6.0,131,1598.0,4.0,5.0,5.0,Blue,Cloth,True,True,1.0
208960,750,2004.0,Gasoline,Front Wheel Drive,Manual,5.0,80,1388.0,4.0,5.0,5.0,Blue,Cloth,False,False,2.0
115169,7000,2017.0,Gasoline,Front Wheel Drive,Manual,5.0,82,1241.0,4.0,5.0,5.0,Grey,Cloth,False,False,1.663126188966392
46725,10900,2019.0,Gasoline,Front Wheel Drive,Manual,6.0,101,998.0,3.0,5.0,5.0,Grey,Cloth,False,False,1.0
40394,6999,2016.0,Gasoline,Front Wheel Drive,Manual,5.0,80,998.0,3.0,5.0,5.0,Silver,Cloth,True,True,1.0
160200,4980,2013.0,Gasoline,Front Wheel Drive,Manual,5.0,101,1539.94231635872,3.0,5.0,5.0,White,Cloth,True,True,2.0
129000,6490,2014.0,Diesel,Front Wheel Drive,Manual,6.0,136,1997.0,4.0,5.0,5.0,Blue,Full leather,False,False,1.0
76923,5249,2006.0,Gasoline,Front Wheel Drive,Automatic,5.486510227130129,101,1596.0,4.0,5.0,5.0,Red,Cloth,True,False,2.0
124143,6943,2015.0,Gasoline,Front Wheel Drive,Manual,6.0,125,999.0,3.0,5.0,5.0,Grey,Cloth,False,False,1.0
139215,7443,2016.0,Gasoline,Front Wheel Drive,Manual,6.0,125,999.0,3.0,5.0,5.0,Grey,Cloth,True,False,1.0
222000,4500,2010.0,Diesel,Front Wheel Drive,Manual,6.0,136,1997.0,4.0,5.0,5.0,White,Part leather,False,False,1.663126188966392
140523,4943,2013.0,Gasoline,Front Wheel Drive,Manual,6.0,125,998.0,3.0,5.0,5.0,Grey,Cloth,False,False,1.0
79058,11500,2015.0,Gasoline,Front Wheel Drive,Automatic,5.486510227130129,182,1498.0,4.0,5.0,5.0,Black,Part leather,True,True,1.663126188966392
151026,6743,2015.0,Gasoline,Front Wheel Drive,Manual,6.0,125,999.0,3.0,5.0,5.0,Red,Cloth,True,False,1.0
115000,7988,2017.0,Gasoline,Front Wheel Drive,Manual,6.0,125,998.0,3.0,5.0,5.0,Black,Cloth,True,False,1.0
160000,7290,2018.0,Gasoline,Front Wheel Drive,Manual,6.0,125,998.0,3.0,5.0,5.0,Grey,Cloth,False,True,1.0
111472,6499,2015.0,Gasoline,Front Wheel Drive,Manual,5.0,125,999.0,3.0,5.0,5.0,White,Cloth,False,False,1.663126188966392
230000,4500,2011.0,Diesel,Front Wheel Drive,Manual,6.0,116,1560.0,4.0,5.0,5.0,White,Cloth,True,True,1.663126188966392
32717,11900,2021.0,Gasoline,Front Wheel Drive,Manual,6.0,125,998.0,3.0,5.0,5.0,Grey,Part leather,False,False,1.663126188966392
114301,6243,2014.0,Gasoline,Front Wheel Drive,Manual,6.0,125,998.0,3.0,5.0,5.0,Grey,Cloth,False,False,2.0
67555,8450,2013.0,Diesel,Front Wheel Drive,Manual,6.0,116,1560.0,4.0,5.0,5.0,Black,Full leather,True,True,1.0
35488,14990,2021.0,Gasoline,Front Wheel Drive,Manual,6.0,125,999.0,3.0,5.0,5.0,Grey,Cloth,False,False,1.663126188966392
179911,4349,2014.0,Gasoline,Front Wheel Drive,Manual,5.0,65,998.0,3.0,5.0,5.0,White,Cloth,True,False,1.0
110300,3200,2005.0,Gasoline,Front Wheel Drive,Automatic,5.0,80,1388.0,4.0,5.0,5.0,Blue,Cloth,False,False,1.663126188966392
192003,1990,2013.0,Gasoline,Front Wheel Drive,Manual,6.0,125,998.0,3.0,5.0,5.0,White,Cloth,False,True,1.0
175309,3750,2010.0,Gasoline,Front Wheel Drive,Manual,5.0,101,1596.0,4.0,5.0,5.0,Blue,Cloth,False,False,1.663126188966392
139000,5950,2016.0,Gasoline,Front Wheel Drive,Manual,5.0,101,998.0,3.0,5.0,5.0,Black,Cloth,False,True,1.0
120000,6999,2016.0,Gasoline,Front Wheel Drive,Manual,5.0,101,1539.94231635872,3.0,5.0,5.0,Black,Cloth,True,True,1.0
80193,11900,2017.0,Diesel,Front Wheel Drive,Manual,6.0,120,1499.0,4.0,5.0,5.0,Blue,Cloth,False,False,1.663126188966392
37000,8490,2016.0,Gasoline,Front Wheel Drive,Manual,4.0,101,999.0,3.0,5.0,5.0,Beige,Cloth,True,True,1.0
240118,3450,2015.0,Gasoline,Front Wheel Drive,Manual,5.0,65,998.0,3.0,5.0,5.0,Blue,Cloth,False,False,1.663126188966392
111845,9450,2019.0,Gasoline,Front Wheel Drive,Manual,5.0,101,998.0,3.0,5.0,5.0,White,Cloth,True,True,1.0
128000,6402,2013.0,Diesel,4WD,Automatic,5.486510227130129,163,1997.0,4.0,5.0,5.0,Silver,Full leather,False,True,1.663126188966392
119004,9800,2018.0,Diesel,Front Wheel Drive,Manual,6.0,86,1499.0,4.0,5.0,5.0,Black,Cloth,False,False,2.0
53552,9950,2017.0,Gasoline,Front Wheel Drive,Manual,5.486510227130129,125,998.0,3.8257612141004707,5.0,5.0,Silver,Full leather,True,True,1.0
299738,1950,2013.0,Diesel,Front Wheel Drive,Manual,5.486510227130129,105,1560.0,4.0,5.0,5.0,Black,Full leather,False,False,1.663126188966392
147000,7900,2014.0,Diesel,4WD,Automatic,6.0,150,1997.0,4.0,5.0,5.0,Black,Other,False,False,1.663126188966392
34100,14490,2021.0,Gasoline,Front Wheel Drive,Manual,6.0,125,999.0,3.0,5.0,5.0,White,Cloth,True,True,1.0
247000,4800,2015.0,Diesel,Front Wheel Drive,Manual,5.0,150,1997.0,4.0,5.0,5.0,Grey,Part leather,False,False,1.0
191000,7490,2018.0,LPG,Front Wheel Drive,Manual,5.0,120,1596.0,4.0,5.0,5.0,Black,Cloth,True,False,1.0
74681,10544,2022.0,Gasoline,Front Wheel Drive,Manual,6.0,125,998.0,3.0,5.0,5.0,Grey,Full leather,False,True,1.663126188966392
45000,13990,2018.0,Gasoline,Front Wheel Drive,Manual,6.0,160,1539.94231635872,3.8257612141004707,5.0,5.0,Grey,Cloth,False,True,1.0
43169,12990,2021.0,Gasoline,Front Wheel Drive,Manual,5.486510227130129,101,998.0,3.0,5.0,5.0,White,Cloth,False,False,1.663126188966392
169137,9990,2018.0,Diesel,Front Wheel Drive,Manual,6.0,120,1997.0,4.0,5.0,5.0,Grey,Cloth,True,True,1.0
102093,13490,2019.0,Gasoline,Front Wheel Drive,Manual,5.486510227130129,165,1498.0,4.0,5.0,5.0,Grey,Cloth,False,False,1.663126188966392
40000,12990,2018.0,Gasoline,Front Wheel Drive,Manual,6.0,140,1539.94231635872,3.0,5.0,5.0,Blue,Cloth,True,True,1.0
174398,2850,2007.0,Gasoline,Front Wheel Drive,Manual,5.486510227130129,101,1596.0,4.0,5.0,5.0,Grey,Cloth,True,False,1.663126188966392
162036,6900,2015.0,Gasoline,Front Wheel Drive,Manual,5.486510227130129,125,999.0,3.0,5.0,5.0,Grey,Cloth,True,False,2.0
105208,12895,2018.0,Gasoline,Front Wheel Drive,Manual,6.0,126,999.0,3.0,5.0,5.0,Grey,Cloth,False,False,2.0
97600,14950,2016.0,Diesel,Front Wheel Drive,Automatic,5.486510227130129,120,1499.0,4.0,5.0,5.0,Gold,Cloth,True,True,1.0
16351,11800,2020.0,Diesel,Front Wheel Drive,Manual,5.486510227130129,86,1500.0,3.8257612141004707,5.0,5.0,White,Cloth,False,True,1.0
185000,8490,2018.0,Diesel,Front Wheel Drive,Manual,6.0,120,1499.0,4.0,5.0,5.0,White,Cloth,True,False,1.663126188966392
84634,13711,2020.0,Diesel,Front Wheel Drive,Manual,6.0,101,1499.0,4.0,5.0,5.0,White,Cloth,False,True,1.0
110000,10900,2021.0,Electric/Gasoline,Front Wheel Drive,Manual,5.486510227130129,125,998.0,3.0,5.0,5.0,Grey,Cloth,True,True,1.0
91378,13790,2022.0,Electric/Gasoline,Front Wheel Drive,Manual,6.0,125,999.0,3.0,5.0,5.0,Grey,Cloth,True,True,1.0
48450,12990,2016.0,Gasoline,Front Wheel Drive,Manual,6.0,120,1498.0,4.0,5.0,5.0,White,Cloth,True,True,2.0
98770,7400,2015.0,Diesel,Front Wheel Drive,Manual,5.0,75,1498.0,4.0,5.0,5.0,Red,Cloth,False,False,1.0
152638,9950,2018.0,Gasoline,Front Wheel Drive,Manual,6.0,126,998.0,3.0,5.0,5.0,Blue,Part leather,True,False,2.0
129579,12900,2019.0,Diesel,Front Wheel Drive,Automatic,6.0,150,1997.0,4.0,5.0,5.0,Black,Other,False,False,1.663126188966392
184401,2499,2006.0,Gasoline,Front Wheel Drive,Manual,5.486510227130129,110,1798.0,4.0,5.0,5.0,Grey,Cloth,True,False,2.0
184000,2980,2008.0,Diesel,Front Wheel Drive,Manual,5.0,109,1560.0,4.0,5.0,5.0,Silver,Other,False,False,2.0
115000,12900,2018.0,Gasoline,4WD,Automatic,6.0,175,1498.0,4.0,5.0,5.0,Grey,Part leather,True,True,2.0
81000,14950,2020.0,Gasoline,4WD,Automatic,5.486510227130129,125,998.0,3.0,5.0,5.0,Grey,Cloth,True,True,1.0
244672,3950,2011.0,Gasoline,Front Wheel Drive,Manual,5.486510227130129,150,1596.0,4.0,5.0,5.0,Brown,Part leather,False,False,1.663126188966392
155000,7900,2015.0,Diesel,Front Wheel Drive,Manual,5.0,95,1499.0,4.0,5.0,5.0,White,Cloth,True,False,1.0
139000,10500,2020.0,Diesel,Front Wheel Drive,Manual,6.0,120,1500.0,4.0,5.0,5.0,Silver,Cloth,True,False,1.0
35246,9900,2019.0,Gasoline,Front Wheel Drive,Manual,5.0,86,1197.0,3.0,5.0,5.0,Grey,Cloth,False,False,1.663126188966392
276391,1950,2009.0,Gasoline,Front Wheel Drive,Manual,5.0,101,1596.0,4.0,5.0,5.0,Grey,Cloth,True,False,1.663126188966392
97705,8990,2018.0,Gasoline,Front Wheel Drive,Manual,6.0,99,998.0,3.0,5.0,5.0,White,Part leather,False,False,1.0
38442,14990,2021.0,Gasoline,Front Wheel Drive,Manual,5.486510227130129,125,999.0,3.0,5.0,5.0,White,Cloth,True,True,1.0
119491,8550,2017.0,Gasoline,Front Wheel Drive,Manual,5.486510227130129,150,1498.0,3.8257612141004707,5.0,5.0,Grey,Cloth,False,True,1.663126188966392
127500,11950,2016.0,Gasoline,Front Wheel Drive,Manual,6.0,160,1498.0,4.0,5.0,5.0,Grey,Cloth,True,True,2.0
235473,2900,2010.0,Diesel,Front Wheel Drive,Manual,5.0,90,1560.0,4.0,5.0,5.0,Grey,Cloth,True,True,1.0
106800,13599,2021.0,Diesel,Front Wheel Drive,Manual,6.0,120,1499.0,4.0,5.0,5.0,Grey,Other,True,True,1.0
61813,13990,2020.0,Diesel,Front Wheel Drive,Manual,6.0,101,1499.0,4.0,5.0,5.0,White,Cloth,True,True,1.0
38456,13285,2020.0,Gasoline,Front Wheel Drive,Manual,6.0,125,999.0,3.0,5.0,5.0,Red,Cloth,False,True,1.0
76250,11900,2018.0,Diesel,Front Wheel Drive,Manual,6.0,86,1499.0,4.0,5.0,5.0,Black,Cloth,False,False,2.0
91855,13500,2019.0,Gasoline,Front Wheel Drive,Automatic,6.0,125,998.0,3.0,5.0,5.0,Blue,Part leather,False,False,1.0
77631,7400,2016.0,Gasoline,Front Wheel Drive,Manual,5.0,101,998.0,3.0,5.0,5.0,Grey,Cloth,False,False,1.663126188966392
148326,6992,2015.0,Gasoline,Front Wheel Drive,Manual,5.0,125,998.0,3.0,5.0,5.0,White,Cloth,False,True,1.0
173555,4690,2014.0,LPG,Front Wheel Drive,Manual,5.0,117,1596.0,4.0,5.0,5.0,Silver,Cloth,False,True,2.0
125000,6999,2014.0,Diesel,Front Wheel Drive,Manual,6.0,95,1560.0,4.0,5.0,5.0,Silver,Cloth,True,True,1.663126188966392
56854,13970,2019.0,Gasoline,Front Wheel Drive,Manual,6.0,120,1498.0,4.0,5.0,5.0,Blue,Cloth,True,True,2.0
107008,14792,2018.0,Gasoline,Front Wheel Drive,Manual,6.0,160,1498.0,4.0,5.0,5.0,Grey,Cloth,True,True,1.0
116864,10799,2018.0,Gasoline,Front Wheel Drive,Manual,5.486510227130129,150,1498.0,3.8257612141004707,5.0,5.0,Grey,Cloth,False,True,1.0
38000,13900,2021.0,Electric/Gasoline,Front Wheel Drive,Manual,6.0,125,998.0,3.0,5.0,5.0,Silver,Cloth,False,False,1.0
100000,11499,2021.0,Gasoline,Front Wheel Drive,Manual,6.0,101,998.0,3.0,5.0,5.0,Grey,Cloth,True,True,1.0
100000,14380,2018.0,Diesel,Front Wheel Drive,Manual,6.0,185,1997.0,4.0,5.0,5.0,Blue,Cloth,True,False,1.663126188966392
80200,8975,2016.0,Gasoline,Front Wheel Drive,Manual,5.0,125,998.0,3.0,5.0,5.0,White,Cloth,True,True,1.0
83000,13480,2017.0,Gasoline,Front Wheel Drive,Manual,6.0,150,1498.0,4.0,5.0,5.0,Grey,Cloth,False,False,2.0
59845,10950,2019.0,Gasoline,Front Wheel Drive,Manual,6.0,101,998.0,3.0,5.0,5.0,White,Cloth,True,True,1.0
99850,12950,2023.0,Gasoline,Front Wheel Drive,Manual,6.0,125,999.0,3.0,5.0,5.0,Silver,Cloth,True,True,1.0
182000,3900,2011.0,LPG,Front Wheel Drive,Manual,5.0,92,1388.0,4.0,5.0,5.0,Violet,Cloth,False,False,1.0
108884,14950,2019.0,Gasoline,Front Wheel Drive,Manual,5.486510227130129,125,999.0,3.0,5.0,5.0,Grey,Full leather,True,False,1.663126188966392
116461,8745,2015.0,Gasoline,Front Wheel Drive,Manual,5.486510227130129,150,1498.0,4.0,5.0,5.0,Grey,Cloth,True,False,1.663126188966392
72500,13690,2022.0,Gasoline,Front Wheel Drive,Manual,6.0,125,999.0,3.0,5.0,5.0,Grey,Cloth,False,False,1.0
159000,3700,2009.0,Diesel,Front Wheel Drive,Manual,5.0,90,1560.0,4.0,5.0,5.0,Grey,Cloth,False,False,1.663126188966392
111000,11900,2016.0,Diesel,4WD,Automatic,6.0,150,1997.0,4.0,5.0,5.0,Black,Cloth,True,False,1.0
58120,11400,2018.0,Gasoline,Front Wheel Drive,Manual,6.0,125,998.0,3.0,5.0,5.0,Silver,Cloth,False,False,1.0
114490,12490,2017.0,Gasoline,Front Wheel Drive,Manual,6.0,150,1539.94231635872,4.0,5.0,5.0,Grey,Part leather,True,True,1.0
75000,6950,2009.0,Gasoline,Front Wheel Drive,Automatic,5.486510227130129,97,1388.0,4.0,5.0,5.0,Grey,Cloth,False,True,1.663126188966392
85000,9900,2018.0,Gasoline,Front Wheel Drive,Manual,6.0,99,998.0,3.0,5.0,5.0,Grey,Cloth,True,False,1.0
119776,12500,2020.0,Gasoline,Front Wheel Drive,Manual,6.0,125,999.0,3.0,5.0,5.0,Grey,Cloth,True,False,1.0
171227,5880,2018.0,Gasoline,Front Wheel Drive,Manual,6.0,150,1498.0,4.0,5.0,5.0,Grey,Cloth,True,False,1.663126188966392
94552,10490,2018.0,Gasoline,Front Wheel Drive,Manual,6.0,101,998.0,3.0,5.0,5.0,Grey,Other,True,False,1.0
148976,12140,2016.0,Diesel,Front Wheel Drive,Manual,5.486510227130129,150,1997.0,4.0,5.0,5.0,Black,Cloth,False,False,1.663126188966392
40262,10980,2020.0,Gasoline,Front Wheel Drive,Manual,5.486510227130129,75,1084.0,3.0,5.0,5.0,Silver,Cloth,True,True,1.0
226000,2300,2009.0,Gasoline,Front Wheel Drive,Manual,5.0,101,1596.0,4.0,5.0,5.0,Blue,Cloth,False,False,1.663126188966392
85300,12450,2019.0,Gasoline,Front Wheel Drive,Manual,6.0,120,1498.0,4.0,5.0,5.0,Silver,Cloth,False,True,1.0
92200,11810,2021.0,Gasoline,Front Wheel Drive,Manual,6.0,125,999.0,3.8257612141004707,5.0,5.0,Red,Cloth,True,True,1.663126188966392
183077,2250,2003.0,Gasoline,Front Wheel Drive,Manual,5.486510227130129,79,1388.0,4.0,5.0,5.0,Grey,Cloth,False,False,1.663126188966392
88782,13980,2021.0,Diesel,Front Wheel Drive,Manual,6.0,120,1499.0,4.0,5.0,5.0,Blue,Cloth,True,True,1.0
225332,4949,2015.0,Gasoline,Front Wheel Drive,Manual,6.0,150,1596.0,4.0,5.0,5.0,Blue,Cloth,False,False,2.0
79993,12500,2020.0,Electric/Gasoline,Front Wheel Drive,Manual,6.0,125,999.0,3.0,5.0,5.0,Grey,Cloth,False,False,1.0
67227,11020,2022.0,Gasoline,Front Wheel Drive,Manual,6.0,125,998.0,3.0,5.0,5.0,Grey,Cloth,False,False,1.0
177102,7200,2016.0,Gasoline,Front Wheel Drive,Manual,5.0,126,998.0,3.0,5.0,5.0,Black,Part leather,True,False,2.0
119000,10990,2018.0,Gasoline,Front Wheel Drive,Manual,6.0,165,1498.0,4.0,5.0,5.0,Brown,Cloth,True,False,1.0
31320,14990,2022.0,Gasoline,Front Wheel Drive,Manual,6.0,101,998.0,3.0,5.0,5.0,Silver,Other,False,False,1.0
96100,9900,2019.0,Gasoline,Front Wheel Drive,Manual,6.0,86,998.0,3.0,5.0,5.0,Blue,Cloth,True,True,1.0
115000,13650,2022.0,Diesel,Front Wheel Drive,Manual,6.0,120,1499.0,4.0,5.0,5.0,Black,Cloth,False,False,1.0
40958,11782,2017.0,Gasoline,Rear Wheel Drive,Manual,5.0,101,998.0,3.0,5.0,5.0,Red,Cloth,True,True,1.0
109000,3250,2004.0,Gasoline,Front Wheel Drive,Manual,5.486510227130129,101,1596.0,4.0,5.0,5.0,Blue,Cloth,True,True,2.0
144257,7990,2015.0,Diesel,Front Wheel Drive,Manual,5.0,90,1499.0,4.0,5.0,5.0,Black,Other,False,True,1.0
116827,11400,2022.0,Electric/Gasoline,Front Wheel Drive,Manual,6.0,125,999.0,3.0,5.0,5.0,Blue,Cloth,True,True,1.0
58254,14990,2021.0,Gasoline,Front Wheel Drive,Manual,6.0,125,999.0,3.0,5.0,5.0,Blue,Cloth,False,True,1.0
63358,8999,2015.0,Gasoline,Front Wheel Drive,Manual,5.0,126,998.0,3.0,5.0,5.0,Black,Cloth,True,False,1.663126188966392
66000,9345,2014.0,Gasoline,Front Wheel Drive,Automatic,6.0,125,1596.0,4.0,5.0,5.0,Black,Cloth,False,True,2.0
175319,13499,2019.0,Diesel,4WD,Automatic,6.0,179,1997.0,4.0,5.0,5.0,Grey,Part leather,True,True,1.0
138830,12470,2017.0,Diesel,Front Wheel Drive,Manual,6.0,150,1997.0,4.0,5.0,5.0,Black,Cloth,False,True,2.0
92041,9999,2017.0,Gasoline,Front Wheel Drive,Manual,6.0,125,998.0,3.0,5.0,5.0,Black,Cloth,False,False,2.0
123335,7900,2015.0,Gasoline,Front Wheel Drive,Manual,5.486510227130129,101,999.0,3.0,5.0,5.0,Grey,Cloth,True,False,1.663126188966392
29911,12950,2020.0,Gasoline,Front Wheel Drive,Manual,5.486510227130129,95,998.0,3.0,5.0,5.0,Grey,Cloth,True,False,2.0
73116,14490,2020.0,Gasoline,Front Wheel Drive,Manual,6.0,125,999.0,3.0,5.0,5.0,Grey,Cloth,False,True,2.0
63330,10777,2019.0,Gasoline,Front Wheel Drive,Manual,6.0,101,998.0,3.0,5.0,5.0,Silver,Cloth,False,True,1.0
101450,13490,2016.0,Diesel,4WD,Automatic,6.0,150,1997.0,4.0,5.0,5.0,Grey,Part leather,False,False,1.0
74000,9450,2019.0,Gasoline,Front Wheel Drive,Manual,5.0,71,1100.0,3.0,5.0,5.0,Grey,Cloth,True,True,1.0
41830,8790,2014.0,Gasoline,Front Wheel Drive,Manual,5.486510227130129,111,1498.0,4.0,5.0,5.0,White,Part leather,True,True,2.0
55100,11990,2015.0,Gasoline,Front Wheel Drive,Manual,6.0,150,1498.0,4.0,5.0,5.0,Grey,Cloth,False,False,2.0
200000,5500,2010.0,Diesel,Front Wheel Drive,Automatic,6.0,163,1997.0,4.0,5.0,5.0,Grey,Cloth,False,False,1.663126188966392
125531,13500,2019.0,Gasoline,Front Wheel Drive,Manual,6.0,150,1498.0,3.8257612141004707,5.0,5.0,Grey,Cloth,False,True,1.663126188966392
38957,13900,2023.0,Electric/Gasoline,Front Wheel Drive,Automatic,6.0,120,999.0,3.0,5.0,5.0,Blue,Cloth,True,True,1.0
89230,12900,2015.0,Diesel,Front Wheel Drive,Manual,6.0,120,1997.0,4.0,5.0,5.0,White,Other,False,False,1.663126188966392
123171,9999,2015.0,Electric/Gasoline,Front Wheel Drive,Automatic,5.486510227130129,137,1999.0,4.0,5.0,5.0,Black,Full leather,True,False,1.0
132263,5999,2012.0,Gasoline,Front Wheel Drive,Manual,5.0,82,1242.0,4.0,5.0,5.0,Black,Full leather,False,False,1.663126188966392
156834,6950,2015.0,Gasoline,Front Wheel Drive,Manual,6.0,126,998.0,3.0,5.0,5.0,Grey,Cloth,False,False,1.0
47450,11950,2017.0,Gasoline,Front Wheel Drive,Automatic,5.486510227130129,101,998.0,3.0,5.0,5.0,Black,Cloth,True,False,1.663126188966392
57766,10990,2020.0,Gasoline,Front Wheel Drive,Manual,5.486510227130129,86,1198.0,3.8257612141004707,5.0,5.0,Blue,Cloth,True,True,1.663126188966392
115626,8750,2020.0,Gasoline,Front Wheel Drive,Manual,5.0,76,1084.0,3.0,5.0,5.0,White,Cloth,True,True,1.0
101690,12889,2021.0,Gasoline,Front Wheel Drive,Manual,6.0,155,999.0,3.0,5.0,5.0,Black,Cloth,False,False,1.0
27295,12900,2019.0,Gasoline,Front Wheel Drive,Manual,5.486510227130129,125,998.0,3.8257612141004707,5.0,5.0,White,Part leather,False,True,1.0
84080,12120,2022.0,Gasoline,Front Wheel Drive,Manual,6.0,125,998.0,3.0,5.0,5.0,White,Part leather,False,False,1.0
189841,2950,2011.0,Gasoline,Front Wheel Drive,Manual,6.0,125,1596.0,4.0,5.0,5.0,Blue,Cloth,False,True,1.663126188966392
82743,13990,2022.0,Gasoline,Front Wheel Drive,Manual,6.0,125,998.0,3.0,5.0,5.0,Black,Cloth,False,True,1.0
112384,11900,2022.0,Gasoline,Front Wheel Drive,Manual,6.0,95,999.0,3.0,5.0,5.0,Black,Cloth,False,False,1.0
49880,14990,2021.0,Gasoline,Front Wheel Drive,Manual,6.0,125,999.0,3.0,5.0,5.0,Black,Cloth,False,False,1.663126188966392
56700,9999,2017.0,Gasoline,Front Wheel Drive,Manual,5.0,101,998.0,3.0,5.0,5.0,Black,Velour,False,True,1.0
121200,12890,2019.0,Gasoline,Front Wheel Drive,Manual,5.486510227130129,150,1496.0,3.0,5.0,5.0,Grey,Cloth,True,True,2.0
138701,10900,2018.0,Gasoline,Front Wheel Drive,Manual,6.0,125,998.0,3.0,5.0,5.0,Grey,Other,False,False,1.0
22000,12999,2018.0,Gasoline,Front Wheel Drive,Manual,5.486510227130129,140,998.0,3.0,5.0,5.0,Grey,Full leather,True,False,1.0
67000,12990,2018.0,Gasoline,Front Wheel Drive,Manual,5.486510227130129,125,998.0,3.0,5.0,5.0,Grey,Velour,True,False,1.0
33107,8000,2018.0,Gasoline,Front Wheel Drive,Manual,6.0,101,998.0,3.0,5.0,5.0,Grey,Cloth,True,True,1.0
28880,13470,2019.0,Gasoline,Front Wheel Drive,Manual,6.0,101,998.0,3.0,5.0,5.0,Blue,Part leather,False,True,1.0
162372,10840,2022.0,Gasoline,Front Wheel Drive,Manual,5.486510227130129,10,999.0,3.0,5.0,5.0,Grey,Cloth,False,False,1.663126188966392
51299,8900,2014.0,Gasoline,Front Wheel Drive,Manual,5.486510227130129,125,998.0,3.0,5.0,5.0,Orange,Full leather,True,False,1.663126188966392
140000,8590,2015.0,Diesel,Front Wheel Drive,Manual,6.0,150,1997.0,4.0,5.0,5.0,Red,Cloth,True,False,1.0
135000,9890,2015.0,Gasoline,Front Wheel Drive,Manual,6.0,150,1499.0,4.0,5.0,5.0,Grey,Part leather,False,False,1.0
98151,7999,2017.0,Gasoline,Front Wheel Drive,Manual,5.0,101,998.0,3.0,5.0,5.0,Grey,Cloth,True,False,1.0
105373,8995,2017.0,Gasoline,Front Wheel Drive,Manual,5.486510227130129,101,998.0,3.0,5.0,5.0,Grey,Cloth,False,False,1.663126188966392
147697,14899,2021.0,Electric/Gasoline,Front Wheel Drive,Automatic,5.486510227130129,140,1999.0,4.0,5.0,5.0,Grey,Cloth,True,False,1.663126188966392
56000,10780,2016.0,Gasoline,Front Wheel Drive,Manual,5.0,125,998.0,3.0,5.0,5.0,Black,Part leather,False,False,2.0
212431,11900,2019.0,Gasoline,Front Wheel Drive,Automatic,5.486510227130129,150,1496.0,3.0,5.0,5.0,Grey,Full leather,True,False,1.663126188966392
77164,9990,2017.0,Gasoline,Front Wheel Drive,Manual,5.0,101,998.0,3.0,5.0,5.0,Grey,Cloth,False,True,2.0
86589,8750,2017.0,Gasoline,Front Wheel Drive,Manual,5.0,101,998.0,3.0,5.0,5.0,Red,Cloth,False,False,2.0
75800,13900,2020.0,Diesel,Front Wheel Drive,Manual,6.0,95,1499.0,4.0,5.0,5.0,White,alcantara,False,False,2.0
56346,10912,2017.0,Gasoline,Front Wheel Drive,Manual,5.0,125,998.0,3.0,5.0,5.0,Black,Part leather,False,False,1.0
65000,14999,2020.0,Gasoline,Front Wheel Drive,Automatic,6.0,125,998.0,3.0,5.0,5.0,Red,Full leather,True,True,1.0
22270,14990,2018.0,Gasoline,Front Wheel Drive,Manual,6.0,150,1498.0,4.0,5.0,5.0,Grey,Part leather,False,True,2.0
120290,9400,2016.0,Diesel,Front Wheel Drive,Manual,5.0,95,1498.0,4.0,5.0,5.0,Yellow,Part leather,False,False,1.663126188966392
88900,13950,2021.0,Diesel,Front Wheel Drive,Manual,6.0,120,1499.0,3.8257612141004707,5.0,5.0,White,Cloth,True,False,1.0
24000,12950,2022.0,Gasoline,Front Wheel Drive,Manual,5.0,75,1084.0,3.0,5.0,5.0,Silver,Cloth,True,True,1.0
80936,10945,2018.0,Gasoline,Front Wheel Drive,Manual,5.486510227130129,125,999.0,3.0,5.0,5.0,White,Cloth,False,True,1.0
99753,10000,2018.0,Diesel,Front Wheel Drive,Manual,6.0,99,1499.0,4.0,5.0,5.0,Red,Cloth,True,True,1.0
128728,7950,2017.0,Gasoline,Front Wheel Drive,Manual,5.0,101,998.0,3.0,5.0,5.0,Grey,Cloth,False,True,1.0
72000,13500,2016.0,Diesel,Front Wheel Drive,Manual,6.0,120,1997.0,4.0,5.0,5.0,Red,Cloth,True,True,1.663126188966392
75850,14990,2019.0,Gasoline,Front Wheel Drive,Manual,6.0,150,1498.0,3.8257612141004707,5.0,5.0,White,Cloth,False,True,2.0
156850,10900,2018.0,Gasoline,Front Wheel Drive,Manual,6.0,125,998.0,3.8257612141004707,5.0,5.0,Silver,Cloth,False,False,1.0
38571,14990,2022.0,Gasoline,Front Wheel Drive,Manual,6.0,101,1000.0,3.0,5.0,5.0,White,Cloth,False,False,1.663126188966392
97500,11980,2019.0,Gasoline,Front Wheel Drive,Manual,6.0,120,1498.0,4.0,5.0,5.0,White,Other,False,True,2.0
25994,14240,2021.0,Gasoline,Front Wheel Drive,Manual,6.0,101,998.0,3.0,5.0,5.0,White,Cloth,False,False,2.0
87600,13890,2023.0,Gasoline,Front Wheel Drive,Manual,6.0,125,1539.94231635872,3.0,5.0,5.0,Black,Cloth,True,True,1.0
188000,10900,2017.0,Diesel,Front Wheel Drive,Manual,6.0,120,1499.0,4.0,5.0,5.0,Grey,Cloth,False,True,1.0
98000,10480,2019.0,Diesel,Front Wheel Drive,Manual,6.0,120,1539.94231635872,4.0,5.0,5.0,Blue,Cloth,True,True,2.0
128283,8999,2017.0,Gasoline,Front Wheel Drive,Manual,5.486510227130129,101,998.0,3.0,5.0,5.0,Grey,Cloth,True,False,1.663126188966392
64910,13812,2019.0,Gasoline,Front Wheel Drive,Automatic,6.0,125,998.0,3.0,5.0,5.0,Grey,Cloth,False,True,2.0
96451,10950,2018.0,Gasoline,Front Wheel Drive,Manual,6.0,125,998.0,3.0,5.0,5.0,White,Cloth,False,False,1.663126188966392
76000,9980,2021.0,Gasoline,Front Wheel Drive,Manual,5.0,75,1084.0,3.0,5.0,5.0,Red,Velour,False,False,2.0
53551,13979,2019.0,Gasoline,Front Wheel Drive,Manual,6.0,120,1498.0,4.0,5.0,5.0,Blue,Cloth,True,True,1.0
31941,13600,2021.0,Gasoline,Front Wheel Drive,Manual,6.0,95,999.0,3.0,5.0,5.0,Blue,Cloth,True,True,1.0
72602,13990,2019.0,Diesel,Front Wheel Drive,Manual,6.0,101,1499.0,4.0,5.0,5.0,Black,Cloth,False,False,1.663126188966392
132800,13970,2020.0,Diesel,Front Wheel Drive,Automatic,5.486510227130129,120,1539.94231635872,3.8257612141004707,5.0,5.0,Grey,Other,False,False,2.0
232868,1950,2002.0,Diesel,Front Wheel Drive,Manual,5.0,68,1399.0,4.0,5.0,5.0,Grey,Cloth,False,True,1.663126188966392
46133,10580,2020.0,Gasoline,Front Wheel Drive,Manual,5.0,71,1084.0,3.0,5.0,5.0,Black,Cloth,True,True,1.0
33331,12500,2023.0,Electric/Gasoline,Front Wheel Drive,Manual,6.0,125,999.0,3.0,5.0,5.0,Grey,Cloth,True,True,1.0
166213,6449,2016.0,Gasoline,Front Wheel Drive,Manual,6.0,125,999.0,3.0,5.0,5.0,Grey,Cloth,False,False,1.663126188966392
214164,2195,2012.0,Gasoline,Front Wheel Drive,Manual,5.486510227130129,60,1242.0,4.0,5.0,5.0,Black,Cloth,True,False,1.663126188966392
42329,13620,2022.0,Gasoline,Front Wheel Drive,Manual,6.0,125,998.0,3.0,5.0,5.0,Grey,Cloth,False,False,1.0
106000,7490,2013.0,Diesel,Front Wheel Drive,Automatic,5.486510227130129,140,1539.94231635872,4.0,5.0,5.0,Red,Cloth,True,False,2.0
64000,14780,2019.0,Diesel,Front Wheel Drive,Manual,6.0,150,1995.0,4.0,5.0,5.0,Grey,Cloth,True,True,2.0
189437,6949,2014.0,Gasoline,Front Wheel Drive,Manual,6.0,150,1596.0,4.0,5.0,5.0,Black,Cloth,True,False,1.663126188966392
75180,13890,2016.0,Gasoline,Front Wheel Drive,Automatic,6.0,182,1984.0,4.0,5.0,5.0,Beige,Full leather,False,True,2.0
105758,10995,2019.0,Gasoline,Front Wheel Drive,Manual,5.486510227130129,101,999.0,3.0,5.0,5.0,Black,Full leather,True,False,1.663126188966392
46840,12990,2018.0,Gasoline,Front Wheel Drive,Manual,6.0,125,998.0,3.0,5.0,5.0,Grey,Cloth,False,True,2.0
107375,11980,2017.0,Gasoline,Front Wheel Drive,Automatic,6.0,182,1498.0,4.0,5.0,5.0,Blue,Cloth,True,True,2.0
115300,5450,2009.0,Gasoline,Front Wheel Drive,Manual,5.486510227130129,125,1798.0,4.0,5.0,5.0,Black,Part leather,True,False,1.663126188966392
80958,10980,2018.0,Gasoline,Front Wheel Drive,Manual,6.0,125,998.0,3.0,5.0,5.0,Black,Cloth,True,False,2.0
117600,14989,2019.0,Diesel,4WD,Automatic,5.486510227130129,150,1997.0,4.0,5.0,5.0,Red,Part leather,False,False,1.0
110370,11950,2018.0,Gasoline,Front Wheel Drive,Manual,5.486510227130129,101,999.0,3.0,5.0,5.0,White,Part leather,True,False,1.663126188966392
102249,14212,2016.0,Gasoline,Front Wheel Drive,Manual,6.0,160,1498.0,4.0,5.0,5.0,White,Full leather,True,True,2.0
235000,1999,2007.0,Diesel,Front Wheel Drive,Manual,5.0,110,1560.0,4.0,5.0,5.0,Red,Cloth,False,False,1.663126188966392
33366,14890,2021.0,Gasoline,Front Wheel Drive,Manual,6.0,95,999.0,3.0,5.0,5.0,Grey,Cloth,True,False,1.0
74560,9650,2015.0,Gasoline,Front Wheel Drive,Manual,6.0,150,1498.0,4.0,5.0,5.0,Red,Full leather,True,False,2.0
119841,13900,2018.0,Gasoline,Front Wheel Drive,Manual,5.486510227130129,150,1498.0,4.0,5.0,5.0,Black,Part leather,True,False,1.0
33500,14800,2018.0,Gasoline,Front Wheel Drive,Manual,6.0,101,999.0,3.0,5.0,5.0,Grey,Cloth,True,True,1.0
84998,11900,2018.0,Gasoline,Front Wheel Drive,Manual,6.0,125,998.0,3.0,5.0,5.0,Blue,Cloth,False,False,1.0
141178,10950,2019.0,Diesel,Front Wheel Drive,Manual,6.0,120,1539.94231635872,4.0,5.0,5.0,Grey,Cloth,True,True,1.0
86927,12900,2021.0,Gasoline,Front Wheel Drive,Manual,6.0,125,999.0,3.0,5.0,5.0,Blue,Cloth,False,False,1.0
36880,9950,2018.0,Gasoline,Front Wheel Drive,Manual,5.0,86,1194.0,3.0,5.0,5.0,Grey,Cloth,False,False,1.0
64309,14995,2014.0,Gasoline,Front Wheel Drive,Automatic,6.0,152,1600.0,4.0,5.0,5.0,Yellow,Cloth,False,False,1.663126188966392
42300,14701,2021.0,Electric/Gasoline,Front Wheel Drive,Manual,6.0,125,999.0,3.0,5.0,5.0,Blue,Cloth,False,False,1.663126188966392
40871,13450,2021.0,Gasoline,Front Wheel Drive,Manual,6.0,125,999.0,3.0,5.0,5.0,Blue,Cloth,True,True,1.0
56730,11470,2017.0,Gasoline,Front Wheel Drive,Manual,6.0,125,998.0,3.0,5.0,5.0,Black,Cloth,False,True,2.0
133768,6250,2008.0,Gasoline,Front Wheel Drive,Automatic,5.486510227130129,145,1998.0,4.0,5.0,5.0,Grey,Cloth,True,False,1.663126188966392
90000,11100,2020.0,Gasoline,Front Wheel Drive,Manual,6.0,95,998.0,3.0,5.0,5.0,White,Cloth,False,False,1.0
110372,11999,2017.0,Gasoline,Front Wheel Drive,Manual,6.0,101,998.0,3.0,5.0,5.0,Grey,Cloth,True,False,1.663126188966392
84500,8990,2014.0,Gasoline,Front Wheel Drive,Manual,6.0,125,1000.0,3.0,5.0,5.0,White,Cloth,True,True,1.663126188966392
120000,9700,2021.0,Diesel,Front Wheel Drive,Manual,6.0,95,1499.0,4.0,5.0,5.0,White,Cloth,True,False,1.0
95203,8998,2017.0,Gasoline,Front Wheel Drive,Manual,5.0,125,998.0,3.0,5.0,5.0,Blue,Part leather,True,True,2.0
78000,12990,2020.0,Gasoline,Front Wheel Drive,Manual,6.0,125,998.0,3.0,5.0,5.0,Grey,Cloth,False,True,1.0
70000,9300,2016.0,Diesel,Front Wheel Drive,Manual,5.486510227130129,75,1498.0,4.0,5.0,5.0,Silver,Cloth,True,False,1.0
82650,13790,2023.0,Gasoline,Front Wheel Drive,Manual,6.0,125,999.0,3.0,5.0,5.0,Black,Cloth,False,False,1.663126188966392
47737,13990,2021.0,Gasoline,Front Wheel Drive,Manual,6.0,95,998.0,3.0,5.0,5.0,Blue,Cloth,False,False,1.0
115595,8750,2017.0,Gasoline,Front Wheel Drive,Manual,6.0,125,998.0,3.0,5.0,5.0,Black,Cloth,False,False,1.663126188966392
71700,14260,2020.0,Gasoline,Front Wheel Drive,Manual,6.0,155,999.0,3.0,5.0,5.0,Red,Other,True,False,1.0
152500,12950,2018.0,Diesel,Front Wheel Drive,Automatic,6.0,150,1997.0,3.8257612141004707,5.0,5.0,White,Cloth,True,False,1.663126188966392
95074,5999,2011.0,Gasoline,Front Wheel Drive,Manual,5.486510227130129,60,1242.0,4.0,5.0,5.0,Grey,Cloth,True,False,1.663126188966392
68593,13490,2019.0,Gasoline,Front Wheel Drive,Manual,6.0,125,998.0,3.0,5.0,5.0,Silver,Cloth,True,True,2.0
101800,10850,2017.0,Gasoline,Front Wheel Drive,Manual,6.0,125,998.0,3.0,5.0,5.0,White,Full leather,True,True,1.0
102066,9989,2017.0,Gasoline,Front Wheel Drive,Manual,6.0,125,998.0,3.0,5.0,5.0,Red,Cloth,True,True,2.0
57500,12985,2022.0,Gasoline,Front Wheel Drive,Manual,5.0,75,1539.94231635872,3.0,5.0,5.0,White,Cloth,True,True,1.0
59120,14499,2022.0,Gasoline,Front Wheel Drive,Manual,6.0,125,998.0,3.0,5.0,5.0,White,Part leather,False,False,1.0
39412,14900,2020.0,Electric/Gasoline,Front Wheel Drive,Manual,6.0,124,999.0,3.0,5.0,5.0,Blue,Cloth,False,False,1.663126188966392
135000,10500,2017.0,Gasoline,Front Wheel Drive,Manual,6.0,120,1498.0,4.0,5.0,5.0,Grey,Cloth,False,True,2.0
212470,4700,2012.0,Gasoline,Front Wheel Drive,Manual,5.486510227130129,105,1596.0,4.0,5.0,5.0,Black,Cloth,True,False,1.663126188966392
99900,8900,2017.0,Diesel,Front Wheel Drive,Manual,5.0,95,1498.0,4.0,5.0,5.0,Grey,Cloth,False,True,1.0
112675,8990,2016.0,Gasoline,Front Wheel Drive,Manual,5.0,101,998.0,3.0,5.0,5.0,Black,Cloth,True,False,2.0
81257,8975,2016.0,Gasoline,Front Wheel Drive,Manual,5.486510227130129,125,998.0,3.0,5.0,5.0,Grey,Part leather,True,False,1.663126188966392
130120,13250,2015.0,Diesel,Front Wheel Drive,Automatic,6.0,150,1997.0,4.0,5.0,5.0,Blue,alcantara,True,False,2.0
103069,9390,2017.0,Gasoline,Front Wheel Drive,Manual,5.0,86,1084.0,3.0,5.0,5.0,Blue,Cloth,True,True,2.0
76088,12520,2022.0,Gasoline,Front Wheel Drive,Manual,6.0,125,998.0,3.0,5.0,5.0,White,Cloth,False,False,1.0
81152,13990,2022.0,Gasoline,Front Wheel Drive,Manual,6.0,125,998.0,3.0,5.0,5.0,Silver,Cloth,False,True,1.0
87359,10390,2019.0,Gasoline,Front Wheel Drive,Manual,6.0,101,998.0,3.0,5.0,5.0,White,Cloth,False,True,2.0
133640,11490,2021.0,Diesel,Front Wheel Drive,Manual,6.0,120,1499.0,4.0,5.0,5.0,Grey,Cloth,False,False,1.663126188966392
85500,14990,2021.0,Gasoline,Front Wheel Drive,Automatic,5.486510227130129,125,998.0,3.8257612141004707,5.0,5.0,Grey,Cloth,True,True,1.0
100050,10000,2019.0,Diesel,Front Wheel Drive,Manual,6.0,120,1499.0,4.0,5.0,5.0,Grey,Cloth,True,True,1.0
88849,13890,2018.0,Gasoline,Front Wheel Drive,Manual,5.486510227130129,101,998.0,3.8257612141004707,5.0,5.0,White,Cloth,True,True,1.663126188966392
74130,9970,2016.0,Gasoline,Front Wheel Drive,Manual,5.0,140,998.0,3.0,5.0,5.0,Black,Cloth,False,True,1.663126188966392
57500,13799,2021.0,Gasoline,Front Wheel Drive,Manual,6.0,125,1539.94231635872,3.0,5.0,5.0,Blue,Cloth,True,True,1.0
138000,10990,2016.0,Diesel,Front Wheel Drive,Manual,5.486510227130129,150,1998.0,4.0,5.0,5.0,Silver,Cloth,True,True,1.0
107000,14980,2019.0,Gasoline,Front Wheel Drive,Manual,6.0,120,1499.0,4.0,5.0,5.0,Black,Cloth,False,False,1.0
135308,9980,2019.0,Gasoline,Front Wheel Drive,Manual,6.0,101,998.0,3.0,5.0,5.0,Silver,Cloth,True,True,1.663126188966392
81145,13990,2022.0,Gasoline,Front Wheel Drive,Manual,6.0,125,998.0,3.0,5.0,5.0,Black,Cloth,False,True,1.0
120936,9450,2017.0,Gasoline,Front Wheel Drive,Manual,5.0,125,998.0,3.8257612141004707,5.0,5.0,Blue,Part leather,True,True,2.0
49850,9999,2018.0,Gasoline,Front Wheel Drive,Manual,5.0,86,1084.0,3.0,5.0,5.0,Blue,Cloth,True,False,2.0
67409,11990,2018.0,Gasoline,Front Wheel Drive,Manual,5.0,101,998.0,3.0,5.0,5.0,Silver,Part leather,False,False,1.663126188966392
235092,2998,2010.0,Gasoline,Front Wheel Drive,Manual,5.0,101,1596.0,4.0,5.0,5.0,Grey,Cloth,False,False,1.663126188966392
229272,7500,2017.0,Diesel,Front Wheel Drive,Manual,6.0,120,1597.0,4.0,5.0,5.0,Black,Cloth,True,False,1.0
149000,2450,2005.0,Gasoline,Front Wheel Drive,Manual,5.0,83,1339.0,4.0,5.0,5.0,Grey,Cloth,False,False,1.663126188966392
109608,13990,2019.0,Gasoline,Front Wheel Drive,Manual,6.0,131,1498.0,4.0,5.0,5.0,Black,Cloth,True,True,2.0
145824,5900,2006.0,Gasoline,4WD,Automatic,5.486510227130129,150,1539.94231635872,3.8257612141004707,5.0,5.0,Silver,Full leather,False,False,1.663126188966392
33410,8495,2010.0,Gasoline,Front Wheel Drive,Automatic,5.486510227130129,99,1339.0,4.0,5.0,5.0,Grey,alcantara,True,True,1.663126188966392
60000,7900,2011.0,Gasoline,Front Wheel Drive,Manual,5.0,99,1339.0,4.0,5.0,5.0,Grey,alcantara,False,False,1.663126188966392
185816,5740,2003.0,Gasoline,4WD,Manual,5.486510227130129,150,1998.0,4.0,5.0,5.0,Grey,Cloth,True,False,2.0
165072,13990,2016.0,Diesel,Front Wheel Drive,Manual,6.0,120,1597.0,4.0,5.0,5.0,Black,Cloth,True,True,1.0
134353,5500,2000.0,Gasoline,4WD,Automatic,4.0,147,1973.0,4.0,5.0,5.0,Silver,Cloth,True,False,1.663126188966392
105516,12799,2017.0,Gasoline,Front Wheel Drive,Manual,5.486510227130129,131,1498.0,3.8257612141004707,5.0,5.0,Black,Cloth,False,True,2.0
88665,13500,2018.0,Gasoline,Front Wheel Drive,Manual,6.0,129,988.0,3.0,5.0,5.0,Red,Cloth,True,True,1.663126188966392
204000,3980,2009.0,Gasoline,Front Wheel Drive,Manual,6.0,140,1799.0,4.0,5.0,5.0,Black,Other,False,False,1.663126188966392
191642,12799,2018.0,Diesel,Front Wheel Drive,Manual,6.0,120,1597.0,4.0,5.0,5.0,Grey,Velour,True,True,1.0
81300,13870,2016.0,Gasoline,Front Wheel Drive,Manual,6.0,131,1498.0,4.0,5.0,5.0,White,Cloth,True,True,2.0
98813,14290,2015.0,Gasoline,Front Wheel Drive,Manual,5.486510227130129,155,1997.0,3.8257612141004707,5.0,5.0,Brown,Cloth,False,True,2.0
162600,11900,2013.0,Diesel,4WD,Manual,6.0,150,2199.0,3.8257612141004707,5.0,5.0,White,Part leather,True,False,1.663126188966392
111191,13900,2017.0,Gasoline,Front Wheel Drive,Manual,6.0,120,1597.0,4.0,5.0,5.0,Grey,Cloth,True,True,2.0
34500,14970,2018.0,Gasoline,Front Wheel Drive,Manual,6.0,129,988.0,3.0,5.0,5.0,Red,Cloth,True,True,1.0
102627,8150,2015.0,Gasoline,Front Wheel Drive,Manual,5.486510227130129,90,1198.0,3.8257612141004707,5.0,5.0,Brown,Cloth,False,True,2.0
164900,8950,2009.0,Gasoline,4WD,Manual,6.0,150,1997.0,4.0,5.0,5.0,Black,Cloth,True,True,2.0
78280,13040,2015.0,Gasoline,Front Wheel Drive,Manual,5.486510227130129,141,1798.0,3.8257612141004707,5.0,5.0,Silver,Cloth,False,True,2.0
86890,12990,2014.0,Gasoline,Front Wheel Drive,Automatic,5.0,141,1798.0,4.0,5.0,5.0,White,Cloth,False,False,1.663126188966392
141885,7950,2013.0,Gasoline,Front Wheel Drive,Manual,6.0,99,1339.0,4.0,5.0,5.0,Blue,alcantara,True,False,1.663126188966392
167004,6480,2009.0,Gasoline,Front Wheel Drive,Manual,6.0,99,1339.0,4.0,5.0,5.0,Grey,Part leather,False,True,1.663126188966392
176000,13900,2016.0,Diesel,Front Wheel Drive,Manual,6.0,120,1597.0,4.0,5.0,5.0,White,Part leather,True,True,1.0
101625,11950,2015.0,Gasoline,Front Wheel Drive,Manual,6.0,99,1339.0,4.0,5.0,5.0,Red,Cloth,True,False,1.663126188966392
160155,12495,2018.0,Gasoline,Front Wheel Drive,Automatic,5.486510227130129,131,1539.94231635872,4.0,5.0,5.0,Red,Cloth,True,True,1.0
124929,12890,2018.0,Diesel,Front Wheel Drive,Manual,5.486510227130129,120,1597.0,3.8257612141004707,5.0,5.0,Black,Cloth,False,True,1.0
120728,12600,2017.0,Diesel,Front Wheel Drive,Manual,5.486510227130129,120,1597.0,4.0,5.0,5.0,Grey,Part leather,True,True,2.0
59848,14110,2020.0,Gasoline,Front Wheel Drive,Manual,5.486510227130129,102,1318.0,3.8257612141004707,5.0,5.0,Grey,Cloth,False,True,2.0
99860,12480,2017.0,Gasoline,Front Wheel Drive,Manual,6.0,102,1318.0,4.0,5.0,5.0,Silver,Cloth,True,True,1.0
145144,5880,2009.0,Electric/Gasoline,Front Wheel Drive,Automatic,5.486510227130129,98,1339.0,4.0,5.0,5.0,Grey,Cloth,False,False,1.663126188966392
241894,11490,2016.0,Diesel,Front Wheel Drive,Manual,6.0,120,1597.0,4.0,5.0,5.0,Violet,Cloth,False,False,1.663126188966392
96453,13950,2016.0,Gasoline,Front Wheel Drive,Automatic,5.486510227130129,131,1498.0,4.0,5.0,5.0,Grey,Cloth,False,False,1.663126188966392
34512,11499,2013.0,Gasoline,Front Wheel Drive,Manual,6.0,99,1339.0,4.0,5.0,5.0,Grey,Cloth,True,False,1.0
213900,4900,2003.0,Gasoline,Front Wheel Drive,Manual,5.486510227130129,155,1998.0,4.0,5.0,5.0,Grey,Part leather,False,False,1.0
71643,13590,2016.0,Diesel,Front Wheel Drive,Manual,5.486510227130129,120,1597.0,3.8257612141004707,5.0,5.0,Red,Cloth,True,True,1.0
234000,3900,2000.0,Gasoline,4WD,Automatic,5.0,147,1973.0,4.0,5.0,5.0,Green,Cloth,False,False,1.663126188966392
70000,12400,2018.0,Gasoline,Front Wheel Drive,Manual,6.0,102,1318.0,4.0,5.0,5.0,Grey,Cloth,False,False,1.663126188966392
60307,13690,2019.0,Gasoline,Front Wheel Drive,Automatic,5.486510227130129,102,1318.0,3.8257612141004707,5.0,5.0,Black,Cloth,False,True,2.0
122453,12450,2013.0,Gasoline,Front Wheel Drive,Manual,6.0,155,1997.0,4.0,5.0,5.0,Black,Full leather,True,False,1.663126188966392
113000,8990,2015.0,Gasoline,Front Wheel Drive,Manual,6.0,102,1539.94231635872,4.0,5.0,5.0,Black,Cloth,True,True,1.0
55600,10780,2017.0,Gasoline,Front Wheel Drive,Manual,6.0,102,1318.0,4.0,5.0,5.0,White,Cloth,True,True,1.0
108514,12990,2014.0,Diesel,Front Wheel Drive,Manual,6.0,120,1597.0,4.0,5.0,5.0,Silver,Cloth,False,False,1.663126188966392
112124,6250,2010.0,Gasoline,Front Wheel Drive,Manual,5.0,99,1339.0,4.0,5.0,5.0,Grey,Cloth,True,False,1.663126188966392
99180,14500,2018.0,Gasoline,Front Wheel Drive,Manual,6.0,131,1498.0,4.0,5.0,5.0,Red,Other,False,False,1.663126188966392
151007,11890,2015.0,Diesel,Front Wheel Drive,Manual,6.0,120,1597.0,4.0,5.0,5.0,White,Other,False,False,1.663126188966392
115296,12000,2017.0,Diesel,Front Wheel Drive,Manual,6.0,120,1597.0,4.0,5.0,5.0,White,Other,False,False,1.663126188966392
115000,8900,2007.0,Gasoline,4WD,Manual,6.0,150,1997.0,4.0,5.0,5.0,Silver,Cloth,True,False,1.663126188966392
136540,10790,2011.0,Diesel,4WD,Manual,6.0,150,2199.0,4.0,5.0,5.0,Black,Cloth,False,False,1.663126188966392
161520,11900,2015.0,Diesel,4WD,Manual,6.0,160,1597.0,4.0,5.0,5.0,Grey,Part leather,False,False,1.0
150000,5980,2009.0,Gasoline,Front Wheel Drive,Automatic,6.0,99,1339.0,4.0,5.0,5.0,Blue,Cloth,True,True,1.663126188966392
77225,12900,2017.0,Gasoline,Front Wheel Drive,Manual,6.0,131,1498.0,3.8257612141004707,5.0,5.0,Blue,Cloth,False,False,1.0
95000,12990,2014.0,Diesel,Front Wheel Drive,Manual,6.0,120,1597.0,4.0,5.0,5.0,Blue,Cloth,False,False,1.663126188966392
74441,14900,2016.0,Diesel,Front Wheel Drive,Manual,5.486510227130129,120,1597.0,4.0,5.0,5.0,White,Cloth,False,False,1.663126188966392
139123,14990,2016.0,Diesel,Front Wheel Drive,Automatic,5.486510227130129,162,1600.0,3.8257612141004707,5.0,5.0,White,Cloth,False,False,1.663126188966392
159120,11700,2017.0,Diesel,Front Wheel Drive,Manual,6.0,120,1597.0,4.0,5.0,5.0,Red,Part leather,False,False,1.0
142543,11843,2016.0,Gasoline,4WD,Manual,5.0,125,1590.0,4.0,5.0,5.0,Black,Part leather,False,False,1.663126188966392
90307,14900,2015.0,Gasoline,4WD,Automatic,5.486510227130129,131,1498.0,4.0,5.0,5.0,White,Part leather,False,True,1.663126188966392
199000,12750,2015.0,Diesel,4WD,Automatic,5.0,150,2199.0,4.0,5.0,5.0,White,Other,False,False,1.0
164463,14319,2018.0,Diesel,Front Wheel Drive,Automatic,6.0,120,1597.0,4.0,5.0,5.0,White,Other,False,False,1.663126188966392
129000,11700,2011.0,Gasoline,Front Wheel Drive,Manual,6.0,156,1997.0,4.0,5.0,5.0,Grey,Other,False,False,1.663126188966392
139123,14990,2016.0,Diesel,Front Wheel Drive,Automatic,5.486510227130129,162,1600.0,3.8257612141004707,5.0,5.0,White,alcantara,False,False,1.663126188966392
91964,14850,2014.0,Gasoline,Front Wheel Drive,Manual,6.0,141,1798.0,4.0,5.0,5.0,Black,Full leather,True,False,1.663126188966392
170000,5500,2012.0,LPG,Front Wheel Drive,Manual,5.0,90,1198.0,4.0,5.0,5.0,Grey,Cloth,False,False,1.663126188966392
168354,9990,2013.0,Gasoline,Front Wheel Drive,Manual,5.486510227130129,140,1798.0,4.0,5.0,5.0,Grey,Cloth,True,True,1.663126188966392
132525,14444,2014.0,Gasoline,Front Wheel Drive,Manual,6.0,141,1798.0,4.0,5.0,5.0,White,Cloth,True,False,1.663126188966392
83174,13299,2017.0,Gasoline,Front Wheel Drive,Manual,5.486510227130129,131,1498.0,3.8257612141004707,5.0,5.0,Violet,Cloth,False,True,1.0
89268,13199,2019.0,Gasoline,Front Wheel Drive,Automatic,5.486510227130129,102,1318.0,3.8257612141004707,5.0,5.0,Grey,Cloth,False,True,2.0
83174,13299,2017.0,Gasoline,Front Wheel Drive,Manual,5.486510227130129,131,1498.0,3.8257612141004707,5.0,5.0,Violet,Cloth,False,True,1.0
83174,13299,2017.0,Gasoline,Front Wheel Drive,Manual,5.486510227130129,131,1498.0,3.8257612141004707,5.0,5.0,Violet,Cloth,False,True,1.0
149827,2950,2008.0,Gasoline,Front Wheel Drive,Manual,5.486510227130129,83,1339.0,4.0,5.0,5.0,Violet,Cloth,False,False,1.663126188966392
62700,12000,2017.0,Diesel,Front Wheel Drive,Manual,6.0,120,1597.0,4.0,5.0,5.0,Black,Other,False,False,1.663126188966392
206645,3590,2008.0,Gasoline,Front Wheel Drive,Manual,6.0,83,1339.0,4.0,5.0,5.0,Grey,alcantara,True,True,1.0
198000,3900,2009.0,Electric/Gasoline,Front Wheel Drive,Automatic,5.486510227130129,88,1339.0,4.0,5.0,5.0,Grey,Cloth,False,False,1.663126188966392
246000,6950,2010.0,Electric/Gasoline,Front Wheel Drive,Automatic,5.486510227130129,88,1539.94231635872,3.8257612141004707,5.0,5.0,White,Cloth,False,False,1.663126188966392
295000,6499,2016.0,Diesel,Front Wheel Drive,Manual,6.0,120,1597.0,4.0,5.0,5.0,Grey,Cloth,False,False,1.663126188966392
181999,9499,2013.0,Diesel,Front Wheel Drive,Manual,5.486510227130129,121,1539.94231635872,3.8257612141004707,5.0,5.0,Grey,Cloth,True,False,1.663126188966392
180200,11990,2015.0,Diesel,Front Wheel Drive,Manual,5.486510227130129,160,1539.94231635872,3.8257612141004707,5.0,5.0,White,Cloth,False,False,1.663126188966392
129663,13990,2018.0,Diesel,Front Wheel Drive,Manual,5.486510227130129,121,1539.94231635872,3.8257612141004707,5.0,5.0,Grey,Part leather,False,False,1.663126188966392
100106,7890,2006.0,Electric/Gasoline,Front Wheel Drive,Automatic,5.486510227130129,141,1539.94231635872,3.8257612141004707,5.0,5.0,Blue,Part leather,False,False,1.663126188966392
257310,5499,2013.0,Diesel,Front Wheel Drive,Manual,5.486510227130129,151,1539.94231635872,3.8257612141004707,5.0,5.0,Grey,Part leather,False,False,1.663126188966392
296000,4990,2007.0,Diesel,Front Wheel Drive,Manual,5.486510227130129,140,2204.0,4.0,5.0,5.0,White,Full leather,True,True,1.0
106493,10990,2009.0,Gasoline,Front Wheel Drive,Automatic,5.486510227130129,141,1539.94231635872,3.8257612141004707,5.0,5.0,Beige,Full leather,False,False,1.663126188966392
184000,10990,2013.0,Diesel,Front Wheel Drive,Manual,5.486510227130129,151,1539.94231635872,3.8257612141004707,5.0,5.0,Red,Full leather,False,False,1.663126188966392
183000,9900,2015.0,Diesel,Front Wheel Drive,Manual,5.486510227130129,120,1597.0,4.0,5.0,5.0,White,Cloth,True,False,1.0
251000,10000,2008.0,Diesel,Front Wheel Drive,Manual,6.0,190,2204.0,4.0,5.0,5.0,Black,Cloth,True,True,1.663126188966392
169394,11490,2014.0,Diesel,Front Wheel Drive,Manual,6.0,120,1597.0,4.0,5.0,5.0,White,Cloth,False,False,1.663126188966392
90650,14990,2018.0,Gasoline,Front Wheel Drive,Manual,6.0,131,1498.0,4.0,5.0,5.0,Blue,Cloth,True,False,2.0
147385,14806,2017.0,Diesel,Front Wheel Drive,Manual,6.0,120,1597.0,4.0,5.0,5.0,Grey,Cloth,False,False,1.663126188966392
151007,11890,2015.0,Diesel,Front Wheel Drive,Manual,6.0,120,1597.0,4.0,5.0,5.0,White,Cloth,False,False,1.663126188966392
104620,12593,2015.0,Diesel,Front Wheel Drive,Manual,6.0,120,1597.0,4.0,5.0,5.0,White,Cloth,False,False,1.663126188966392
148850,11950,2014.0,Diesel,Front Wheel Drive,Manual,6.0,120,1597.0,4.0,5.0,5.0,Grey,Cloth,False,False,1.663126188966392
178000,4400,2011.0,Gasoline,Front Wheel Drive,Manual,5.0,90,1198.0,4.0,5.0,5.0,White,Cloth,True,True,2.0
135000,999,2005.0,LPG,Front Wheel Drive,Manual,5.0,83,1339.0,4.0,5.0,5.0,Yellow,Cloth,True,True,1.0
218000,650,2008.0,Gasoline,Front Wheel Drive,Manual,5.0,77,1246.0,4.0,5.0,5.0,Silver,Cloth,False,False,2.0
168000,8999,2014.0,Diesel,Front Wheel Drive,Manual,6.0,120,1539.94231635872,4.0,5.0,5.0,Silver,Full leather,False,True,2.0
59300,4999,2008.0,Gasoline,Front Wheel Drive,Manual,5.486510227130129,77,1246.0,4.0,5.0,5.0,Black,Cloth,True,True,1.0
158000,3699,1999.0,Gasoline,Front Wheel Drive,Manual,5.486510227130129,136,1850.0,4.0,5.0,5.0,Black,Cloth,False,True,1.663126188966392
148150,3999,2005.0,Gasoline,Front Wheel Drive,Manual,5.486510227130129,105,1590.0,4.0,5.0,5.0,Grey,Cloth,True,False,1.663126188966392
163387,5650,2009.0,Gasoline,Front Wheel Drive,Manual,6.0,99,1339.0,4.0,5.0,5.0,Black,Cloth,True,False,1.663126188966392
139706,9950,2005.0,Gasoline,Front Wheel Drive,Automatic,5.0,155,1998.0,4.0,5.0,5.0,Grey,Cloth,True,True,2.0
231315,7950,2009.0,Gasoline,Front Wheel Drive,Automatic,5.486510227130129,156,1997.0,4.0,5.0,5.0,Black,Cloth,False,False,1.663126188966392
181445,6900,2011.0,Gasoline,Front Wheel Drive,Manual,6.0,140,1799.0,4.0,5.0,5.0,Black,Cloth,True,False,1.663126188966392
158244,7500,2013.0,Gasoline,Front Wheel Drive,Manual,6.0,141,1539.94231635872,4.0,5.0,5.0,Grey,Cloth,False,False,2.0
180000,999,2005.0,Gasoline,Front Wheel Drive,Manual,5.0,90,1396.0,4.0,5.0,5.0,Red,Cloth,True,True,1.0
193501,2390,2009.0,Gasoline,Front Wheel Drive,Manual,5.0,90,1198.0,4.0,5.0,5.0,Grey,Cloth,True,True,1.0
176387,8250,2008.0,Gasoline,4WD,Manual,6.0,150,1997.0,4.0,5.0,5.0,Green,Cloth,True,False,1.663126188966392
219292,7499,2008.0,Gasoline,4WD,Automatic,5.486510227130129,150,1998.0,4.0,5.0,5.0,Grey,Full leather,True,False,1.663126188966392
144000,1750,2008.0,Gasoline,Front Wheel Drive,Manual,5.0,77,1246.0,4.0,5.0,5.0,Grey,Cloth,False,True,1.663126188966392
79650,14550,2018.0,Gasoline,Front Wheel Drive,Manual,6.0,131,1498.0,4.0,5.0,5.0,Grey,Cloth,False,False,2.0
205000,890,2007.0,Gasoline,4WD,Manual,5.486510227130129,77,1246.0,4.0,5.0,5.0,Silver,Cloth,False,False,1.663126188966392
137038,11450,2009.0,Gasoline,4WD,Automatic,5.0,150,1997.0,4.0,5.0,5.0,Grey,Full leather,True,False,1.663126188966392
106145,13795,2016.0,Gasoline,Front Wheel Drive,Automatic,5.486510227130129,131,1498.0,4.0,5.0,5.0,Blue,Cloth,False,False,1.663126188966392
169504,11950,2013.0,Gasoline,Front Wheel Drive,Manual,6.0,155,1997.0,4.0,5.0,5.0,Grey,Cloth,True,False,1.663126188966392
206339,2450,2006.0,Gasoline,Front Wheel Drive,Manual,5.0,77,1246.0,4.0,5.0,5.0,Blue,Cloth,True,False,1.663126188966392
82000,8490,2015.0,Gasoline,Front Wheel Drive,Manual,5.0,90,1539.94231635872,4.0,5.0,5.0,Red,Cloth,True,False,1.0
240000,1590,2005.0,Gasoline,Front Wheel Drive,Manual,5.0,83,1339.0,4.0,5.0,5.0,Blue,Cloth,False,True,1.0
134000,6495,2010.0,Gasoline,Front Wheel Drive,Semi-automatic,6.0,99,1539.94231635872,4.0,5.0,5.0,Silver,Cloth,True,True,2.0
200000,9000,2014.0,Diesel,Front Wheel Drive,Manual,6.0,120,1600.0,4.0,5.0,5.0,Brown,Part leather,True,True,1.0
221450,11450,2014.0,Diesel,4WD,Automatic,5.0,150,1539.94231635872,4.0,5.0,5.0,Grey,Full leather,True,True,2.0
78983,13990,2018.0,Gasoline,Front Wheel Drive,Manual,6.0,102,1318.0,4.0,5.0,5.0,Black,Cloth,True,True,1.0
90000,5200,2005.0,Gasoline,Front Wheel Drive,Manual,5.0,83,1339.0,4.0,5.0,5.0,Blue,Velour,True,True,1.0
50300,13490,2016.0,Gasoline,Front Wheel Drive,Manual,6.0,102,1318.0,4.0,5.0,5.0,Red,Cloth,False,True,2.0
127624,13500,2017.0,Gasoline,Front Wheel Drive,Manual,5.0,102,1318.0,4.0,5.0,5.0,Red,Cloth,False,False,1.663126188966392
199000,14990,2017.0,Gasoline,Front Wheel Drive,Manual,6.0,131,1539.94231635872,4.0,5.0,5.0,Blue,Cloth,True,True,2.0
150000,1750,2011.0,Gasoline,Front Wheel Drive,Manual,5.0,90,1539.94231635872,4.0,5.0,5.0,White,Cloth,True,False,1.663126188966392
117000,2499,2000.0,Gasoline,Front Wheel Drive,Manual,5.486510227130129,136,1850.0,4.0,5.0,5.0,Black,Cloth,False,False,1.0
150000,2999,2011.0,Gasoline,4WD,Manual,5.486510227130129,99,1339.0,4.0,5.0,5.0,Grey,Full leather,False,False,1.663126188966392
150000,2999,2011.0,Gasoline,Front Wheel Drive,Manual,5.486510227130129,99,1339.0,4.0,5.0,5.0,Black,Cloth,False,False,1.663126188966392
204434,11900,2013.0,Diesel,4WD,Automatic,5.0,150,1539.94231635872,4.0,5.0,5.0,Red,Full leather,True,True,1.0
168000,5600,2013.0,Gasoline,4WD,Manual,5.486510227130129,141,1798.0,4.0,5.0,5.0,Grey,Full leather,True,False,1.663126188966392
101754,9400,2019.0,Gasoline,Front Wheel Drive,Automatic,5.486510227130129,126,1000.0,3.0,5.0,5.0,Black,Cloth,True,False,1.0
11400,3500,2004.0,Gasoline,Front Wheel Drive,Manual,5.0,77,1246.0,4.0,5.0,5.0,Beige,Cloth,True,True,1.0
33000,7490,2012.0,Gasoline,Front Wheel Drive,Automatic,5.486510227130129,99,1339.0,4.0,5.0,5.0,Beige,Cloth,False,False,1.663126188966392
150000,11000,2015.0,Diesel,4WD,Automatic,6.0,160,1597.0,4.0,5.0,5.0,Red,Cloth,True,True,1.0
221433,7900,2018.0,Gasoline,Front Wheel Drive,Automatic,5.486510227130129,129,988.0,3.0,5.0,5.0,Grey,Full leather,True,False,1.663126188966392
155500,3450,2010.0,Gasoline,Front Wheel Drive,Manual,5.0,99,1339.0,4.0,5.0,5.0,Blue,Cloth,True,True,2.0
159000,7750,2014.0,Gasoline,Front Wheel Drive,Manual,6.0,141,1798.0,4.0,5.0,5.0,Black,Cloth,False,False,1.663126188966392
101944,3990,2009.0,Gasoline,Front Wheel Drive,Manual,5.0,99,1339.0,4.0,5.0,5.0,Grey,Cloth,False,False,1.663126188966392
59019,6500,2014.0,Gasoline,Front Wheel Drive,Manual,5.0,90,1198.0,4.0,5.0,5.0,White,Cloth,False,True,2.0
165000,8588,2017.0,Diesel,Front Wheel Drive,Manual,5.486510227130129,120,1597.0,4.0,5.0,5.0,Red,Cloth,False,False,1.663126188966392
135000,4499,2000.0,Gasoline,4WD,Automatic,4.0,147,1984.0,4.0,5.0,5.0,Green,Cloth,True,True,2.0
70357,1650,2005.0,Gasoline,Front Wheel Drive,Manual,5.0,77,1246.0,4.0,5.0,5.0,Red,Cloth,False,True,2.0
139676,10869,2018.0,Gasoline,Front Wheel Drive,Manual,6.0,129,988.0,3.0,5.0,5.0,Blue,Cloth,True,True,1.663126188966392
152418,799,2007.0,Gasoline,Front Wheel Drive,Manual,5.0,77,1246.0,4.0,5.0,5.0,Violet,Cloth,False,False,1.663126188966392
220000,3500,2012.0,Diesel,4WD,Manual,6.0,150,2199.0,4.0,5.0,5.0,Grey,Part leather,False,False,1.663126188966392
224000,5500,2011.0,Diesel,4WD,Automatic,5.0,150,1539.94231635872,4.0,5.0,5.0,Grey,Velour,True,False,2.0
62160,12700,2016.0,Gasoline,Front Wheel Drive,Automatic,5.486510227130129,141,1798.0,4.0,5.0,5.0,White,Cloth,True,True,1.663126188966392
182368,999,2006.0,Gasoline,Front Wheel Drive,Manual,5.486510227130129,77,1246.0,4.0,5.0,5.0,Black,Cloth,False,False,1.663126188966392
187000,3600,2009.0,Gasoline,4WD,Manual,6.0,99,1339.0,4.0,5.0,5.0,Grey,Cloth,False,True,1.663126188966392
152000,5377,2013.0,Gasoline,Front Wheel Drive,Manual,5.486510227130129,99,1339.0,4.0,5.0,5.0,Silver,Other,True,True,1.0
68000,5500,2013.0,Gasoline,Front Wheel Drive,Manual,5.0,90,1198.0,4.0,5.0,5.0,White,Cloth,True,True,2.0
108590,12500,2017.0,Diesel,Front Wheel Drive,Manual,6.0,120,1597.0,4.0,5.0,5.0,Black,Cloth,False,False,1.663126188966392
215000,2000,2006.0,Gasoline,4WD,Manual,6.0,140,1798.0,4.0,5.0,5.0,Grey,Cloth,False,False,1.663126188966392
64000,8500,2014.0,Gasoline,4WD,Manual,6.0,99,1339.0,4.0,5.0,5.0,Black,Cloth,False,False,1.663126188966392
103245,2490,2005.0,Gasoline,Front Wheel Drive,Manual,5.0,77,1539.94231635872,4.0,5.0,5.0,Red,Cloth,False,True,2.0
181291,1390,2006.0,Gasoline,Front Wheel Drive,Manual,5.486510227130129,83,1339.0,4.0,5.0,5.0,Silver,Cloth,False,True,1.663126188966392
83000,14791,2018.0,Gasoline,Front Wheel Drive,Manual,5.486510227130129,129,1539.94231635872,3.8257612141004707,5.0,5.0,Red,Cloth,True,True,1.0
235139,1449,2004.0,Gasoline,Front Wheel Drive,Manual,5.0,83,1339.0,4.0,5.0,5.0,Grey,Cloth,True,False,1.663126188966392
121000,10990,2017.0,Gasoline,Front Wheel Drive,Manual,5.486510227130129,129,988.0,3.0,5.0,5.0,Red,Cloth,True,False,2.0
155650,9999,2017.0,Gasoline,Front Wheel Drive,Manual,6.0,131,1498.0,4.0,5.0,5.0,Black,Cloth,True,False,1.663126188966392
96017,2500,2002.0,Gasoline,Front Wheel Drive,Manual,5.0,83,1339.0,4.0,5.0,5.0,White,alcantara,False,False,1.663126188966392
74257,14500,2021.0,Gasoline,Front Wheel Drive,Manual,6.0,126,988.0,3.0,5.0,5.0,Grey,Cloth,True,False,2.0
193000,12500,2019.0,Gasoline,Front Wheel Drive,Manual,5.486510227130129,182,1498.0,4.0,5.0,5.0,Red,Cloth,True,False,2.0
157000,7900,2012.0,Diesel,4WD,Automatic,5.0,150,2199.0,4.0,5.0,5.0,Silver,Full leather,False,False,1.663126188966392
41000,14900,2018.0,Gasoline,Front Wheel Drive,Manual,6.0,129,1539.94231635872,3.0,5.0,5.0,White,alcantara,True,True,1.0
161000,5555,2012.0,Gasoline,4WD,Manual,5.486510227130129,99,1339.0,4.0,5.0,5.0,Grey,Cloth,False,True,1.663126188966392
110087,13490,2018.0,Gasoline,Front Wheel Drive,Automatic,5.486510227130129,132,1539.94231635872,3.8257612141004707,5.0,5.0,Blue,Full leather,False,True,1.663126188966392
159000,11900,2016.0,LPG,Front Wheel Drive,Manual,6.0,155,1997.0,4.0,5.0,5.0,White,alcantara,False,False,1.663126188966392
41832,13900,2019.0,Gasoline,Front Wheel Drive,Automatic,5.486510227130129,102,1318.0,4.0,5.0,5.0,Grey,Cloth,False,False,1.663126188966392
169000,3250,2007.0,Gasoline,Front Wheel Drive,Manual,5.0,83,1339.0,4.0,5.0,5.0,Black,Cloth,True,True,1.0
267000,500,2000.0,Gasoline,Front Wheel Drive,Manual,5.0,136,1850.0,4.0,5.0,5.0,Black,Cloth,False,False,2.0
205000,6171,2008.0,Gasoline,Front Wheel Drive,Automatic,5.486510227130129,150,1998.0,4.0,5.0,5.0,Black,Full leather,True,True,1.0
30000,4499,2008.0,Gasoline,4WD,Manual,5.0,83,1339.0,4.0,5.0,5.0,Grey,Full leather,False,False,1.663126188966392
139190,13480,2018.0,Diesel,Front Wheel Drive,Manual,6.0,120,1597.0,4.0,5.0,5.0,Grey,Cloth,False,False,1.0
289303,2499,2005.0,Gasoline,Front Wheel Drive,Manual,5.486510227130129,155,1998.0,4.0,5.0,5.0,Black,Cloth,True,False,1.663126188966392
89073,9251,2017.0,Gasoline,Front Wheel Drive,Manual,6.0,102,1318.0,4.0,5.0,5.0,White,Cloth,False,False,1.663126188966392
94000,5990,2012.0,Gasoline,Front Wheel Drive,Manual,5.486510227130129,90,1198.0,4.0,5.0,5.0,Black,Cloth,True,True,1.663126188966392
48015,3500,2005.0,Gasoline,Front Wheel Drive,Manual,5.0,77,1246.0,4.0,5.0,5.0,Grey,Cloth,True,True,1.0
275433,4200,2012.0,Diesel,Front Wheel Drive,Manual,6.0,150,2199.0,4.0,5.0,5.0,White,Cloth,False,False,2.0
200000,3500,2003.0,Gasoline,Front Wheel Drive,Automatic,5.0,150,1998.0,4.0,5.0,5.0,White,Cloth,False,False,1.663126188966392
259000,3500,2007.0,Gasoline,Front Wheel Drive,Automatic,6.0,140,1798.0,4.0,5.0,5.0,Blue,Cloth,False,False,1.663126188966392
98000,6500,2009.0,Gasoline,Front Wheel Drive,Manual,5.0,99,1339.0,4.0,5.0,5.0,Silver,Other,True,True,1.0
220000,6800,2015.0,Gasoline,Front Wheel Drive,Automatic,4.0,143,1800.0,4.0,5.0,5.0,Silver,Other,False,False,1.663126188966392
269000,4999,2012.0,Diesel,4WD,Manual,6.0,150,2199.0,4.0,5.0,5.0,Silver,Cloth,True,False,1.0
161000,8499,2012.0,Diesel,4WD,Manual,6.0,150,1539.94231635872,4.0,5.0,5.0,Black,Full leather,True,False,2.0
98000,14900,2013.0,Diesel,4WD,Automatic,5.0,150,1539.94231635872,4.0,5.0,5.0,Black,Full leather,True,True,1.0
111894,15000,2016.0,Diesel,Front Wheel Drive,Automatic,5.0,150,2199.0,4.0,5.0,5.0,White,Full leather,False,False,1.663126188966392
126500,5990,2011.0,Gasoline,Front Wheel Drive,Manual,5.0,99,1339.0,4.0,5.0,5.0,White,Cloth,False,False,1.663126188966392
58000,6450,2012.0,Gasoline,Front Wheel Drive,Manual,5.486510227130129,99,1339.0,4.0,5.0,5.0,Blue,Cloth,True,True,2.0
229074,3750,2012.0,Gasoline,Front Wheel Drive,Manual,5.486510227130129,90,1198.0,4.0,5.0,5.0,Grey,Cloth,False,False,1.663126188966392
190927,2200,2006.0,Gasoline,Front Wheel Drive,Manual,5.0,83,1339.0,4.0,5.0,5.0,Grey,Cloth,False,False,1.663126188966392
124000,7950,2015.0,Gasoline,Front Wheel Drive,Manual,6.0,99,1339.0,4.0,5.0,5.0,Grey,Cloth,True,True,1.0
227571,5500,2007.0,Diesel,4WD,Manual,6.0,140,2204.0,4.0,5.0,5.0,Black,Full leather,True,True,1.0
110400,12450,2013.0,Gasoline,4WD,Automatic,5.0,155,1997.0,4.0,5.0,5.0,Silver,Part leather,True,True,2.0
170500,3499,2010.0,Gasoline,Rear Wheel Drive,Manual,5.0,90,1198.0,4.0,5.0,5.0,Blue,Cloth,False,True,1.0
61900,11500,2019.0,Gasoline,Front Wheel Drive,Automatic,6.0,102,1318.0,4.0,5.0,5.0,White,Cloth,True,False,1.663126188966392
290119,3750,2006.0,Gasoline,4WD,Automatic,5.486510227130129,150,1998.0,4.0,5.0,5.0,Black,Full leather,True,False,1.663126188966392
160000,7900,2009.0,Gasoline,Front Wheel Drive,Manual,5.486510227130129,150,1997.0,4.0,5.0,5.0,Black,Cloth,False,False,2.0
250000,2850,2009.0,Gasoline,Front Wheel Drive,Manual,5.0,99,1339.0,4.0,5.0,5.0,Black,Cloth,False,True,1.0
120000,7950,2014.0,Gasoline,Front Wheel Drive,Manual,6.0,99,1339.0,4.0,5.0,5.0,White,Cloth,False,False,1.663126188966392
96000,5700,2011.0,Gasoline,Front Wheel Drive,Manual,5.0,99,1339.0,4.0,5.0,5.0,Grey,Cloth,True,False,2.0
244475,4500,2011.0,Gasoline,Front Wheel Drive,Automatic,5.486510227130129,140,1799.0,4.0,5.0,5.0,White,Other,False,False,1.663126188966392
179378,12500,2017.0,Gasoline,Front Wheel Drive,Manual,6.0,182,1498.0,4.0,5.0,5.0,White,Other,False,False,1.663126188966392
97200,3599,2010.0,Gasoline,Front Wheel Drive,Manual,5.0,90,1539.94231635872,4.0,5.0,5.0,Grey,Other,False,True,2.0
95000,10950,2016.0,Gasoline,Front Wheel Drive,Manual,6.0,99,1339.0,4.0,5.0,5.0,Grey,Cloth,True,True,1.0
198000,2700,2005.0,Gasoline,Front Wheel Drive,Automatic,5.486510227130129,110,1500.0,3.8257612141004707,5.0,5.0,Silver,Cloth,True,True,1.663126188966392
200000,1800,2009.0,Gasoline,Front Wheel Drive,Manual,5.486510227130129,83,1339.0,4.0,5.0,5.0,Black,Cloth,False,False,1.663126188966392
72000,2800,2005.0,Gasoline,Front Wheel Drive,Manual,5.0,83,1339.0,4.0,5.0,5.0,Blue,Cloth,True,True,2.0
96475,6295,2013.0,Gasoline,Front Wheel Drive,Manual,5.486510227130129,90,1198.0,4.0,5.0,5.0,White,Cloth,False,False,1.663126188966392
306144,3700,2007.0,Diesel,Front Wheel Drive,Manual,6.0,140,2204.0,4.0,5.0,5.0,Grey,Full leather,False,False,2.0
190000,11990,2015.0,Diesel,4WD,Manual,6.0,160,1597.0,4.0,5.0,5.0,Red,Full leather,False,False,1.663126188966392
139081,4250,2008.0,Gasoline,Front Wheel Drive,Manual,5.486510227130129,83,1339.0,4.0,5.0,5.0,Silver,Cloth,True,True,1.0
178000,3490,2010.0,LPG,Front Wheel Drive,Manual,5.0,90,1198.0,4.0,5.0,5.0,White,Cloth,False,True,1.663126188966392
98000,14490,2019.0,Gasoline,Front Wheel Drive,Automatic,6.0,126,988.0,3.0,5.0,5.0,Grey,Cloth,False,False,1.663126188966392
237000,6000,2016.0,Diesel,Front Wheel Drive,Manual,5.486510227130129,120,1597.0,4.0,5.0,5.0,Silver,Cloth,True,True,1.663126188966392
125000,4500,2005.0,Gasoline,Front Wheel Drive,Automatic,4.0,116,1590.0,4.0,5.0,5.0,Grey,Cloth,False,False,1.663126188966392
274000,7200,2014.0,Diesel,Front Wheel Drive,Manual,6.0,120,1597.0,4.0,5.0,5.0,Black,Velour,False,True,2.0
186000,5850,2013.0,Diesel,Front Wheel Drive,Manual,6.0,120,1597.0,4.0,5.0,5.0,Green,Velour,True,True,1.0
104000,6500,2009.0,Gasoline,Front Wheel Drive,Manual,6.0,140,1799.0,4.0,5.0,5.0,Red,Cloth,False,True,2.0
167000,1500,2005.0,Gasoline,Front Wheel Drive,Manual,5.0,77,1246.0,4.0,5.0,5.0,Blue,Cloth,False,True,1.0
200000,3500,2003.0,Gasoline,Front Wheel Drive,Automatic,5.0,150,1998.0,4.0,5.0,5.0,Silver,Cloth,False,False,1.663126188966392
245000,1495,2004.0,Gasoline,Front Wheel Drive,Manual,5.0,150,1998.0,4.0,5.0,5.0,Black,Cloth,False,True,1.663126188966392
283000,2100,2008.0,Gasoline,Front Wheel Drive,Manual,5.0,140,1798.0,4.0,5.0,5.0,Red,Cloth,False,False,1.663126188966392
285600,800,2006.0,Gasoline,Front Wheel Drive,Manual,5.486510227130129,90,1396.0,4.0,5.0,5.0,Red,Cloth,False,False,1.663126188966392
88000,3990,2006.0,Gasoline,4WD,Manual,5.0,83,1339.0,4.0,5.0,5.0,Black,Other,False,False,1.663126188966392
241773,1700,2006.0,Gasoline,Front Wheel Drive,Manual,5.0,77,1539.94231635872,4.0,5.0,5.0,Silver,Cloth,True,False,1.0
195000,3500,2007.0,Diesel,Front Wheel Drive,Manual,6.0,140,2204.0,4.0,5.0,5.0,Silver,Cloth,False,False,1.663126188966392
149000,11000,2016.0,Diesel,Front Wheel Drive,Manual,6.0,120,1597.0,4.0,5.0,5.0,Grey,Cloth,False,True,2.0
148000,13900,2017.0,Diesel,Front Wheel Drive,Automatic,5.486510227130129,160,1597.0,4.0,5.0,5.0,Grey,Velour,False,False,1.663126188966392
215000,5970,2005.0,Gasoline,Front Wheel Drive,Manual,5.0,150,1997.0,4.0,5.0,5.0,Black,Full leather,True,True,2.0
83000,6790,2014.0,Gasoline,Front Wheel Drive,Manual,5.0,90,1539.94231635872,4.0,5.0,5.0,White,Cloth,True,False,2.0
130000,700,2005.0,Gasoline,Front Wheel Drive,Manual,5.0,83,1339.0,4.0,5.0,5.0,White,Cloth,False,False,1.663126188966392
199000,6600,2017.0,Gasoline,Front Wheel Drive,Manual,6.0,102,1318.0,4.0,5.0,5.0,Red,Cloth,False,True,1.663126188966392
222000,4500,2012.0,Gasoline,Front Wheel Drive,Manual,5.486510227130129,113,1590.0,4.0,5.0,5.0,Red,Cloth,True,False,1.663126188966392
118692,12990,2015.0,Gasoline,Front Wheel Drive,Automatic,5.486510227130129,131,1498.0,4.0,5.0,5.0,White,Cloth,True,True,1.0
184952,5250,2007.0,Gasoline,Front Wheel Drive,Automatic,5.0,150,1997.0,4.0,5.0,5.0,Black,Full leather,False,False,2.0
147000,10900,2013.0,Gasoline,Front Wheel Drive,Manual,6.0,155,1997.0,4.0,5.0,5.0,Beige,alcantara,True,True,1.0
208350,8250,2017.0,Diesel,Front Wheel Drive,Manual,6.0,116,1685.0,4.0,5.0,5.0,Brown,Cloth,False,False,1.0
239000,3950,2015.0,Diesel,Front Wheel Drive,Manual,6.0,75,1120.0,3.0,5.0,5.0,Brown,Cloth,False,False,1.663126188966392
157984,6950,2012.0,Gasoline,Front Wheel Drive,Manual,6.0,135,1591.0,4.0,5.0,5.0,Black,Cloth,True,False,1.663126188966392
163400,4900,2014.0,Gasoline,Front Wheel Drive,Manual,5.0,84,1248.0,4.0,5.0,5.0,Blue,Cloth,True,True,1.0
143472,4245,2012.0,Gasoline,Front Wheel Drive,Manual,5.486510227130129,86,1248.0,4.0,5.0,5.0,Blue,Cloth,True,False,1.663126188966392
164160,9743,2018.0,Gasoline,Front Wheel Drive,Manual,6.0,120,998.0,3.0,5.0,5.0,Blue,Cloth,True,False,1.0
16000,10990,2024.0,Gasoline,Front Wheel Drive,Manual,5.0,67,998.0,3.0,5.0,5.0,White,Other,True,False,1.663126188966392
63948,14500,2019.0,Diesel,Front Wheel Drive,Manual,6.0,116,1598.0,4.0,5.0,5.0,Blue,Cloth,False,False,1.663126188966392
17500,10995,2019.0,Gasoline,Front Wheel Drive,Manual,6.0,125,1591.0,4.0,5.0,5.0,Beige,Cloth,True,True,2.0
168000,4999,2013.0,Gasoline,Front Wheel Drive,Automatic,5.0,101,1396.0,4.0,5.0,5.0,Black,Cloth,True,False,2.0
40000,14490,2023.0,Gasoline,Front Wheel Drive,Manual,6.0,99,998.0,3.0,5.0,5.0,Beige,Cloth,True,True,1.0
29590,8970,2019.0,Gasoline,Front Wheel Drive,Manual,5.0,67,998.0,3.0,5.0,5.0,Silver,Cloth,True,True,1.0
33400,13900,2020.0,Gasoline,Front Wheel Drive,Manual,6.0,110,1498.0,3.8257612141004707,5.0,5.0,White,Cloth,True,False,1.0
109236,14990,2020.0,Diesel,Front Wheel Drive,Manual,6.0,116,1598.0,4.0,5.0,5.0,White,Cloth,True,False,1.0
54627,10870,2015.0,Gasoline,Front Wheel Drive,Manual,6.0,135,1591.0,4.0,5.0,5.0,Brown,Part leather,True,True,1.0
160525,3999,2012.0,Gasoline,Front Wheel Drive,Manual,5.486510227130129,90,1396.0,4.0,5.0,5.0,Black,Cloth,True,False,1.663126188966392
53200,13990,2019.0,Gasoline,Front Wheel Drive,Manual,5.486510227130129,120,998.0,3.8257612141004707,5.0,5.0,Grey,Cloth,True,True,2.0
192381,9900,2015.0,Diesel,Rear Wheel Drive,Manual,6.0,197,2199.0,4.0,5.0,5.0,Grey,Cloth,True,False,2.0
259780,12990,2021.0,Diesel,Front Wheel Drive,Automatic,7.0,136,1598.0,4.0,5.0,5.0,Grey,Part leather,True,True,2.0
193872,6450,2013.0,Gasoline,Front Wheel Drive,Manual,5.486510227130129,135,1591.0,4.0,5.0,5.0,Brown,Part leather,True,False,1.0
90854,6499,2011.0,Gasoline,Front Wheel Drive,Manual,5.486510227130129,90,1396.0,4.0,5.0,5.0,Grey,Cloth,True,False,1.0
139341,8900,2012.0,Gasoline,Front Wheel Drive,Manual,6.0,135,1591.0,4.0,5.0,5.0,White,Part leather,True,False,1.663126188966392
163924,2450,2008.0,Gasoline,Front Wheel Drive,Manual,5.486510227130129,97,1399.0,4.0,5.0,5.0,Blue,Cloth,True,False,1.663126188966392
81007,13995,2016.0,Gasoline,Front Wheel Drive,Manual,6.0,132,1591.0,4.0,5.0,5.0,Grey,Cloth,True,True,1.0
36523,14990,2023.0,Gasoline,Front Wheel Drive,Manual,6.0,99,998.0,3.8257612141004707,5.0,5.0,Grey,Cloth,True,False,1.663126188966392
85260,14412,2020.0,Gasoline,Front Wheel Drive,Manual,6.0,120,998.0,3.8257612141004707,5.0,5.0,White,Cloth,False,True,1.0
76100,8690,2019.0,Gasoline,Front Wheel Drive,Manual,5.0,75,1248.0,3.8257612141004707,5.0,5.0,Grey,Cloth,False,False,2.0
99900,7990,2016.0,Gasoline,Front Wheel Drive,Manual,5.0,75,1248.0,4.0,5.0,5.0,Grey,Cloth,True,True,1.0
52181,10995,2023.0,Gasoline,Front Wheel Drive,Manual,5.0,67,998.0,3.8257612141004707,5.0,5.0,Blue,Cloth,False,False,1.0
10,13900,2025.0,Gasoline,Front Wheel Drive,Manual,5.0,63,998.0,3.0,5.0,5.0,Grey,Cloth,False,False,1.663126188966392
86943,11450,2019.0,Gasoline,Front Wheel Drive,Manual,5.0,83,1248.0,4.0,5.0,5.0,Black,Other,True,False,1.0
90644,8360,2019.0,Gasoline,Front Wheel Drive,Manual,5.486510227130129,75,1248.0,3.8257612141004707,5.0,5.0,White,Cloth,False,True,2.0
109000,4200,2009.0,Diesel,Front Wheel Drive,Manual,5.0,90,1582.0,4.0,5.0,5.0,Black,Cloth,True,False,1.0
54498,11990,2014.0,Gasoline,Front Wheel Drive,Manual,6.0,135,1591.0,4.0,5.0,5.0,Black,Part leather,False,True,2.0
30200,10990,2016.0,Gasoline,Front Wheel Drive,Manual,6.0,101,1368.0,4.0,5.0,5.0,Orange,Cloth,False,False,2.0
50000,11990,2019.0,Gasoline,Front Wheel Drive,Manual,6.0,120,998.0,3.0,5.0,5.0,White,Other,True,False,1.663126188966392
141039,14999,2015.0,Diesel,4WD,Automatic,6.0,197,2199.0,4.0,5.0,5.0,Brown,Full leather,True,True,1.663126188966392
143000,8990,2012.0,Diesel,4WD,Automatic,6.0,184,1995.0,4.0,5.0,5.0,Brown,Full leather,True,True,2.0
48781,10470,2011.0,Gasoline,Front Wheel Drive,Manual,5.0,163,1998.0,4.0,5.0,5.0,Blue,Full leather,False,True,2.0
132600,12900,2016.0,Diesel,Front Wheel Drive,Manual,6.0,116,1685.0,4.0,5.0,5.0,Grey,Full leather,False,False,1.0
83531,14300,2020.0,Gasoline,Front Wheel Drive,Manual,6.0,120,998.0,3.0,5.0,5.0,Blue,Cloth,False,False,1.0
201496,6495,2011.0,Gasoline,Front Wheel Drive,Manual,5.486510227130129,163,1998.0,4.0,5.0,5.0,Black,Part leather,False,False,1.663126188966392
67700,10910,2020.0,Gasoline,Front Wheel Drive,Manual,5.0,84,1248.0,4.0,5.0,5.0,White,Cloth,True,False,2.0
87660,10849,2018.0,Gasoline,Front Wheel Drive,Manual,5.0,101,998.0,3.0,5.0,5.0,Grey,Cloth,True,False,1.663126188966392
61538,14345,2020.0,Electric,Front Wheel Drive,Automatic,5.486510227130129,136,1539.94231635872,3.8257612141004707,5.0,5.0,White,Cloth,True,False,1.663126188966392
91600,10450,2019.0,Gasoline,Front Wheel Drive,Manual,5.0,99,1268.0,4.0,5.0,5.0,Grey,Cloth,False,True,2.0
45000,10900,2019.0,Gasoline,Front Wheel Drive,Manual,6.0,120,998.0,3.0,5.0,5.0,Grey,Other,False,False,1.663126188966392
82966,14960,2019.0,Gasoline,Front Wheel Drive,Automatic,7.0,140,1353.0,4.0,5.0,5.0,Red,Cloth,True,True,1.0
36145,14980,2018.0,Gasoline,Front Wheel Drive,Automatic,5.486510227130129,140,1353.0,3.8257612141004707,5.0,5.0,Blue,Cloth,True,True,2.0
160000,12990,2017.0,Diesel,Front Wheel Drive,Manual,6.0,116,1685.0,4.0,5.0,5.0,White,Cloth,True,True,1.0
71060,13950,2023.0,Electric/Gasoline,Front Wheel Drive,Manual,6.0,120,998.0,3.0,5.0,5.0,White,Cloth,False,True,1.663126188966392
59881,11450,2019.0,Gasoline,Front Wheel Drive,Manual,5.0,84,1248.0,4.0,5.0,5.0,Red,Cloth,True,True,2.0
65416,8770,2017.0,Gasoline,Front Wheel Drive,Manual,5.0,87,1248.0,4.0,5.0,5.0,White,Cloth,True,True,1.663126188966392
131500,11490,2018.0,Gasoline,Front Wheel Drive,Manual,6.0,140,1353.0,3.8257612141004707,5.0,5.0,Grey,Cloth,True,False,1.0
99850,13700,2020.0,Diesel,Front Wheel Drive,Manual,6.0,116,1598.0,4.0,5.0,5.0,White,Other,False,False,1.663126188966392
114888,7990,2015.0,Gasoline,Front Wheel Drive,Manual,5.486510227130129,125,1591.0,3.8257612141004707,5.0,5.0,White,Cloth,False,True,1.663126188966392
59500,9900,2016.0,Gasoline,Front Wheel Drive,Manual,6.0,120,998.0,3.0,5.0,5.0,Red,Cloth,True,True,2.0
182149,10999,2015.0,Gasoline,Front Wheel Drive,Manual,6.0,132,1591.0,4.0,5.0,5.0,Grey,Cloth,True,False,1.663126188966392
132123,9949,2011.0,Gasoline,Front Wheel Drive,Automatic,6.0,163,1998.0,4.0,5.0,5.0,Grey,Full leather,True,False,1.0
119600,12500,2023.0,LPG,Front Wheel Drive,Manual,5.0,84,1197.0,4.0,5.0,5.0,White,Cloth,True,False,1.663126188966392
64612,13990,2022.0,Gasoline,Front Wheel Drive,Manual,6.0,120,998.0,3.0,5.0,5.0,Silver,Cloth,False,False,1.0
48100,12900,2022.0,Gasoline,Front Wheel Drive,Manual,5.0,84,1197.0,4.0,5.0,5.0,White,Cloth,False,False,1.0
126000,9900,2021.0,Electric/Gasoline,Front Wheel Drive,Manual,6.0,101,998.0,3.0,5.0,5.0,Blue,Cloth,False,False,1.663126188966392
35149,11970,2020.0,Gasoline,Front Wheel Drive,Manual,5.0,84,1248.0,4.0,5.0,5.0,Red,Cloth,True,True,1.0
75978,13750,2020.0,Gasoline,Front Wheel Drive,Manual,5.486510227130129,120,998.0,3.0,5.0,5.0,Grey,Cloth,False,False,1.663126188966392
83308,12800,2020.0,Gasoline,Front Wheel Drive,Manual,5.0,101,998.0,3.0,5.0,5.0,White,Cloth,False,False,1.0
112000,8000,2012.0,Diesel,Front Wheel Drive,Manual,5.0,136,1995.0,4.0,5.0,5.0,Grey,Part leather,False,False,1.663126188966392
64612,13990,2022.0,Gasoline,Front Wheel Drive,Manual,6.0,120,998.0,3.0,5.0,5.0,Silver,Cloth,False,False,1.0
83700,9949,2017.0,Gasoline,Front Wheel Drive,Manual,6.0,120,998.0,3.0,5.0,5.0,White,Cloth,True,True,2.0
33739,10812,2022.0,Gasoline,Front Wheel Drive,Manual,5.0,84,1197.0,4.0,5.0,5.0,Grey,Cloth,False,False,1.0
126246,10290,2021.0,Electric/Diesel,Front Wheel Drive,Automatic,7.0,136,1598.0,4.0,5.0,5.0,White,Cloth,False,True,1.0
280000,3302,2015.0,Diesel,Front Wheel Drive,Manual,6.0,90,1396.0,4.0,5.0,5.0,Black,Cloth,False,True,1.0
51991,10480,2018.0,Gasoline,Front Wheel Drive,Manual,5.0,75,1248.0,4.0,5.0,5.0,White,Cloth,False,False,1.0
100647,13990,2016.0,Gasoline,Front Wheel Drive,Manual,5.486510227130129,132,1591.0,3.8257612141004707,5.0,5.0,Grey,Cloth,False,True,1.663126188966392
53000,8999,2017.0,Gasoline,Front Wheel Drive,Manual,5.0,101,1368.0,4.0,5.0,5.0,White,Cloth,True,True,1.663126188966392
154987,12900,2017.0,Electric/Gasoline,Front Wheel Drive,Automatic,5.486510227130129,105,1580.0,4.0,5.0,5.0,Black,Full leather,False,False,1.0
80000,9290,2017.0,Gasoline,Front Wheel Drive,Manual,5.0,101,998.0,3.0,5.0,5.0,Silver,Cloth,True,True,1.0
144637,2450,2009.0,Gasoline,Front Wheel Drive,Manual,5.0,67,1086.0,4.0,5.0,5.0,Black,Cloth,False,True,1.663126188966392
47086,8500,2014.0,Gasoline,Front Wheel Drive,Automatic,4.0,67,998.0,3.0,5.0,5.0,Red,Cloth,False,False,1.0
84324,13440,2020.0,Gasoline,Front Wheel Drive,Manual,6.0,120,998.0,3.0,5.0,5.0,Black,Cloth,True,False,2.0
109492,14990,2017.0,Gasoline,Front Wheel Drive,Manual,5.486510227130129,177,1591.0,3.8257612141004707,5.0,5.0,Beige,Cloth,True,True,1.663126188966392
57166,11450,2019.0,Gasoline,Front Wheel Drive,Manual,5.486510227130129,75,1248.0,3.8257612141004707,5.0,5.0,Blue,Cloth,False,False,1.663126188966392
34282,14370,2023.0,Gasoline,Front Wheel Drive,Manual,6.0,101,998.0,3.0,5.0,5.0,Blue,Cloth,False,False,1.0
59974,8990,2017.0,Gasoline,Front Wheel Drive,Manual,5.0,87,1248.0,4.0,5.0,5.0,Black,Part leather,False,False,1.0
81914,12890,2022.0,Gasoline,Front Wheel Drive,Manual,6.0,120,998.0,3.0,5.0,5.0,Grey,Part leather,False,False,1.663126188966392
132952,9950,2013.0,Diesel,4WD,Manual,6.0,136,1995.0,3.8257612141004707,5.0,5.0,White,Cloth,True,False,1.663126188966392
48600,14170,2020.0,Gasoline,Front Wheel Drive,Manual,6.0,120,998.0,3.0,5.0,5.0,Grey,Cloth,True,True,2.0
162796,5450,2014.0,Gasoline,Front Wheel Drive,Manual,5.0,67,998.0,3.0,5.0,5.0,Black,Cloth,True,False,2.0
56890,13870,2020.0,Gasoline,Front Wheel Drive,Manual,6.0,120,998.0,3.0,5.0,5.0,Red,Cloth,True,True,2.0
105618,10750,2017.0,Electric,Front Wheel Drive,Automatic,7.0,0,1539.94231635872,3.8257612141004707,5.0,5.0,Blue,Cloth,True,False,1.0
54008,14220,2018.0,Gasoline,Front Wheel Drive,Manual,5.486510227130129,132,1591.0,3.8257612141004707,5.0,5.0,Silver,Cloth,False,True,2.0
111163,14490,2021.0,Electric/Gasoline,Front Wheel Drive,Automatic,6.0,141,1580.0,4.0,5.0,5.0,White,Cloth,False,False,2.0
285354,4990,2009.0,Diesel,Front Wheel Drive,Manual,5.0,140,1991.0,3.8257612141004707,5.0,5.0,Black,Cloth,False,False,2.0
124000,6300,2013.0,Gasoline,Front Wheel Drive,Automatic,4.0,99,1396.0,4.0,5.0,5.0,Grey,Other,True,False,1.663126188966392
82407,13875,2022.0,Gasoline,Front Wheel Drive,Manual,6.0,120,998.0,3.0,5.0,5.0,Blue,Other,False,True,1.0
125156,7392,2017.0,Gasoline,Front Wheel Drive,Manual,5.0,87,1248.0,4.0,5.0,5.0,White,Cloth,True,True,1.0
97521,13795,2016.0,Gasoline,Front Wheel Drive,Manual,6.0,132,1591.0,4.0,5.0,5.0,Grey,Cloth,False,False,1.663126188966392
31000,13990,2022.0,Gasoline,Front Wheel Drive,Manual,6.0,101,998.0,3.0,5.0,5.0,Blue,Cloth,False,False,1.0
147700,6977,2013.0,Gasoline,Front Wheel Drive,Manual,6.0,99,1396.0,4.0,5.0,5.0,Blue,Cloth,False,True,2.0
142402,6499,2013.0,Gasoline,Front Wheel Drive,Manual,5.0,90,1396.0,4.0,5.0,5.0,Grey,Cloth,False,False,1.663126188966392
77147,13600,2019.0,Gasoline,Front Wheel Drive,Manual,6.0,120,998.0,3.0,5.0,5.0,Blue,Cloth,False,False,1.0
119800,11670,2015.0,Gasoline,Front Wheel Drive,Manual,6.0,135,1591.0,3.8257612141004707,5.0,5.0,Black,Cloth,False,True,2.0
37800,10900,2020.0,Gasoline,Front Wheel Drive,Manual,5.0,67,998.0,3.0,5.0,5.0,Silver,Cloth,False,True,2.0
26272,10490,2019.0,Gasoline,Front Wheel Drive,Manual,5.0,67,998.0,3.0,5.0,5.0,Grey,Cloth,True,True,1.0
57138,11990,2021.0,Gasoline,Front Wheel Drive,Manual,6.0,84,1197.0,3.8257612141004707,5.0,5.0,Blue,Cloth,True,False,1.0
111491,9580,2014.0,Gasoline,Front Wheel Drive,Manual,5.486510227130129,135,1591.0,3.8257612141004707,5.0,5.0,Black,Part leather,True,True,2.0
23855,13480,2020.0,Gasoline,Front Wheel Drive,Automatic,5.0,67,998.0,3.0,5.0,5.0,Blue,Cloth,True,True,1.663126188966392
72000,12990,2019.0,Gasoline,Front Wheel Drive,Manual,5.486510227130129,101,1368.0,4.0,5.0,5.0,Black,Cloth,True,True,1.0
51226,12390,2023.0,Gasoline,Front Wheel Drive,Manual,6.0,101,998.0,3.0,5.0,5.0,Blue,Cloth,False,False,1.663126188966392
94617,7900,2017.0,LPG,Front Wheel Drive,Manual,5.0,67,998.0,3.0,5.0,5.0,White,Cloth,False,True,1.0
93858,14770,2023.0,Gasoline,Front Wheel Drive,Automatic,7.0,120,998.0,3.0,5.0,5.0,Grey,Cloth,True,True,1.0
65000,11990,2020.0,Gasoline,Front Wheel Drive,Manual,5.0,84,1248.0,4.0,5.0,5.0,Black,Cloth,False,False,2.0
72775,7950,2015.0,Gasoline,Front Wheel Drive,Manual,5.0,67,998.0,3.0,5.0,5.0,White,Cloth,False,True,1.663126188966392
137800,5500,2018.0,Gasoline,Front Wheel Drive,Manual,5.0,84,1248.0,3.8257612141004707,5.0,5.0,Black,Full leather,True,False,2.0
73671,9890,2021.0,Gasoline,Front Wheel Drive,Manual,5.0,67,998.0,3.0,5.0,5.0,Red,Cloth,False,False,1.663126188966392
196726,5900,2013.0,Gasoline,Front Wheel Drive,Manual,6.0,135,1591.0,3.8257612141004707,5.0,5.0,White,Cloth,False,False,2.0
81500,11900,2018.0,Gasoline,Front Wheel Drive,Manual,6.0,99,1368.0,4.0,5.0,5.0,Red,Cloth,True,False,1.663126188966392
62942,12190,2020.0,Gasoline,Front Wheel Drive,Manual,5.486510227130129,101,998.0,3.8257612141004707,5.0,5.0,Grey,Cloth,True,True,2.0
78000,12770,2010.0,Gasoline,Front Wheel Drive,Manual,5.0,163,1998.0,4.0,5.0,5.0,Silver,Cloth,False,True,2.0
44000,14490,2022.0,Gasoline,Front Wheel Drive,Manual,6.0,101,998.0,3.0,5.0,5.0,Silver,Cloth,False,False,2.0
66185,14960,2021.0,Gasoline,Front Wheel Drive,Manual,5.486510227130129,120,998.0,3.0,5.0,5.0,Black,Cloth,False,True,2.0
61000,13490,2019.0,Gasoline,Front Wheel Drive,Automatic,6.0,125,1591.0,4.0,5.0,5.0,Blue,Cloth,False,False,2.0
38698,14290,2023.0,Gasoline,Front Wheel Drive,Manual,6.0,101,998.0,3.0,5.0,5.0,Blue,Cloth,False,False,1.0
133520,14490,2019.0,Gasoline,Front Wheel Drive,Manual,5.486510227130129,132,1591.0,3.8257612141004707,5.0,5.0,Black,Cloth,False,True,2.0
125600,12950,2018.0,Diesel,Front Wheel Drive,Manual,6.0,116,1685.0,4.0,5.0,5.0,Silver,Cloth,True,True,1.0
93854,10900,2019.0,LPG,Front Wheel Drive,Manual,5.0,73,1248.0,4.0,5.0,5.0,White,Other,False,False,1.0
105000,10999,2023.0,Electric/Gasoline,Front Wheel Drive,Manual,6.0,120,998.0,3.0,5.0,5.0,Grey,Cloth,False,False,1.663126188966392
83192,13970,2018.0,Gasoline,Front Wheel Drive,Manual,6.0,132,1591.0,4.0,5.0,5.0,White,Cloth,True,True,2.0
29800,13200,2022.0,Gasoline,Front Wheel Drive,Manual,5.0,67,998.0,3.0,5.0,5.0,Silver,Cloth,True,True,2.0
93646,7980,2017.0,Gasoline,Front Wheel Drive,Manual,5.0,67,998.0,3.0,5.0,5.0,Orange,Cloth,True,False,1.0
124000,11390,2018.0,Gasoline,Front Wheel Drive,Manual,6.0,140,1368.0,4.0,5.0,5.0,Grey,Cloth,True,True,1.0
63900,10888,2018.0,Gasoline,Front Wheel Drive,Manual,5.0,84,1248.0,4.0,5.0,5.0,White,Cloth,True,True,1.0
130302,13900,2020.0,Gasoline,Front Wheel Drive,Automatic,7.0,140,1353.0,4.0,5.0,5.0,White,Cloth,True,True,2.0
29488,12990,2021.0,Gasoline,Front Wheel Drive,Manual,5.0,84,1197.0,4.0,5.0,5.0,White,Cloth,True,False,2.0
149816,3950,2010.0,Gasoline,Front Wheel Drive,Manual,5.486510227130129,101,1396.0,4.0,5.0,5.0,Grey,Cloth,True,False,1.663126188966392
118604,8900,2011.0,Diesel,Front Wheel Drive,Manual,5.486510227130129,116,1685.0,3.8257612141004707,5.0,5.0,Black,Cloth,False,False,1.0
7000,14770,2025.0,Gasoline,Front Wheel Drive,Manual,5.0,79,1197.0,3.8257612141004707,5.0,5.0,Blue,Cloth,True,False,1.0
109000,8300,2015.0,Diesel,Front Wheel Drive,Manual,6.0,116,1685.0,4.0,5.0,5.0,Black,Cloth,False,False,1.663126188966392
10,14070,2025.0,Gasoline,Front Wheel Drive,Manual,5.0,79,1197.0,3.8257612141004707,5.0,5.0,Red,Cloth,True,False,1.0
79393,13980,2018.0,Electric/Gasoline,Front Wheel Drive,Manual,6.0,105,1580.0,4.0,5.0,5.0,Orange,Cloth,False,False,1.0
79061,8990,2018.0,Gasoline,Front Wheel Drive,Manual,5.0,75,1248.0,4.0,5.0,5.0,Blue,Cloth,True,True,2.0
66920,13900,2023.0,Electric/Gasoline,Front Wheel Drive,Manual,6.0,120,998.0,3.8257612141004707,5.0,5.0,Blue,Other,False,False,1.0
108689,13800,2020.0,Electric,Front Wheel Drive,Automatic,5.486510227130129,136,1539.94231635872,3.8257612141004707,5.0,5.0,Grey,Cloth,True,False,2.0
10378,13849,2020.0,Gasoline,Front Wheel Drive,Automatic,5.486510227130129,67,998.0,3.8257612141004707,5.0,5.0,Black,Cloth,False,True,1.0
75500,10500,2016.0,Gasoline,Front Wheel Drive,Manual,6.0,101,1368.0,4.0,5.0,5.0,Black,Cloth,True,True,1.663126188966392
62500,13290,2017.0,Gasoline,Front Wheel Drive,Automatic,6.0,125,1591.0,4.0,5.0,5.0,Grey,Cloth,True,False,2.0
98034,7090,2017.0,Gasoline,Front Wheel Drive,Manual,5.486510227130129,67,998.0,3.8257612141004707,5.0,5.0,White,Cloth,False,True,1.0
16984,13900,2024.0,Gasoline,Front Wheel Drive,Manual,5.0,80,1197.0,4.0,5.0,5.0,Red,Cloth,False,False,1.663126188966392
21126,13990,2022.0,Gasoline,Front Wheel Drive,Manual,5.0,84,1197.0,4.0,5.0,5.0,Blue,Cloth,False,True,2.0
53214,10500,2019.0,Gasoline,Front Wheel Drive,Manual,6.0,120,998.0,3.8257612141004707,5.0,5.0,White,Other,False,False,1.663126188966392
194124,2995,2011.0,Gasoline,Front Wheel Drive,Manual,5.486510227130129,126,1591.0,4.0,5.0,5.0,Grey,Other,True,False,1.663126188966392
37233,15000,2024.0,Gasoline,Front Wheel Drive,Automatic,5.0,67,998.0,3.0,5.0,5.0,Red,Cloth,False,False,1.0
100675,10950,2012.0,Gasoline,Front Wheel Drive,Automatic,5.486510227130129,163,1998.0,4.0,5.0,5.0,Black,Part leather,True,False,1.663126188966392
114697,13990,2016.0,Gasoline,Front Wheel Drive,Manual,5.486510227130129,132,1591.0,3.8257612141004707,5.0,5.0,Grey,Cloth,True,True,1.663126188966392
63576,13490,2019.0,Gasoline,Front Wheel Drive,Manual,5.486510227130129,125,1591.0,3.8257612141004707,5.0,5.0,Silver,Cloth,True,True,1.663126188966392
67988,14900,2021.0,Diesel,Front Wheel Drive,Automatic,7.0,136,1598.0,4.0,5.0,5.0,Black,Other,False,False,1.0
83601,8290,2015.0,Diesel,Front Wheel Drive,Manual,6.0,90,1396.0,3.8257612141004707,5.0,5.0,Grey,Other,True,False,1.663126188966392
20510,14950,2023.0,Gasoline,Front Wheel Drive,Manual,6.0,101,998.0,3.0,5.0,5.0,Black,Cloth,False,True,1.0
76554,10990,2015.0,Diesel,Front Wheel Drive,Manual,5.486510227130129,110,1582.0,3.8257612141004707,5.0,5.0,Grey,Cloth,False,True,2.0
71566,6490,2017.0,Gasoline,Front Wheel Drive,Manual,5.0,67,998.0,3.0,5.0,5.0,Blue,Cloth,True,True,2.0
140965,12300,2017.0,Diesel,Front Wheel Drive,Manual,6.0,116,1685.0,4.0,5.0,5.0,Silver,Cloth,False,False,2.0
29100,14990,2022.0,Gasoline,Front Wheel Drive,Manual,6.0,101,998.0,3.0,5.0,5.0,Black,Cloth,False,False,1.0
137800,12500,2017.0,Diesel,Front Wheel Drive,Manual,6.0,116,1685.0,4.0,5.0,5.0,Black,Cloth,False,False,1.663126188966392
150000,10990,2016.0,Diesel,Front Wheel Drive,Manual,6.0,116,1685.0,4.0,5.0,5.0,Grey,Cloth,True,False,1.0
107736,12590,2021.0,Gasoline,Front Wheel Drive,Manual,6.0,101,998.0,3.0,5.0,5.0,White,Cloth,False,False,1.0
135900,5750,2014.0,Gasoline,Front Wheel Drive,Manual,5.0,87,1248.0,4.0,5.0,5.0,Blue,Cloth,True,True,1.0
85835,12480,2022.0,Gasoline,Front Wheel Drive,Manual,6.0,110,1498.0,4.0,5.0,5.0,Grey,Cloth,True,False,2.0
82235,11350,2017.0,Electric/Gasoline,Front Wheel Drive,Semi-automatic,6.0,140,1580.0,4.0,5.0,5.0,Grey,Other,False,False,1.663126188966392
83500,13875,2022.0,Gasoline,Front Wheel Drive,Manual,6.0,120,998.0,3.0,5.0,5.0,Bronze,Other,False,False,1.0
133773,7985,2012.0,Gasoline,Front Wheel Drive,Automatic,4.0,125,1591.0,4.0,5.0,5.0,Brown,Cloth,True,False,1.663126188966392
154123,10900,2016.0,Diesel,Front Wheel Drive,Manual,6.0,116,1685.0,4.0,5.0,5.0,White,Cloth,True,True,1.0
140000,12600,2021.0,Electric/Gasoline,Front Wheel Drive,Automatic,6.0,141,1580.0,4.0,5.0,5.0,White,Cloth,False,False,1.663126188966392
64457,13990,2015.0,Diesel,Rear Wheel Drive,Automatic,6.0,163,2179.0,3.8257612141004707,5.0,5.0,Violet,Full leather,True,True,1.0
163000,13950,2020.0,Diesel,Rear Wheel Drive,Automatic,6.0,163,1999.0,4.0,5.0,5.0,Black,Part leather,False,False,1.663126188966392
180000,14900,2018.0,Diesel,Rear Wheel Drive,Semi-automatic,5.486510227130129,150,1999.0,4.0,5.0,5.0,Grey,Part leather,False,False,1.663126188966392
159000,5500,2006.0,Diesel,Front Wheel Drive,Manual,6.0,155,2198.0,4.0,5.0,5.0,Grey,Full leather,False,False,1.663126188966392
215000,10790,2016.0,Diesel,4WD,Manual,6.0,179,1999.0,4.0,5.0,5.0,Black,Other,False,False,1.663126188966392
215000,10790,2016.0,Diesel,4WD,Manual,6.0,179,1999.0,4.0,5.0,5.0,Black,Full leather,False,False,1.663126188966392
102795,14990,2019.0,Diesel,Front Wheel Drive,Manual,6.0,150,1999.0,4.0,5.0,5.0,White,Full leather,False,False,1.663126188966392
215000,10790,2016.0,Diesel,4WD,Manual,6.0,179,1999.0,4.0,5.0,5.0,Black,Full leather,False,False,1.663126188966392
72690,13990,2019.0,Diesel,Front Wheel Drive,Manual,6.0,150,1999.0,4.0,5.0,5.0,Red,Cloth,True,True,1.0
115000,13950,2019.0,Diesel,4WD,Manual,6.0,163,1997.0,4.0,5.0,5.0,White,Full leather,True,True,1.0
130000,14990,2018.0,Diesel,Rear Wheel Drive,Automatic,5.486510227130129,151,1539.94231635872,3.8257612141004707,5.0,5.0,Black,Full leather,False,False,1.663126188966392
233911,5900,2008.0,Diesel,Front Wheel Drive,Automatic,6.0,145,1539.94231635872,4.0,5.0,5.0,Black,Full leather,False,False,1.663126188966392
283000,6500,2016.0,Diesel,Rear Wheel Drive,Semi-automatic,5.486510227130129,179,1999.0,4.0,5.0,5.0,White,Full leather,False,False,1.663126188966392
298000,2500,2007.0,Diesel,4WD,Manual,6.0,155,2198.0,4.0,5.0,5.0,White,Full leather,False,False,1.663126188966392
68113,15000,2018.0,Diesel,Front Wheel Drive,Manual,5.0,150,1999.0,4.0,5.0,5.0,White,Cloth,True,True,1.663126188966392
168000,12000,2018.0,Diesel,4WD,Automatic,5.486510227130129,179,1999.0,4.0,5.0,5.0,Blue,Part leather,False,True,1.663126188966392
199898,900,2004.0,Diesel,Front Wheel Drive,Manual,5.0,131,1998.0,4.0,5.0,5.0,Silver,Full leather,False,True,2.0
124000,12500,2022.0,Diesel,Front Wheel Drive,Manual,6.0,131,1598.0,4.0,5.0,5.0,Grey,Cloth,True,True,1.0
174800,7800,2015.0,Gasoline,Front Wheel Drive,Manual,6.0,140,1368.0,4.0,5.0,5.0,Black,Cloth,True,False,1.663126188966392
59447,14900,2020.0,Electric/Gasoline,4WD,Automatic,6.0,190,1332.0,4.0,5.0,5.0,Grey,Other,False,False,1.663126188966392
222000,8900,2015.0,Diesel,4WD,Manual,6.0,140,1956.0,4.0,5.0,5.0,Black,Cloth,True,False,1.0
75673,13490,2021.0,Gasoline,Front Wheel Drive,Manual,6.0,120,999.0,3.0,5.0,5.0,Grey,Cloth,True,True,1.0
112273,11900,2017.0,Diesel,Front Wheel Drive,Manual,6.0,120,1598.0,4.0,5.0,5.0,Black,Cloth,False,False,1.663126188966392
213000,11999,2016.0,Diesel,4WD,Automatic,5.486510227130129,200,2184.0,4.0,5.0,5.0,Grey,Full leather,True,True,2.0
98186,11990,2018.0,Gasoline,Front Wheel Drive,Manual,6.0,140,1368.0,4.0,5.0,5.0,White,Full leather,False,False,2.0
206600,8900,2017.0,Diesel,Front Wheel Drive,Automatic,6.0,120,1598.0,4.0,5.0,5.0,White,Cloth,False,False,1.663126188966392
92611,13500,2019.0,Diesel,4WD,Automatic,6.0,140,1956.0,4.0,5.0,5.0,Black,Other,False,False,1.0
108700,11990,2018.0,Gasoline,Front Wheel Drive,Manual,6.0,140,1368.0,4.0,5.0,5.0,Grey,Cloth,True,True,1.0
209000,3500,2008.0,Diesel,4WD,Manual,6.0,140,1968.0,4.0,5.0,5.0,Silver,Full leather,False,False,1.663126188966392
88382,11980,2019.0,Gasoline,Front Wheel Drive,Manual,6.0,120,999.0,4.0,5.0,5.0,White,Cloth,True,True,2.0
136000,11990,2017.0,Gasoline,Front Wheel Drive,Automatic,6.0,140,1368.0,4.0,5.0,5.0,Grey,Full leather,False,False,1.0
48564,14800,2021.0,Gasoline,Front Wheel Drive,Manual,6.0,120,999.0,3.0,5.0,5.0,Grey,Cloth,True,False,1.0
135698,10900,2015.0,Diesel,4WD,Manual,6.0,140,1956.0,4.0,5.0,5.0,White,Cloth,True,True,1.0
180000,11200,2019.0,Diesel,Front Wheel Drive,Automatic,6.0,120,1598.0,4.0,5.0,5.0,Blue,Cloth,True,False,1.0
143000,12999,2017.0,Diesel,Front Wheel Drive,Manual,6.0,120,1598.0,4.0,5.0,5.0,Grey,Full leather,True,False,1.0
95000,12990,2018.0,Gasoline,Front Wheel Drive,Manual,6.0,140,1368.0,4.0,5.0,5.0,White,Full leather,True,True,1.0
144000,12900,2021.0,Electric/Gasoline,4WD,Automatic,5.486510227130129,179,1332.0,4.0,5.0,5.0,Grey,Cloth,False,False,1.663126188966392
95159,12985,2018.0,Gasoline,Front Wheel Drive,Manual,6.0,140,1368.0,4.0,5.0,5.0,Black,Cloth,False,False,2.0
76900,13250,2019.0,Gasoline,Front Wheel Drive,Manual,6.0,120,999.0,3.0,5.0,5.0,Green,Cloth,False,False,1.663126188966392
91015,14900,2021.0,Electric/Gasoline,4WD,Automatic,6.0,189,1332.0,4.0,5.0,5.0,White,Cloth,True,False,1.663126188966392
72015,12650,2018.0,Gasoline,Front Wheel Drive,Manual,5.486510227130129,120,999.0,3.8257612141004707,5.0,5.0,Black,Cloth,False,True,2.0
129853,13900,2019.0,Diesel,Front Wheel Drive,Manual,5.0,120,1598.0,4.0,5.0,5.0,White,Cloth,True,True,1.0
141127,13200,2019.0,Diesel,Front Wheel Drive,Manual,6.0,120,1598.0,4.0,5.0,5.0,Black,Cloth,True,False,2.0
45442,14900,2019.0,Gasoline,Front Wheel Drive,Automatic,6.0,150,1332.0,4.0,5.0,5.0,Blue,Other,False,False,1.663126188966392
199952,10499,2017.0,Diesel,Front Wheel Drive,Manual,6.0,120,1598.0,4.0,5.0,5.0,Grey,Part leather,False,False,1.0
113000,12500,2017.0,LPG,Front Wheel Drive,Automatic,6.0,140,1368.0,4.0,5.0,5.0,Grey,Cloth,False,False,1.663126188966392
98000,12400,2016.0,Diesel,Front Wheel Drive,Manual,6.0,120,1598.0,4.0,5.0,5.0,Black,Cloth,True,True,1.0
61435,12990,2018.0,Gasoline,Front Wheel Drive,Manual,6.0,136,1368.0,3.8257612141004707,5.0,5.0,Red,Cloth,True,True,1.0
83950,13950,2019.0,Diesel,Front Wheel Drive,Manual,6.0,120,1598.0,4.0,5.0,5.0,Red,Cloth,False,False,1.663126188966392
90870,13990,2022.0,Electric/Gasoline,4WD,Automatic,6.0,131,1332.0,4.0,5.0,5.0,Red,Cloth,True,True,1.663126188966392
89000,14490,2017.0,Diesel,4WD,Manual,6.0,140,1956.0,4.0,5.0,5.0,Black,Cloth,True,True,1.0
48141,14490,2019.0,Gasoline,4WD,Manual,6.0,120,999.0,3.0,5.0,5.0,White,Cloth,False,True,1.663126188966392
108000,12800,2016.0,Diesel,Front Wheel Drive,Manual,6.0,120,1598.0,4.0,5.0,5.0,Black,Cloth,True,True,1.0
51921,14410,2019.0,Gasoline,Front Wheel Drive,Manual,6.0,120,999.0,3.8257612141004707,5.0,5.0,White,Cloth,False,True,1.0
66447,14950,2021.0,Gasoline,Front Wheel Drive,Manual,6.0,120,999.0,3.0,5.0,5.0,White,Cloth,False,False,1.663126188966392
119552,13390,2021.0,Diesel,Front Wheel Drive,Manual,6.0,131,1598.0,4.0,5.0,5.0,White,Cloth,False,True,1.0
57939,13955,2018.0,Diesel,Front Wheel Drive,Manual,6.0,120,1598.0,4.0,5.0,5.0,Grey,Cloth,False,False,1.663126188966392
182000,5500,2011.0,Diesel,4WD,Manual,6.0,163,2143.0,4.0,5.0,5.0,Grey,Cloth,True,False,1.663126188966392
99500,12600,2019.0,Gasoline,Front Wheel Drive,Manual,6.0,120,999.0,3.0,5.0,5.0,Black,Cloth,False,False,2.0
113591,13499,2018.0,Gasoline,Front Wheel Drive,Manual,6.0,140,1400.0,4.0,5.0,5.0,Green,Cloth,False,False,1.663126188966392
71052,14800,2016.0,Diesel,Front Wheel Drive,Manual,6.0,120,1598.0,4.0,5.0,5.0,Green,Cloth,True,False,2.0
55592,14850,2021.0,Gasoline,Front Wheel Drive,Manual,6.0,120,999.0,3.0,5.0,5.0,Green,Other,False,False,1.663126188966392
96300,14900,2021.0,Electric/Gasoline,4WD,Automatic,6.0,131,1332.0,4.0,5.0,5.0,Black,Cloth,False,False,1.0
126077,10955,2018.0,Gasoline,Front Wheel Drive,Manual,6.0,120,999.0,3.0,5.0,5.0,Silver,Cloth,False,False,1.663126188966392
102840,10819,2018.0,Gasoline,Front Wheel Drive,Manual,6.0,120,999.0,3.0,5.0,5.0,Black,Cloth,False,False,1.663126188966392
54000,14790,2018.0,Gasoline,Front Wheel Drive,Manual,6.0,140,1368.0,4.0,5.0,5.0,White,Part leather,False,False,1.663126188966392
124571,11734,2020.0,Gasoline,Front Wheel Drive,Manual,6.0,120,999.0,3.0,5.0,5.0,Black,Part leather,False,False,1.663126188966392
94000,13499,2018.0,Diesel,Front Wheel Drive,Manual,5.486510227130129,120,1598.0,4.0,5.0,5.0,Yellow,Cloth,False,False,1.663126188966392
152969,12500,2018.0,Gasoline,Front Wheel Drive,Automatic,5.486510227130129,150,1332.0,4.0,5.0,5.0,Yellow,Cloth,True,True,1.0
59900,13490,2019.0,Gasoline,Front Wheel Drive,Manual,6.0,120,999.0,3.0,5.0,5.0,Red,Cloth,False,False,1.663126188966392
123000,8990,2011.0,Diesel,Front Wheel Drive,Manual,6.0,136,2143.0,4.0,5.0,5.0,Grey,Cloth,False,False,1.663126188966392
113000,6900,2012.0,Diesel,4WD,Manual,6.0,163,2143.0,4.0,5.0,5.0,Black,Cloth,False,False,1.663126188966392
217929,11355,2019.0,Diesel,4WD,Manual,6.0,140,1956.0,4.0,5.0,5.0,White,Full leather,False,False,1.663126188966392
55606,14500,2018.0,Gasoline,Front Wheel Drive,Manual,6.0,120,999.0,3.0,5.0,5.0,White,Cloth,False,False,1.0
120000,12989,2017.0,Gasoline,Front Wheel Drive,Manual,6.0,140,1368.0,4.0,5.0,5.0,Grey,Full leather,True,False,1.663126188966392
67000,14900,2019.0,Gasoline,Front Wheel Drive,Manual,5.0,140,1368.0,4.0,5.0,5.0,White,Part leather,False,True,1.663126188966392
84990,13890,2019.0,Gasoline,Front Wheel Drive,Manual,6.0,140,1368.0,4.0,5.0,5.0,Grey,Cloth,True,False,2.0
107326,11719,2020.0,Gasoline,Front Wheel Drive,Manual,6.0,120,999.0,3.0,5.0,5.0,Grey,Cloth,False,False,1.663126188966392
46363,13480,2015.0,Diesel,4WD,Manual,6.0,140,1956.0,4.0,5.0,5.0,Black,Full leather,True,True,1.0
18684,13990,2021.0,Gasoline,Front Wheel Drive,Manual,6.0,120,999.0,3.0,5.0,5.0,Blue,Cloth,False,True,1.0
170000,10190,2018.0,Diesel,Front Wheel Drive,Manual,5.486510227130129,120,1598.0,4.0,5.0,5.0,White,Cloth,True,False,1.663126188966392
133099,11190,2015.0,Diesel,Front Wheel Drive,Manual,6.0,120,1598.0,4.0,5.0,5.0,Grey,Other,False,False,1.663126188966392
87933,14900,2019.0,Gasoline,Front Wheel Drive,Automatic,6.0,150,1332.0,4.0,5.0,5.0,Blue,Other,False,False,1.0
74395,14490,2015.0,Diesel,4WD,Manual,5.486510227130129,140,1539.94231635872,3.8257612141004707,5.0,5.0,White,Other,False,False,1.663126188966392
10,1,2025.0,Electric/Gasoline,Front Wheel Drive,Automatic,6.0,101,1199.0,3.0,5.0,5.0,Silver,Part leather,True,False,1.663126188966392
111500,13900,2019.0,Diesel,Front Wheel Drive,Manual,6.0,120,1598.0,4.0,5.0,5.0,Black,Cloth,False,True,1.663126188966392
166266,9895,2014.0,Gasoline,Front Wheel Drive,Manual,5.0,156,1998.0,4.0,5.0,5.0,Black,Part leather,True,False,2.0
139000,12900,2016.0,Diesel,Front Wheel Drive,Manual,6.0,140,1956.0,4.0,5.0,5.0,Black,Part leather,False,False,1.663126188966392
83000,14900,2020.0,Gasoline,Front Wheel Drive,Manual,6.0,120,999.0,3.0,5.0,5.0,Blue,Cloth,False,False,1.663126188966392
119000,13990,2018.0,Diesel,Front Wheel Drive,Manual,6.0,120,1598.0,4.0,5.0,5.0,White,Part leather,False,False,1.663126188966392
109500,13890,2019.0,Gasoline,Front Wheel Drive,Manual,6.0,140,1368.0,4.0,5.0,5.0,Black,Other,True,True,2.0
129183,13900,2017.0,Diesel,4WD,Automatic,5.486510227130129,140,1956.0,4.0,5.0,5.0,Grey,Part leather,False,False,1.663126188966392
83389,13400,2018.0,Diesel,Front Wheel Drive,Manual,6.0,120,1598.0,4.0,5.0,5.0,Blue,Part leather,False,False,1.663126188966392
31458,12690,2021.0,Gasoline,Front Wheel Drive,Manual,6.0,120,999.0,3.0,5.0,5.0,Blue,Cloth,False,True,1.0
96300,8980,2011.0,Diesel,4WD,Manual,6.0,163,2143.0,4.0,5.0,5.0,Silver,Full leather,False,False,2.0
10,1,2025.0,Electric/Gasoline,Front Wheel Drive,Automatic,6.0,101,1199.0,3.0,5.0,5.0,Silver,Part leather,True,False,1.663126188966392
82294,13895,2016.0,Gasoline,Front Wheel Drive,Manual,6.0,141,1368.0,4.0,5.0,5.0,Grey,Cloth,True,False,1.0
74882,13500,2017.0,Diesel,Front Wheel Drive,Automatic,6.0,120,1598.0,4.0,5.0,5.0,Yellow,Other,False,False,2.0
58174,14306,2017.0,Diesel,Front Wheel Drive,Manual,6.0,120,1598.0,4.0,5.0,5.0,Black,Other,False,False,1.663126188966392
18684,13990,2021.0,Gasoline,Front Wheel Drive,Manual,6.0,120,999.0,3.0,5.0,5.0,Blue,Cloth,False,True,1.0
104000,12500,2017.0,LPG,Front Wheel Drive,Manual,6.0,120,1368.0,4.0,5.0,5.0,White,Cloth,False,False,1.663126188966392
110000,11990,2016.0,Diesel,Front Wheel Drive,Manual,6.0,120,1598.0,4.0,5.0,5.0,White,Full leather,True,True,1.0
137000,13700,2021.0,Diesel,Front Wheel Drive,Manual,6.0,131,1598.0,4.0,5.0,5.0,Black,Part leather,False,True,1.0
269037,4990,2002.0,Diesel,Front Wheel Drive,Automatic,5.486510227130129,165,1539.94231635872,3.8257612141004707,5.0,5.0,Grey,Part leather,False,False,1.663126188966392
87933,14900,2019.0,Gasoline,Front Wheel Drive,Automatic,6.0,150,1332.0,4.0,5.0,5.0,Blue,Other,False,False,1.0
112100,10500,2015.0,Gasoline,Front Wheel Drive,Manual,5.0,110,1598.0,4.0,5.0,5.0,White,Other,False,False,1.0
70000,13900,2014.0,Diesel,4WD,Manual,6.0,140,1956.0,4.0,5.0,5.0,Silver,Cloth,True,True,1.0
119000,12300,2016.0,Diesel,Front Wheel Drive,Manual,6.0,120,1598.0,4.0,5.0,5.0,Grey,Cloth,True,False,1.0
31520,14990,2021.0,Gasoline,Front Wheel Drive,Manual,6.0,120,999.0,3.0,5.0,5.0,Blue,Full leather,False,False,1.663126188966392
70000,13900,2023.0,Gasoline,Front Wheel Drive,Manual,6.0,120,999.0,3.0,5.0,5.0,Blue,Cloth,True,False,1.0
86000,12500,2018.0,Gasoline,Front Wheel Drive,Manual,6.0,140,1368.0,4.0,5.0,5.0,Black,Cloth,False,False,1.663126188966392
62000,13990,2021.0,Gasoline,Front Wheel Drive,Manual,6.0,120,999.0,3.0,5.0,5.0,Blue,Cloth,False,False,1.663126188966392
162000,12990,2020.0,Diesel,Front Wheel Drive,Manual,5.486510227130129,120,1598.0,4.0,5.0,5.0,Blue,Cloth,False,False,1.663126188966392
168000,11900,2018.0,Diesel,Front Wheel Drive,Automatic,6.0,120,1598.0,4.0,5.0,5.0,Grey,Other,False,True,1.663126188966392
89900,14800,2022.0,Electric/Gasoline,4WD,Automatic,5.486510227130129,131,1332.0,4.0,5.0,5.0,Grey,Other,True,True,1.663126188966392
39215,12690,2021.0,Gasoline,Front Wheel Drive,Manual,6.0,120,999.0,3.0,5.0,5.0,Blue,Cloth,False,True,1.0
120000,12200,2016.0,Diesel,4WD,Manual,6.0,140,1956.0,4.0,5.0,5.0,Grey,Cloth,True,False,1.0
132000,11990,2017.0,Diesel,Front Wheel Drive,Semi-automatic,6.0,120,1598.0,4.0,5.0,5.0,White,Cloth,True,True,1.663126188966392
103085,12990,2021.0,Diesel,Front Wheel Drive,Manual,6.0,120,1598.0,4.0,5.0,5.0,White,Cloth,False,True,1.0
81000,13990,2019.0,Gasoline,Front Wheel Drive,Automatic,6.0,150,1332.0,4.0,5.0,5.0,White,Other,False,False,1.663126188966392
151372,14950,2018.0,Gasoline,Front Wheel Drive,Manual,6.0,141,1368.0,4.0,5.0,5.0,Black,Cloth,True,False,2.0
72934,13699,2018.0,Gasoline,Front Wheel Drive,Manual,5.486510227130129,0,1539.94231635872,3.8257612141004707,5.0,5.0,Black,Cloth,False,False,1.663126188966392
77469,14500,2021.0,Gasoline,Front Wheel Drive,Manual,6.0,120,999.0,3.0,5.0,5.0,Beige,Cloth,False,False,1.663126188966392
106115,13500,2019.0,Gasoline,Front Wheel Drive,Automatic,6.0,150,1332.0,4.0,5.0,5.0,Red,Other,False,False,1.0
100361,14400,2017.0,Diesel,4WD,Automatic,6.0,140,1956.0,4.0,5.0,5.0,White,Other,False,False,2.0
92000,13900,2021.0,Gasoline,Front Wheel Drive,Manual,6.0,120,999.0,3.0,5.0,5.0,Black,Cloth,True,False,1.0
129000,13500,2019.0,Diesel,Front Wheel Drive,Manual,6.0,120,1598.0,4.0,5.0,5.0,White,Cloth,False,True,1.0
60602,13699,2019.0,Gasoline,Front Wheel Drive,Manual,5.486510227130129,120,999.0,3.8257612141004707,5.0,5.0,Green,Cloth,False,True,1.0
63344,14100,2020.0,Gasoline,Front Wheel Drive,Manual,6.0,120,999.0,3.0,5.0,5.0,Silver,Other,False,False,1.663126188966392
147000,11990,2017.0,Diesel,4WD,Manual,6.0,140,1956.0,4.0,5.0,5.0,White,Cloth,True,False,1.0
60602,13699,2019.0,Gasoline,Front Wheel Drive,Manual,5.486510227130129,120,999.0,3.8257612141004707,5.0,5.0,Green,Cloth,False,True,1.0
121739,13899,2018.0,Diesel,Front Wheel Drive,Manual,5.486510227130129,120,1598.0,3.8257612141004707,5.0,5.0,Grey,Part leather,False,True,2.0
105000,10900,2016.0,Gasoline,Front Wheel Drive,Manual,6.0,120,999.0,3.0,5.0,5.0,White,Cloth,False,False,1.0
66000,14900,2019.0,Gasoline,Front Wheel Drive,Manual,6.0,120,999.0,3.0,5.0,5.0,Black,Cloth,False,False,1.0
110061,13590,2021.0,Diesel,Front Wheel Drive,Manual,6.0,120,1598.0,4.0,5.0,5.0,White,Part leather,False,True,1.0
72186,14900,2019.0,Gasoline,Front Wheel Drive,Manual,6.0,120,999.0,3.0,5.0,5.0,Black,Cloth,False,False,1.0
75400,13900,2019.0,Gasoline,Front Wheel Drive,Manual,5.486510227130129,120,999.0,3.0,5.0,5.0,Black,Cloth,False,False,1.663126188966392
79095,13790,2021.0,Gasoline,Front Wheel Drive,Manual,6.0,120,999.0,3.0,5.0,5.0,White,Other,False,False,1.663126188966392
198350,13900,2020.0,Diesel,4WD,Manual,6.0,140,1956.0,4.0,5.0,5.0,White,Part leather,True,True,1.0
84448,14550,2019.0,Gasoline,Front Wheel Drive,Manual,6.0,120,999.0,3.0,5.0,5.0,Red,Other,False,False,2.0
36400,9912,2019.0,Gasoline,Front Wheel Drive,Manual,5.0,84,1248.0,4.0,5.0,5.0,Brown,Cloth,False,True,2.0
33649,13900,2021.0,Gasoline,Front Wheel Drive,Manual,6.0,120,998.0,3.0,5.0,5.0,White,Other,False,False,1.0
131000,4790,2014.0,Gasoline,Front Wheel Drive,Manual,5.0,86,1248.0,4.0,5.0,5.0,Brown,Cloth,True,False,2.0
131901,1390,2006.0,Gasoline,Front Wheel Drive,Manual,5.0,65,1086.0,4.0,5.0,5.0,Orange,Cloth,False,False,1.663126188966392
98500,7990,2012.0,Diesel,Front Wheel Drive,Manual,6.0,116,1685.0,4.0,5.0,5.0,Orange,Cloth,False,False,2.0
271049,2949,2013.0,Gasoline,Front Wheel Drive,Manual,5.0,69,998.0,3.0,5.0,5.0,Black,Cloth,False,False,1.0
198821,7250,2013.0,Gasoline,Front Wheel Drive,Manual,6.0,135,1591.0,4.0,5.0,5.0,White,Cloth,True,False,1.663126188966392
139000,6290,2013.0,Gasoline,Front Wheel Drive,Manual,6.0,135,1539.94231635872,4.0,5.0,5.0,Black,Cloth,False,True,1.0
82014,11900,2020.0,Gasoline,Front Wheel Drive,Manual,5.0,95,998.0,3.8257612141004707,5.0,5.0,Black,Cloth,False,True,1.0
99980,6990,2016.0,Gasoline,Front Wheel Drive,Manual,5.0,67,998.0,3.0,5.0,5.0,Black,Cloth,True,True,1.0
41000,14700,2020.0,Gasoline,Front Wheel Drive,Automatic,7.0,101,998.0,3.0,5.0,5.0,Grey,Cloth,False,False,2.0
0,12890,2025.0,Gasoline,Front Wheel Drive,Manual,5.0,68,998.0,3.0,5.0,5.0,Grey,Cloth,False,False,1.663126188966392
0,12890,2025.0,Gasoline,Front Wheel Drive,Manual,5.0,68,998.0,3.0,5.0,5.0,Green,Cloth,False,False,1.663126188966392
73000,14900,2020.0,Diesel,Front Wheel Drive,Manual,6.0,116,1598.0,3.8257612141004707,5.0,5.0,Grey,Cloth,False,False,1.663126188966392
1,14980,2025.0,Gasoline,Front Wheel Drive,Manual,6.0,99,998.0,3.0,5.0,5.0,White,Other,False,False,1.663126188966392
47660,9990,2019.0,Gasoline,Front Wheel Drive,Manual,5.0,84,1248.0,4.0,5.0,5.0,Red,Cloth,False,False,1.663126188966392
180000,4400,2014.0,LPG,Front Wheel Drive,Manual,5.0,90,1396.0,4.0,5.0,5.0,Red,Cloth,False,False,1.663126188966392
41450,14450,2018.0,Gasoline,Front Wheel Drive,Manual,6.0,132,1591.0,4.0,5.0,5.0,Blue,Cloth,False,True,1.0
171517,5499,2011.0,Gasoline,Front Wheel Drive,Manual,5.486510227130129,86,1248.0,4.0,5.0,5.0,White,Cloth,True,False,1.663126188966392
78214,5849,2013.0,Gasoline,Front Wheel Drive,Manual,5.0,69,998.0,3.0,5.0,5.0,Grey,Cloth,False,False,1.663126188966392
157000,9970,2015.0,Gasoline,Front Wheel Drive,Manual,6.0,135,1591.0,4.0,5.0,5.0,Black,Full leather,False,False,1.0
100000,7450,2013.0,Gasoline,Front Wheel Drive,Manual,6.0,99,1396.0,4.0,5.0,5.0,Silver,Cloth,True,True,1.0
250,6990,2017.0,Diesel,Front Wheel Drive,Automatic,5.486510227130129,143,1539.94231635872,3.8257612141004707,5.0,5.0,Black,Cloth,False,False,1.663126188966392
127000,9490,2018.0,Gasoline,Front Wheel Drive,Manual,6.0,120,998.0,3.0,5.0,5.0,White,Full leather,False,False,2.0
142625,7650,2017.0,Diesel,Front Wheel Drive,Manual,6.0,136,1582.0,4.0,5.0,5.0,Silver,Cloth,False,True,2.0
163596,6980,2017.0,Gasoline,Front Wheel Drive,Manual,6.0,99,1368.0,4.0,5.0,5.0,Red,Cloth,False,False,1.663126188966392
96287,5950,2012.0,Gasoline,Front Wheel Drive,Manual,5.0,109,1539.94231635872,4.0,5.0,5.0,Grey,Cloth,False,True,2.0
152202,2950,2010.0,Gasoline,Front Wheel Drive,Manual,5.486510227130129,63,999.0,4.0,5.0,5.0,Grey,Cloth,False,False,1.663126188966392
18990,14900,2023.0,Gasoline,Front Wheel Drive,Automatic,7.0,101,998.0,3.0,5.0,5.0,White,Cloth,False,True,2.0
48187,13499,2019.0,Gasoline,Front Wheel Drive,Manual,6.0,101,1368.0,4.0,5.0,5.0,Grey,Cloth,True,True,1.0
159831,3900,2012.0,Gasoline,Front Wheel Drive,Manual,6.0,125,1591.0,3.8257612141004707,5.0,5.0,Red,Cloth,False,False,2.0
171538,3999,2009.0,Gasoline,Front Wheel Drive,Manual,5.0,126,1591.0,4.0,5.0,5.0,White,Cloth,False,False,1.663126188966392
18488,13490,2020.0,Gasoline,Front Wheel Drive,Manual,5.0,84,1248.0,3.8257612141004707,5.0,5.0,Grey,Cloth,True,True,1.0
116182,14494,2017.0,Electric/Gasoline,Front Wheel Drive,Automatic,6.0,141,1580.0,4.0,5.0,5.0,Grey,Full leather,False,False,1.663126188966392
96289,8900,2013.0,Gasoline,Front Wheel Drive,Automatic,5.486510227130129,86,1248.0,4.0,5.0,5.0,Black,Cloth,True,False,1.663126188966392
127792,13990,2018.0,Diesel,4WD,Manual,6.0,116,1685.0,3.8257612141004707,5.0,5.0,White,Full leather,False,False,1.0
40472,13290,2022.0,Gasoline,Front Wheel Drive,Manual,6.0,120,998.0,3.0,5.0,5.0,White,Part leather,False,True,1.0
111645,13410,2018.0,Electric/Gasoline,Front Wheel Drive,Automatic,6.0,105,1580.0,3.8257612141004707,5.0,5.0,Grey,Part leather,True,True,1.663126188966392
178860,5750,2013.0,Diesel,Front Wheel Drive,Manual,6.0,90,1582.0,4.0,5.0,5.0,Grey,Cloth,True,True,1.0
140900,7500,2014.0,Diesel,Front Wheel Drive,Manual,6.0,116,1685.0,4.0,5.0,5.0,Beige,Cloth,False,False,1.0
107213,7499,2019.0,Gasoline,Front Wheel Drive,Manual,5.486510227130129,67,998.0,3.0,5.0,5.0,White,Cloth,True,False,1.0
190731,5249,2012.0,Gasoline,Front Wheel Drive,Manual,6.0,99,1396.0,4.0,5.0,5.0,Grey,Cloth,True,False,1.663126188966392
161009,4950,2013.0,Gasoline,Front Wheel Drive,Manual,5.0,69,998.0,3.0,5.0,5.0,White,Cloth,True,False,1.0
72456,14990,2022.0,Gasoline,Front Wheel Drive,Manual,6.0,136,1598.0,3.8257612141004707,5.0,5.0,Silver,Cloth,True,False,1.663126188966392
168909,13943,2019.0,Electric/Gasoline,Front Wheel Drive,Automatic,6.0,141,1580.0,4.0,5.0,5.0,Black,Cloth,True,False,2.0
57507,14790,2022.0,Gasoline,Front Wheel Drive,Manual,6.0,101,998.0,3.0,5.0,5.0,White,Cloth,False,False,1.0
128000,4690,2012.0,Gasoline,Front Wheel Drive,Manual,5.0,90,1396.0,4.0,5.0,5.0,Silver,Cloth,False,False,1.0
7500,13990,2024.0,Gasoline,Front Wheel Drive,Manual,5.0,84,1197.0,4.0,5.0,5.0,Black,Cloth,False,False,2.0
96000,10400,2014.0,Diesel,Front Wheel Drive,Manual,6.0,128,1582.0,4.0,5.0,5.0,Black,Cloth,False,False,1.0
79000,11490,2015.0,Diesel,Front Wheel Drive,Manual,6.0,116,1685.0,4.0,5.0,5.0,White,Cloth,False,False,1.663126188966392
65500,11690,2018.0,Gasoline,Front Wheel Drive,Manual,6.0,99,1368.0,4.0,5.0,5.0,Grey,Cloth,False,False,1.663126188966392
178229,4199,2012.0,Gasoline,Front Wheel Drive,Manual,5.486510227130129,69,998.0,3.0,5.0,5.0,Black,Cloth,True,False,2.0
82479,12900,2020.0,LPG,Front Wheel Drive,Manual,6.0,101,1368.0,4.0,5.0,5.0,Blue,Cloth,False,False,1.663126188966392
52000,13700,2021.0,LPG,Front Wheel Drive,Manual,5.0,82,1197.0,4.0,5.0,5.0,Silver,Cloth,False,False,1.663126188966392
196950,6950,2019.0,Gasoline,Front Wheel Drive,Manual,5.0,84,1248.0,4.0,5.0,5.0,Red,Cloth,True,True,1.0
105000,14450,2022.0,Diesel,Front Wheel Drive,Manual,6.0,136,1598.0,4.0,5.0,5.0,White,Cloth,True,True,1.0
79125,14950,2021.0,Electric/Gasoline,Front Wheel Drive,Automatic,7.0,101,1000.0,3.0,5.0,5.0,Red,Cloth,False,False,1.663126188966392
64780,12745,2018.0,Gasoline,Front Wheel Drive,Manual,5.0,101,998.0,3.0,5.0,5.0,Black,Cloth,True,False,1.663126188966392
160843,2449,2009.0,Gasoline,Front Wheel Drive,Manual,5.0,63,999.0,4.0,5.0,5.0,Grey,Cloth,False,False,2.0
99524,14899,2019.0,Gasoline,Front Wheel Drive,Manual,6.0,132,1600.0,4.0,5.0,5.0,Silver,Cloth,False,False,1.663126188966392
54505,13900,2022.0,Electric/Gasoline,Front Wheel Drive,Manual,5.0,120,998.0,3.0,5.0,5.0,Green,Other,False,False,1.663126188966392
100707,13950,2021.0,Diesel,Front Wheel Drive,Manual,6.0,136,1598.0,4.0,5.0,5.0,Silver,Cloth,False,True,1.0
185570,2950,2008.0,Gasoline,Front Wheel Drive,Manual,5.486510227130129,97,1399.0,4.0,5.0,5.0,Black,Cloth,True,False,1.663126188966392
135000,10900,2019.0,LPG,Front Wheel Drive,Manual,6.0,97,1368.0,4.0,5.0,5.0,Grey,Part leather,True,True,1.0
134391,5749,2012.0,Gasoline,Front Wheel Drive,Manual,5.0,69,998.0,3.0,5.0,5.0,Black,Cloth,True,False,1.663126188966392
63302,14990,2022.0,Gasoline,Front Wheel Drive,Manual,6.0,101,998.0,3.0,5.0,5.0,White,Part leather,True,True,1.0
68750,14000,2019.0,Electric/Gasoline,Front Wheel Drive,Automatic,6.0,140,1580.0,4.0,5.0,5.0,Blue,Part leather,False,False,1.663126188966392
107130,12950,2019.0,Gasoline,Front Wheel Drive,Manual,6.0,140,1353.0,4.0,5.0,5.0,Black,Cloth,True,False,2.0
57500,14890,2020.0,Gasoline,Front Wheel Drive,Automatic,7.0,120,998.0,3.0,5.0,5.0,White,Part leather,True,False,2.0
60250,6990,2017.0,Gasoline,Front Wheel Drive,Manual,5.0,67,998.0,3.0,5.0,5.0,White,Cloth,True,True,2.0
112304,14990,2019.0,Electric/Gasoline,Front Wheel Drive,Automatic,6.0,148,1580.0,4.0,5.0,5.0,Blue,Part leather,False,False,2.0
28700,10742,2020.0,Gasoline,Front Wheel Drive,Manual,5.0,67,998.0,3.0,5.0,5.0,Red,Cloth,True,True,1.0
226326,5500,2012.0,Gasoline,Front Wheel Drive,Manual,6.0,135,1591.0,4.0,5.0,5.0,Black,Part leather,True,False,1.663126188966392
275000,2699,2011.0,Diesel,Front Wheel Drive,Manual,6.0,116,1582.0,4.0,5.0,5.0,Black,Part leather,False,False,1.663126188966392
170000,11999,2017.0,Diesel,Front Wheel Drive,Automatic,5.486510227130129,141,1685.0,4.0,5.0,5.0,Black,Part leather,False,False,1.663126188966392
43000,14999,2020.0,Gasoline,Front Wheel Drive,Automatic,5.486510227130129,120,998.0,3.0,5.0,5.0,Black,Cloth,True,True,1.0
110000,10500,2015.0,LPG,Front Wheel Drive,Manual,6.0,135,1591.0,4.0,5.0,5.0,Silver,Cloth,False,False,1.663126188966392
187288,4250,2013.0,Gasoline,Front Wheel Drive,Manual,5.486510227130129,69,998.0,3.0,5.0,5.0,Black,Cloth,True,False,1.663126188966392
110517,15000,2022.0,Gasoline,Front Wheel Drive,Manual,5.486510227130129,120,998.0,3.0,5.0,5.0,Grey,Cloth,True,False,1.663126188966392
67734,9990,2016.0,Gasoline,Front Wheel Drive,Manual,5.486510227130129,84,1248.0,3.8257612141004707,5.0,5.0,Grey,Cloth,False,True,1.663126188966392
167622,5555,2013.0,Gasoline,Front Wheel Drive,Manual,5.0,69,998.0,3.0,5.0,5.0,Beige,Cloth,False,False,1.663126188966392
79665,12545,2019.0,Gasoline,Front Wheel Drive,Manual,5.486510227130129,135,1591.0,4.0,5.0,5.0,Black,Cloth,True,True,1.0
85000,13200,2017.0,Electric/Gasoline,Front Wheel Drive,Automatic,6.0,105,1580.0,4.0,5.0,5.0,Blue,Cloth,False,False,1.0
107130,12950,2019.0,Gasoline,Front Wheel Drive,Manual,6.0,140,1353.0,4.0,5.0,5.0,Black,Cloth,True,False,2.0
153131,12950,2014.0,Gasoline,Front Wheel Drive,Manual,5.486510227130129,204,1591.0,4.0,5.0,5.0,Black,Part leather,True,False,1.663126188966392
232264,7900,2016.0,Gasoline,Front Wheel Drive,Manual,6.0,135,1591.0,3.8257612141004707,5.0,5.0,Grey,Full leather,False,False,1.0
120000,7500,2017.0,Gasoline,Front Wheel Drive,Manual,5.0,84,1248.0,4.0,5.0,5.0,Black,Cloth,True,True,2.0
51800,14900,2021.0,LPG,Front Wheel Drive,Manual,5.0,82,1197.0,4.0,5.0,5.0,Black,Cloth,False,False,1.663126188966392
68800,14500,2017.0,Diesel,Front Wheel Drive,Manual,6.0,116,1685.0,4.0,5.0,5.0,White,Other,False,False,1.663126188966392
63510,8690,2017.0,Diesel,Front Wheel Drive,Manual,5.486510227130129,90,1396.0,4.0,5.0,5.0,Grey,Cloth,False,False,1.663126188966392
144108,10940,2017.0,Gasoline,Front Wheel Drive,Manual,6.0,120,998.0,3.0,5.0,5.0,Black,Cloth,True,False,1.663126188966392
113861,6200,2012.0,Diesel,Front Wheel Drive,Manual,6.0,75,1120.0,3.0,5.0,5.0,White,Cloth,True,True,1.0
67270,12790,2018.0,Gasoline,Front Wheel Drive,Manual,5.0,84,1248.0,4.0,5.0,5.0,Grey,Cloth,False,True,2.0
56714,11500,2021.0,Gasoline,Front Wheel Drive,Automatic,5.0,67,1000.0,3.0,5.0,5.0,Blue,Cloth,False,False,1.0
84183,13999,2016.0,Diesel,Front Wheel Drive,Manual,6.0,141,1700.0,4.0,5.0,5.0,Blue,Cloth,False,False,1.663126188966392
139800,2480,2007.0,Gasoline,Front Wheel Drive,Manual,5.0,105,1493.0,4.0,5.0,5.0,Silver,Other,False,False,2.0
69000,12900,2019.0,LPG,Front Wheel Drive,Manual,6.0,97,1368.0,4.0,5.0,5.0,Black,Cloth,True,True,1.0
182033,8400,2011.0,Gasoline,Front Wheel Drive,Manual,6.0,163,1998.0,4.0,5.0,5.0,White,Full leather,True,False,1.663126188966392
249947,2795,2008.0,Gasoline,Front Wheel Drive,Automatic,5.486510227130129,126,1591.0,4.0,5.0,5.0,Grey,Part leather,True,False,1.663126188966392
189550,3500,2014.0,Gasoline,Front Wheel Drive,Manual,5.486510227130129,86,1248.0,4.0,5.0,5.0,White,Cloth,False,True,1.0
22229,11400,2022.0,Gasoline,Front Wheel Drive,Manual,5.486510227130129,84,1197.0,3.8257612141004707,5.0,5.0,Black,Cloth,False,True,2.0
84551,10890,2014.0,Gasoline,Front Wheel Drive,Manual,6.0,135,1591.0,4.0,5.0,5.0,White,Cloth,True,True,1.0
53725,14990,2020.0,Gasoline,Front Wheel Drive,Manual,5.486510227130129,101,998.0,3.8257612141004707,5.0,5.0,Black,Cloth,True,True,1.663126188966392
112453,12895,2019.0,Gasoline,Front Wheel Drive,Manual,5.0,101,998.0,3.0,5.0,5.0,White,Cloth,True,False,2.0
34346,7800,2013.0,Gasoline,Front Wheel Drive,Manual,6.0,99,1396.0,4.0,5.0,5.0,White,Other,False,False,1.663126188966392
221174,7995,2014.0,Gasoline,Front Wheel Drive,Manual,5.486510227130129,135,1591.0,4.0,5.0,5.0,Black,Cloth,False,False,1.663126188966392
205000,13450,2020.0,Gasoline,Front Wheel Drive,Automatic,7.0,177,1591.0,4.0,5.0,5.0,White,Cloth,True,True,1.0
99215,6200,2011.0,Gasoline,Front Wheel Drive,Manual,5.486510227130129,69,998.0,3.0,5.0,5.0,Silver,Cloth,False,True,1.663126188966392
131770,10990,2015.0,Diesel,Front Wheel Drive,Automatic,7.0,141,1685.0,4.0,5.0,5.0,Grey,Cloth,False,True,2.0
119381,10900,2019.0,Gasoline,Front Wheel Drive,Manual,5.0,101,998.0,3.0,5.0,5.0,White,Cloth,False,False,1.663126188966392
59054,10690,2017.0,Gasoline,Front Wheel Drive,Manual,5.0,84,1248.0,4.0,5.0,5.0,Blue,Cloth,True,True,2.0
115019,14750,2017.0,Gasoline,Front Wheel Drive,Manual,6.0,132,1591.0,4.0,5.0,5.0,Grey,Cloth,True,True,1.663126188966392
94300,8900,2021.0,Gasoline,Front Wheel Drive,Manual,5.486510227130129,67,998.0,3.0,5.0,5.0,White,Cloth,True,True,1.0
8925,12190,2018.0,Gasoline,Front Wheel Drive,Manual,5.486510227130129,125,1591.0,3.8257612141004707,5.0,5.0,Yellow,Cloth,True,True,2.0
115716,3980,2008.0,Gasoline,Front Wheel Drive,Manual,5.0,61,999.0,4.0,5.0,5.0,Black,Cloth,True,True,1.663126188966392
77500,10290,2018.0,Diesel,Front Wheel Drive,Manual,6.0,99,1396.0,4.0,5.0,5.0,Grey,Other,False,False,1.663126188966392
163420,9075,2015.0,Diesel,Front Wheel Drive,Manual,6.0,116,1685.0,4.0,5.0,5.0,White,Other,False,False,1.663126188966392
43000,12900,2022.0,LPG,Front Wheel Drive,Manual,5.0,82,1197.0,4.0,5.0,5.0,Red,Other,False,False,1.0
80441,14190,2020.0,Gasoline,Front Wheel Drive,Manual,5.486510227130129,140,1353.0,3.8257612141004707,5.0,5.0,White,Cloth,True,True,2.0
276407,999,2008.0,Gasoline,Front Wheel Drive,Manual,5.0,109,1396.0,4.0,5.0,5.0,Grey,Cloth,True,False,1.663126188966392
71268,11990,2018.0,Electric,Front Wheel Drive,Automatic,5.486510227130129,111,1539.94231635872,3.8257612141004707,5.0,5.0,Silver,Part leather,True,True,1.0
54208,9990,2018.0,Gasoline,Front Wheel Drive,Manual,5.0,67,998.0,3.0,5.0,5.0,Black,Cloth,True,False,1.663126188966392
73817,13490,2015.0,Gasoline,Front Wheel Drive,Manual,6.0,204,1591.0,4.0,5.0,5.0,Red,alcantara,True,True,2.0
235720,2999,2010.0,Gasoline,Front Wheel Drive,Manual,5.0,141,1975.0,4.0,5.0,5.0,Grey,alcantara,True,False,1.663126188966392
22224,13849,2022.0,Gasoline,Front Wheel Drive,Automatic,5.486510227130129,67,998.0,3.8257612141004707,5.0,5.0,Grey,Cloth,False,True,2.0
180000,9900,2017.0,Electric/Gasoline,Front Wheel Drive,Automatic,6.0,105,1580.0,4.0,5.0,5.0,Blue,Part leather,True,True,1.0
52326,14900,2019.0,Electric/Gasoline,Front Wheel Drive,Semi-automatic,6.0,105,1580.0,4.0,5.0,5.0,Blue,Other,False,False,1.663126188966392
90600,12900,2021.0,Electric/Gasoline,Front Wheel Drive,Manual,6.0,101,998.0,3.0,5.0,5.0,Grey,Cloth,False,False,1.0
140036,14700,2021.0,Electric/Diesel,Front Wheel Drive,Manual,6.0,136,1598.0,4.0,5.0,5.0,Black,Part leather,False,True,1.0
250000,1200,2009.0,LPG,Front Wheel Drive,Manual,5.0,122,1591.0,4.0,5.0,5.0,Silver,Cloth,False,False,1.663126188966392
2600,13590,2024.0,Gasoline,Front Wheel Drive,Semi-automatic,5.0,67,998.0,3.0,5.0,5.0,Grey,Other,False,False,1.663126188966392
206547,7450,2017.0,Gasoline,Front Wheel Drive,Manual,6.0,135,1591.0,4.0,5.0,5.0,Black,Cloth,True,False,2.0
24900,14900,2023.0,Electric/Gasoline,Front Wheel Drive,Manual,6.0,101,998.0,3.0,5.0,5.0,Black,Cloth,True,False,1.0
208533,2999,2009.0,Gasoline,Front Wheel Drive,Manual,5.0,122,1591.0,4.0,5.0,5.0,Silver,Part leather,False,True,2.0
47164,12290,2019.0,Gasoline,Front Wheel Drive,Manual,6.0,99,1368.0,4.0,5.0,5.0,Grey,Cloth,True,True,2.0
184000,4990,2012.0,Gasoline,Front Wheel Drive,Manual,6.0,99,1396.0,4.0,5.0,5.0,White,Cloth,True,True,1.0
13873,11400,2020.0,Gasoline,Front Wheel Drive,Manual,5.0,67,998.0,3.0,5.0,5.0,Red,Cloth,False,True,1.0
10,14990,2025.0,Gasoline,Front Wheel Drive,Manual,5.0,63,998.0,3.0,5.0,5.0,Black,Cloth,True,True,1.0
96036,12390,2020.0,Gasoline,Front Wheel Drive,Manual,5.486510227130129,120,998.0,3.8257612141004707,5.0,5.0,Red,Cloth,True,True,1.0
22000,10340,2024.0,Gasoline,Front Wheel Drive,Manual,5.0,67,998.0,3.0,5.0,5.0,White,Cloth,False,False,1.663126188966392
50406,11700,2018.0,Gasoline,Front Wheel Drive,Manual,5.0,90,1396.0,4.0,5.0,5.0,White,Cloth,False,False,2.0
105844,14475,2020.0,Electric/Gasoline,Front Wheel Drive,Automatic,6.0,141,1580.0,3.8257612141004707,5.0,5.0,White,Part leather,True,True,1.0
105911,8850,2010.0,Gasoline,Front Wheel Drive,Automatic,5.486510227130129,125,1591.0,4.0,5.0,5.0,Grey,Part leather,True,False,1.663126188966392
109000,12950,2020.0,Electric/Gasoline,Front Wheel Drive,Automatic,6.0,141,1580.0,4.0,5.0,5.0,White,Part leather,False,False,1.663126188966392
10156,14287,2025.0,Gasoline,Front Wheel Drive,Manual,5.0,79,1197.0,4.0,5.0,5.0,Silver,Other,False,False,1.663126188966392
77176,11980,2017.0,Gasoline,Front Wheel Drive,Manual,6.0,120,998.0,3.0,5.0,5.0,Red,Cloth,False,False,2.0
223254,2500,2007.0,Gasoline,Front Wheel Drive,Manual,5.0,141,1975.0,4.0,5.0,5.0,Grey,Part leather,True,False,1.663126188966392
19000,13500,2023.0,Gasoline,Front Wheel Drive,Manual,5.0,67,998.0,3.0,5.0,5.0,Grey,Cloth,True,False,1.663126188966392
124000,13500,2020.0,Diesel,Front Wheel Drive,Manual,6.0,116,1598.0,4.0,5.0,5.0,Red,Cloth,False,False,1.0
133436,11999,2014.0,Gasoline,Front Wheel Drive,Manual,5.486510227130129,135,1591.0,4.0,5.0,5.0,White,Full leather,True,False,2.0
28000,11900,2023.0,Gasoline,Front Wheel Drive,Semi-automatic,5.0,67,998.0,3.0,5.0,5.0,Bronze,Full leather,False,False,1.663126188966392
3810,14490,2020.0,Gasoline,Front Wheel Drive,Manual,5.0,84,1200.0,3.8257612141004707,5.0,5.0,Grey,Cloth,False,True,2.0
174050,12945,2016.0,Electric/Gasoline,Front Wheel Drive,Automatic,5.486510227130129,105,1580.0,4.0,5.0,5.0,White,Part leather,True,False,1.663126188966392
55000,13888,2021.0,Gasoline,Front Wheel Drive,Manual,6.0,101,1539.94231635872,3.0,5.0,5.0,Black,Velour,True,True,1.0
65900,11200,2016.0,Electric/Gasoline,Front Wheel Drive,Semi-automatic,6.0,140,1580.0,4.0,5.0,5.0,Blue,Part leather,False,False,1.663126188966392
169960,14990,2019.0,Electric,Front Wheel Drive,Automatic,5.486510227130129,204,1539.94231635872,3.8257612141004707,5.0,5.0,Grey,Full leather,False,False,1.0
233736,5945,2011.0,Gasoline,Front Wheel Drive,Manual,6.0,135,1591.0,4.0,5.0,5.0,Black,Part leather,True,False,1.663126188966392
58851,11900,2022.0,Gasoline,Front Wheel Drive,Automatic,5.0,67,998.0,3.0,5.0,5.0,Black,Cloth,False,True,1.663126188966392
115000,7490,2015.0,Diesel,Front Wheel Drive,Automatic,5.486510227130129,128,1582.0,4.0,5.0,5.0,White,Cloth,False,True,1.663126188966392
106240,12499,2020.0,Gasoline,Front Wheel Drive,Manual,5.0,101,998.0,3.0,5.0,5.0,Silver,Cloth,True,True,1.0
86000,11900,2019.0,LPG,Front Wheel Drive,Manual,5.0,97,1368.0,4.0,5.0,5.0,Grey,Cloth,False,False,1.663126188966392
21788,14980,2023.0,Gasoline,Front Wheel Drive,Manual,5.0,84,1197.0,4.0,5.0,5.0,White,Cloth,False,False,1.0
95000,13900,2020.0,Electric/Gasoline,Front Wheel Drive,Automatic,5.486510227130129,105,1580.0,4.0,5.0,5.0,White,Part leather,False,False,1.663126188966392
79755,12896,2020.0,Electric/Diesel,Front Wheel Drive,Manual,6.0,136,1598.0,4.0,5.0,5.0,Blue,Cloth,False,True,1.663126188966392
79755,12896,2020.0,Electric/Diesel,Front Wheel Drive,Manual,6.0,136,1598.0,4.0,5.0,5.0,Blue,Cloth,False,True,1.663126188966392
40774,13998,2019.0,Gasoline,Front Wheel Drive,Manual,6.0,125,1591.0,4.0,5.0,5.0,Grey,Part leather,True,True,1.0
102425,11989,2019.0,Gasoline,Front Wheel Drive,Manual,6.0,99,1368.0,4.0,5.0,5.0,Brown,Cloth,False,True,2.0
19987,12470,2022.0,Gasoline,Front Wheel Drive,Manual,5.0,67,998.0,3.0,5.0,5.0,Black,Cloth,True,True,1.0
33079,13990,2023.0,Electric/Gasoline,Front Wheel Drive,Semi-automatic,5.486510227130129,120,998.0,3.0,5.0,5.0,Grey,Cloth,False,False,1.663126188966392
72892,14998,2019.0,Gasoline,Front Wheel Drive,Manual,6.0,101,1368.0,4.0,5.0,5.0,Grey,Part leather,True,True,1.0
127384,11450,2017.0,Gasoline,Front Wheel Drive,Manual,6.0,120,998.0,3.0,5.0,5.0,White,Cloth,False,False,1.663126188966392
74209,14945,2020.0,Gasoline,Front Wheel Drive,Manual,6.0,99,998.0,3.0,5.0,5.0,Black,Cloth,True,False,2.0
99053,10500,2020.0,Gasoline,Front Wheel Drive,Manual,5.0,84,1248.0,4.0,5.0,5.0,Red,Cloth,False,False,1.0
42988,13000,2022.0,Gasoline,Front Wheel Drive,Manual,5.0,83,1197.0,4.0,5.0,5.0,Grey,Cloth,False,False,1.663126188966392
15629,14950,2024.0,Gasoline,Front Wheel Drive,Manual,6.0,101,998.0,3.0,5.0,5.0,Red,Cloth,False,False,1.663126188966392
130000,14500,2018.0,Diesel,Front Wheel Drive,Manual,6.0,116,1685.0,4.0,5.0,5.0,White,Cloth,False,False,1.663126188966392
145709,10200,2014.0,Diesel,Front Wheel Drive,Manual,6.0,116,1685.0,4.0,5.0,5.0,White,Cloth,False,False,1.663126188966392
141452,8299,2016.0,Gasoline,Front Wheel Drive,Manual,5.486510227130129,90,1396.0,4.0,5.0,5.0,Black,Part leather,True,False,2.0
149000,7900,2017.0,LPG,Front Wheel Drive,Manual,5.0,84,1248.0,4.0,5.0,5.0,White,Part leather,False,False,1.663126188966392
86794,12950,2017.0,Electric/Gasoline,Front Wheel Drive,Automatic,6.0,105,1580.0,4.0,5.0,5.0,Black,Part leather,False,True,2.0
133000,14500,2016.0,Diesel,Front Wheel Drive,Automatic,7.0,200,2199.0,4.0,5.0,5.0,Black,Full leather,False,False,1.663126188966392
128249,14249,2017.0,Electric/Gasoline,Front Wheel Drive,Automatic,5.486510227130129,105,1580.0,3.8257612141004707,5.0,5.0,Black,Full leather,False,True,1.0
79755,12896,2020.0,Electric/Diesel,Front Wheel Drive,Manual,6.0,136,1598.0,4.0,5.0,5.0,Blue,Cloth,False,True,1.663126188966392
74424,14498,2021.0,Gasoline,Front Wheel Drive,Manual,5.0,84,1248.0,4.0,5.0,5.0,Blue,Full leather,True,True,1.0
202377,3195,2008.0,Gasoline,Front Wheel Drive,Manual,5.486510227130129,141,1975.0,4.0,5.0,5.0,Black,Full leather,False,False,1.663126188966392
77724,11590,2012.0,Diesel,Front Wheel Drive,Manual,6.0,150,1995.0,4.0,5.0,5.0,Grey,Full leather,False,False,1.663126188966392
137772,9750,2014.0,Diesel,Front Wheel Drive,Manual,6.0,116,1685.0,4.0,5.0,5.0,White,Cloth,False,False,1.663126188966392
109000,5950,2013.0,Gasoline,Front Wheel Drive,Manual,5.0,86,1248.0,4.0,5.0,5.0,Grey,Cloth,False,False,1.663126188966392
69000,13850,2018.0,Gasoline,Front Wheel Drive,Manual,6.0,99,1368.0,4.0,5.0,5.0,Silver,Part leather,True,True,2.0
69173,12000,2023.0,Gasoline,Front Wheel Drive,Manual,5.486510227130129,84,1539.94231635872,3.8257612141004707,5.0,5.0,White,Part leather,False,False,1.663126188966392
186800,11200,2016.0,Diesel,Front Wheel Drive,Manual,6.0,116,1685.0,4.0,5.0,5.0,Black,Part leather,True,True,1.0
126400,9390,2025.0,Gasoline,Front Wheel Drive,Manual,6.0,135,1591.0,4.0,5.0,5.0,Black,Cloth,False,False,1.0
45500,10490,2021.0,Gasoline,Front Wheel Drive,Manual,5.0,84,1197.0,4.0,5.0,5.0,Black,Cloth,True,True,1.0
92883,7900,2015.0,Gasoline,4WD,Manual,5.0,69,998.0,3.0,5.0,5.0,Black,Full leather,True,False,1.663126188966392
49030,10300,2016.0,Gasoline,Front Wheel Drive,Manual,5.0,83,1248.0,4.0,5.0,5.0,White,Cloth,False,False,1.663126188966392
140989,1699,2007.0,Gasoline,Front Wheel Drive,Manual,5.0,61,999.0,4.0,5.0,5.0,Red,Cloth,True,False,1.663126188966392
114514,12990,2019.0,Diesel,4WD,Manual,6.0,116,1598.0,4.0,5.0,5.0,Red,Cloth,False,False,1.663126188966392
147000,5990,2010.0,Gasoline,Front Wheel Drive,Manual,5.0,126,1591.0,4.0,5.0,5.0,White,Cloth,False,False,1.663126188966392
121913,11845,2020.0,Gasoline,Front Wheel Drive,Manual,6.0,99,998.0,3.0,5.0,5.0,Grey,Cloth,True,False,1.663126188966392
107292,12750,2018.0,Gasoline,Front Wheel Drive,Manual,5.486510227130129,120,998.0,3.0,5.0,5.0,Yellow,Cloth,True,False,1.0
64700,12900,2023.0,Gasoline,Front Wheel Drive,Manual,5.0,84,1197.0,4.0,5.0,5.0,White,Cloth,False,False,1.0
113700,6900,2014.0,Gasoline,Front Wheel Drive,Manual,6.0,125,1591.0,3.8257612141004707,5.0,5.0,Beige,Cloth,True,True,2.0
132939,10825,2015.0,Gasoline,Front Wheel Drive,Manual,6.0,135,1591.0,4.0,5.0,5.0,White,Cloth,False,False,1.663126188966392
39875,12900,2023.0,LPG,Front Wheel Drive,Manual,5.0,65,998.0,3.0,5.0,5.0,Grey,Cloth,False,False,1.0
63850,14890,2021.0,Gasoline,Front Wheel Drive,Manual,6.0,120,998.0,3.0,5.0,5.0,Yellow,Part leather,False,False,1.0
102863,9490,2022.0,Gasoline,Front Wheel Drive,Manual,5.0,84,1197.0,4.0,5.0,5.0,Grey,Cloth,False,True,1.0
68650,12980,2017.0,Gasoline,Front Wheel Drive,Manual,6.0,120,998.0,3.0,5.0,5.0,Black,Cloth,True,True,2.0
143366,7890,2016.0,Diesel,Front Wheel Drive,Manual,6.0,110,1582.0,4.0,5.0,5.0,Grey,Cloth,False,False,1.0
99787,14912,2019.0,Gasoline,Front Wheel Drive,Manual,6.0,132,1591.0,4.0,5.0,5.0,Grey,Cloth,True,True,2.0
88793,14900,2021.0,Gasoline,Front Wheel Drive,Manual,6.0,120,998.0,3.0,5.0,5.0,Silver,Cloth,False,False,1.663126188966392
47800,12498,2018.0,Gasoline,Front Wheel Drive,Manual,6.0,99,1368.0,4.0,5.0,5.0,White,Cloth,False,True,2.0
82468,12138,2021.0,Gasoline,Front Wheel Drive,Manual,6.0,132,1591.0,4.0,5.0,5.0,Red,Cloth,False,True,1.663126188966392
61571,6990,2016.0,Gasoline,Front Wheel Drive,Manual,5.0,67,998.0,3.0,5.0,5.0,Red,Cloth,False,False,1.663126188966392
23000,11900,2024.0,Gasoline,Front Wheel Drive,Manual,5.0,67,998.0,3.0,5.0,5.0,Grey,Cloth,False,False,1.663126188966392
97612,12090,2023.0,Gasoline,Front Wheel Drive,Manual,5.0,84,1197.0,4.0,5.0,5.0,Grey,Cloth,False,False,1.663126188966392
161859,4300,2013.0,CNG,Front Wheel Drive,Manual,5.486510227130129,80,875.0,2.0,5.0,5.0,Grey,Cloth,True,True,1.0
160000,4990,2011.0,Diesel,Front Wheel Drive,Manual,5.0,95,1248.0,4.0,5.0,5.0,Grey,Part leather,True,True,1.0
29553,10890,2021.0,LPG,Front Wheel Drive,Manual,5.0,69,1242.0,4.0,5.0,5.0,Grey,Cloth,False,False,1.663126188966392
210432,4950,2010.0,Gasoline,Front Wheel Drive,Manual,5.486510227130129,200,1742.0,4.0,5.0,5.0,White,Full leather,True,False,1.663126188966392
63402,11900,2024.0,LPG,Front Wheel Drive,Manual,5.486510227130129,69,1242.0,4.0,5.0,5.0,Green,Cloth,True,True,2.0
136000,5200,2013.0,CNG,Front Wheel Drive,Manual,5.0,80,875.0,2.0,5.0,5.0,Green,Cloth,False,False,1.663126188966392
115375,5900,2014.0,Gasoline,Front Wheel Drive,Manual,5.486510227130129,69,1242.0,4.0,5.0,5.0,Black,Full leather,False,False,1.663126188966392
202190,2900,2010.0,Gasoline,Front Wheel Drive,Manual,6.0,120,1368.0,4.0,5.0,5.0,Grey,Cloth,True,False,1.663126188966392
225000,2490,2006.0,Diesel,Front Wheel Drive,Manual,5.0,69,1248.0,4.0,5.0,5.0,Blue,Cloth,True,False,1.0
160000,5999,2012.0,LPG,Front Wheel Drive,Manual,5.0,77,1368.0,4.0,5.0,5.0,White,Cloth,True,True,1.0
59294,8500,2016.0,Gasoline,Front Wheel Drive,Manual,5.0,69,1242.0,4.0,5.0,5.0,White,Cloth,False,True,1.0
95210,6400,2013.0,Gasoline,Front Wheel Drive,Automatic,5.486510227130129,86,875.0,2.0,5.0,5.0,Black,alcantara,True,True,1.0
21711,12900,2024.0,Electric/Gasoline,Front Wheel Drive,Manual,6.0,69,999.0,3.0,5.0,5.0,Green,Cloth,False,False,1.0
85066,7990,2015.0,LPG,Front Wheel Drive,Manual,5.0,69,1242.0,4.0,5.0,5.0,Brown,Other,False,False,1.663126188966392
66300,9700,2022.0,Electric/Gasoline,Front Wheel Drive,Manual,6.0,69,999.0,3.0,5.0,5.0,Grey,Cloth,False,False,1.0
71000,6490,2011.0,Gasoline,Front Wheel Drive,Manual,6.0,95,1368.0,4.0,5.0,5.0,Silver,Cloth,False,False,1.0
194876,5895,2009.0,Gasoline,Front Wheel Drive,Automatic,5.486510227130129,200,1742.0,4.0,5.0,5.0,Black,Part leather,True,False,1.663126188966392
59000,9980,2021.0,Electric/Gasoline,Front Wheel Drive,Manual,6.0,69,999.0,3.0,5.0,5.0,Blue,Cloth,True,True,1.0
26330,13900,2023.0,LPG,Front Wheel Drive,Manual,5.0,69,1242.0,4.0,5.0,5.0,Blue,Cloth,False,False,1.663126188966392
38000,7500,2016.0,Gasoline,Rear Wheel Drive,Manual,5.0,69,1242.0,4.0,5.0,5.0,Blue,Cloth,False,False,1.663126188966392
26386,8990,2019.0,Gasoline,Front Wheel Drive,Manual,5.0,69,1242.0,4.0,5.0,5.0,White,Cloth,True,True,1.0
38335,8500,2017.0,Gasoline,Front Wheel Drive,Manual,5.0,69,1242.0,4.0,5.0,5.0,Grey,Other,False,False,1.663126188966392
10,12450,2024.0,Electric/Gasoline,Front Wheel Drive,Manual,6.0,69,999.0,3.0,5.0,5.0,Blue,Other,False,False,1.663126188966392
27419,12900,2021.0,LPG,Front Wheel Drive,Manual,5.0,69,1242.0,4.0,5.0,5.0,Grey,Other,False,False,1.0
100100,8800,2016.0,LPG,Front Wheel Drive,Manual,5.486510227130129,69,1242.0,4.0,5.0,5.0,Blue,Cloth,False,False,1.0
43236,11900,2023.0,Electric/Gasoline,Front Wheel Drive,Manual,6.0,69,999.0,3.0,5.0,5.0,Black,Cloth,True,False,1.0
21711,12900,2024.0,Electric/Gasoline,Front Wheel Drive,Manual,6.0,69,999.0,3.0,5.0,5.0,Green,Cloth,False,False,1.0
150000,4999,2012.0,Diesel,Front Wheel Drive,Manual,5.0,95,1248.0,4.0,5.0,5.0,Blue,Cloth,False,False,2.0
6000,12900,2024.0,Electric/Gasoline,Front Wheel Drive,Manual,6.0,69,999.0,3.0,5.0,5.0,Blue,Other,False,False,1.663126188966392
174472,5400,2011.0,Diesel,Front Wheel Drive,Manual,6.0,120,1598.0,4.0,5.0,5.0,Black,Part leather,True,True,1.663126188966392
29830,11900,2022.0,Electric/Gasoline,Front Wheel Drive,Manual,6.0,69,999.0,3.0,5.0,5.0,Blue,Cloth,False,False,1.0
18500,11300,2022.0,Electric/Gasoline,Front Wheel Drive,Manual,6.0,69,999.0,3.0,5.0,5.0,Blue,Cloth,False,True,1.663126188966392
181000,4900,2014.0,LPG,Front Wheel Drive,Manual,5.0,69,1242.0,4.0,5.0,5.0,White,Cloth,True,True,1.0
37000,9690,2021.0,Electric/Gasoline,Front Wheel Drive,Manual,6.0,69,999.0,3.0,5.0,5.0,Grey,Cloth,False,True,1.663126188966392
100000,6990,2015.0,Diesel,Front Wheel Drive,Manual,5.486510227130129,95,1248.0,4.0,5.0,5.0,White,Cloth,False,True,1.663126188966392
60882,10200,2018.0,LPG,Front Wheel Drive,Manual,5.0,69,1242.0,4.0,5.0,5.0,White,Cloth,False,False,1.663126188966392
64400,9900,2018.0,LPG,Front Wheel Drive,Manual,5.486510227130129,69,1242.0,4.0,5.0,5.0,Red,Cloth,True,True,2.0
84908,10500,2022.0,Gasoline,Front Wheel Drive,Manual,6.0,69,999.0,3.0,5.0,5.0,Black,Cloth,True,True,1.0
17612,14400,2024.0,Electric/Gasoline,Front Wheel Drive,Manual,6.0,69,999.0,3.0,5.0,5.0,Black,Cloth,False,True,1.663126188966392
59600,11000,2021.0,Electric/Gasoline,Front Wheel Drive,Manual,6.0,69,999.0,3.0,5.0,5.0,Grey,Cloth,False,True,1.0
53000,8490,2019.0,Gasoline,Front Wheel Drive,Manual,5.0,69,1242.0,4.0,5.0,5.0,White,Cloth,False,False,1.663126188966392
170000,6200,2013.0,Gasoline,Front Wheel Drive,Manual,5.0,69,1242.0,4.0,5.0,5.0,Black,Cloth,True,True,1.0
123320,4990,2009.0,LPG,Front Wheel Drive,Manual,5.0,77,1368.0,4.0,5.0,5.0,Grey,Cloth,False,True,1.0
5730,14500,2024.0,Electric/Gasoline,Front Wheel Drive,Manual,6.0,69,999.0,3.0,5.0,5.0,Blue,Cloth,False,False,1.663126188966392
33468,12900,2023.0,Electric/Gasoline,Front Wheel Drive,Manual,6.0,69,999.0,3.0,5.0,5.0,White,Cloth,False,False,1.0
28593,9190,2023.0,Electric/Gasoline,Front Wheel Drive,Manual,6.0,69,999.0,3.0,5.0,5.0,Blue,Cloth,False,True,1.0
22982,13500,2024.0,Electric/Gasoline,Front Wheel Drive,Manual,6.0,69,999.0,3.0,5.0,5.0,White,Cloth,False,False,1.0
146850,6900,2013.0,LPG,Front Wheel Drive,Manual,5.0,69,1242.0,4.0,5.0,5.0,Violet,Cloth,False,False,1.663126188966392
90000,5999,2013.0,Gasoline,Front Wheel Drive,Manual,5.0,69,1242.0,4.0,5.0,5.0,White,Cloth,False,False,1.0
20036,14400,2024.0,Electric/Gasoline,Front Wheel Drive,Manual,6.0,69,999.0,3.0,5.0,5.0,Grey,Cloth,False,True,1.663126188966392
108800,8200,2019.0,LPG,Front Wheel Drive,Manual,5.0,69,1242.0,4.0,5.0,5.0,Black,Cloth,True,True,1.0
160000,6500,2010.0,Diesel,Front Wheel Drive,Manual,5.0,92,1248.0,4.0,5.0,5.0,Red,Cloth,False,False,1.0
97950,7800,2015.0,Diesel,Front Wheel Drive,Manual,5.0,95,1248.0,4.0,5.0,5.0,White,Cloth,False,False,1.663126188966392
136299,4900,2009.0,Gasoline,Front Wheel Drive,Manual,6.0,95,1368.0,4.0,5.0,5.0,Brown,Cloth,False,False,2.0
56000,10290,2023.0,Electric/Gasoline,Front Wheel Drive,Manual,6.0,69,999.0,3.0,5.0,5.0,White,Cloth,False,False,1.0
30000,12950,2023.0,Electric/Gasoline,Front Wheel Drive,Manual,6.0,69,999.0,3.0,5.0,5.0,Black,Cloth,False,False,1.663126188966392
108000,8500,2013.0,LPG,Front Wheel Drive,Manual,5.0,69,1242.0,4.0,5.0,5.0,Black,alcantara,False,False,1.663126188966392
102000,10700,2023.0,Electric/Gasoline,Front Wheel Drive,Manual,5.0,69,999.0,3.0,5.0,5.0,White,Cloth,False,True,1.663126188966392
18867,12350,2023.0,Gasoline,Front Wheel Drive,Manual,6.0,69,998.0,3.0,5.0,5.0,Black,Cloth,True,True,1.0
18603,12700,2024.0,Electric/Gasoline,Front Wheel Drive,Manual,6.0,69,999.0,3.0,5.0,5.0,Grey,Other,False,False,1.663126188966392
19813,12700,2024.0,Electric/Gasoline,Front Wheel Drive,Manual,6.0,69,999.0,3.0,5.0,5.0,White,Other,False,False,1.663126188966392
16009,12178,2024.0,Electric/Gasoline,Front Wheel Drive,Manual,6.0,69,999.0,3.0,5.0,5.0,Black,Cloth,False,True,1.663126188966392
21880,9190,2023.0,Electric/Gasoline,Front Wheel Drive,Manual,6.0,69,999.0,3.0,5.0,5.0,Blue,Cloth,False,True,1.0
21446,11218,2024.0,Electric/Gasoline,Front Wheel Drive,Manual,6.0,69,999.0,3.0,5.0,5.0,Black,Cloth,False,True,1.663126188966392
36507,13900,2024.0,Electric/Gasoline,Front Wheel Drive,Manual,6.0,69,999.0,3.0,5.0,5.0,Blue,Cloth,False,False,1.0
67806,11900,2022.0,Electric/Gasoline,Front Wheel Drive,Manual,6.0,69,999.0,3.0,5.0,5.0,Grey,Cloth,False,False,1.663126188966392
24181,13900,2024.0,Electric/Gasoline,Front Wheel Drive,Manual,6.0,69,999.0,3.0,5.0,5.0,Black,Cloth,False,False,1.663126188966392
42484,11800,2020.0,Electric/Gasoline,Front Wheel Drive,Manual,6.0,69,999.0,3.0,5.0,5.0,White,Cloth,False,False,1.663126188966392
92000,9000,2014.0,LPG,Front Wheel Drive,Manual,5.0,69,1242.0,3.8257612141004707,5.0,5.0,Red,Other,False,True,1.0
18409,13450,2024.0,Electric/Gasoline,Front Wheel Drive,Manual,6.0,69,999.0,3.0,5.0,5.0,Grey,Cloth,False,False,1.663126188966392
57150,11900,2023.0,Electric/Gasoline,Front Wheel Drive,Manual,6.0,69,999.0,3.0,5.0,5.0,Grey,Cloth,False,True,1.0
190000,8000,2014.0,LPG,Front Wheel Drive,Manual,5.486510227130129,69,1242.0,4.0,5.0,5.0,White,Cloth,False,False,1.663126188966392
125000,8499,2022.0,Electric/Gasoline,Front Wheel Drive,Manual,5.486510227130129,69,999.0,3.0,5.0,5.0,Blue,Part leather,False,False,1.663126188966392
128916,8990,2016.0,LPG,Front Wheel Drive,Manual,5.0,69,1242.0,4.0,5.0,5.0,Grey,Part leather,False,False,1.663126188966392
10000,11800,2022.0,Electric/Gasoline,Front Wheel Drive,Manual,6.0,69,999.0,3.0,5.0,5.0,Red,Cloth,False,True,1.663126188966392
150000,6700,2013.0,Gasoline,Front Wheel Drive,Manual,5.486510227130129,69,1242.0,4.0,5.0,5.0,White,alcantara,True,True,1.0
35000,12490,2020.0,Electric/Gasoline,Front Wheel Drive,Manual,5.0,69,999.0,3.0,5.0,5.0,White,Cloth,True,True,1.0
74800,9900,2022.0,Electric/Gasoline,Front Wheel Drive,Manual,6.0,69,999.0,3.0,5.0,5.0,Blue,Cloth,False,True,1.663126188966392
13226,14500,2024.0,Electric/Gasoline,Front Wheel Drive,Manual,6.0,69,999.0,3.0,5.0,5.0,Grey,Other,False,False,1.663126188966392
125828,9200,2018.0,LPG,Front Wheel Drive,Manual,5.0,69,1242.0,4.0,5.0,5.0,Red,Cloth,False,False,1.663126188966392
17385,14900,2024.0,LPG,Front Wheel Drive,Manual,5.0,69,1242.0,4.0,5.0,5.0,Red,Other,False,False,1.663126188966392
150000,5500,2012.0,LPG,Front Wheel Drive,Manual,5.0,69,1242.0,4.0,5.0,5.0,Grey,Other,False,False,1.0
159000,6500,2014.0,LPG,Front Wheel Drive,Manual,5.0,69,1242.0,4.0,5.0,5.0,Grey,Cloth,True,False,1.663126188966392
15432,14950,2024.0,Electric/Gasoline,Front Wheel Drive,Manual,6.0,69,999.0,3.0,5.0,5.0,Black,Cloth,False,False,1.663126188966392
27058,14500,2024.0,Electric/Gasoline,Front Wheel Drive,Manual,6.0,69,999.0,3.0,5.0,5.0,Silver,Cloth,False,False,1.0
69800,9900,2018.0,LPG,Front Wheel Drive,Manual,5.0,69,1242.0,4.0,5.0,5.0,Grey,alcantara,False,False,1.663126188966392
12761,14800,2024.0,Electric/Gasoline,Front Wheel Drive,Manual,6.0,69,999.0,3.0,5.0,5.0,Grey,Cloth,False,False,1.663126188966392
13000,12900,2024.0,Electric/Gasoline,Front Wheel Drive,Manual,6.0,69,999.0,3.0,5.0,5.0,Grey,Cloth,False,False,1.663126188966392
104828,7490,2013.0,Gasoline,Front Wheel Drive,Manual,5.0,69,1242.0,4.0,5.0,5.0,Red,Part leather,True,True,1.663126188966392
92784,4950,2011.0,Gasoline,Front Wheel Drive,Automatic,5.0,95,1368.0,4.0,5.0,5.0,Grey,Cloth,True,False,1.663126188966392
112000,7950,2015.0,Gasoline,Front Wheel Drive,Manual,5.0,69,1242.0,4.0,5.0,5.0,Violet,Other,False,False,1.0
89974,8399,2017.0,Gasoline,Front Wheel Drive,Manual,5.486510227130129,69,1242.0,3.8257612141004707,5.0,5.0,Blue,Cloth,False,True,2.0
31300,12390,2023.0,Electric/Gasoline,Front Wheel Drive,Manual,6.0,69,999.0,3.0,5.0,5.0,Black,Cloth,False,False,1.663126188966392
99900,9470,2022.0,Electric/Gasoline,Front Wheel Drive,Manual,5.0,69,999.0,3.0,5.0,5.0,Grey,Cloth,False,False,1.0
28270,11899,2024.0,Electric/Gasoline,Front Wheel Drive,Manual,6.0,69,999.0,3.0,5.0,5.0,Blue,Cloth,False,True,1.663126188966392
13092,14790,2024.0,Electric/Gasoline,Front Wheel Drive,Manual,6.0,69,999.0,3.0,5.0,5.0,Blue,Cloth,False,False,1.663126188966392
11000,12400,2023.0,Electric/Gasoline,Front Wheel Drive,Manual,5.486510227130129,69,999.0,3.0,5.0,5.0,Blue,Cloth,True,False,1.0
73901,11400,2018.0,LPG,Front Wheel Drive,Manual,5.0,69,1242.0,4.0,5.0,5.0,Silver,Cloth,False,False,2.0
70661,8699,2017.0,Gasoline,Front Wheel Drive,Manual,5.486510227130129,69,1242.0,3.8257612141004707,5.0,5.0,Black,Cloth,False,True,2.0
130000,6900,2014.0,Gasoline,Front Wheel Drive,Manual,5.0,69,1242.0,4.0,5.0,5.0,Silver,Cloth,True,True,1.0
130000,8950,2020.0,Gasoline,Front Wheel Drive,Manual,5.0,69,1242.0,4.0,5.0,5.0,Grey,Cloth,False,True,1.663126188966392
210000,5490,2015.0,LPG,Front Wheel Drive,Manual,5.0,69,1242.0,4.0,5.0,5.0,White,Cloth,False,False,1.663126188966392
25500,13400,2024.0,Electric/Gasoline,Front Wheel Drive,Manual,6.0,69,999.0,3.0,5.0,5.0,Black,Cloth,False,False,1.663126188966392
20706,14600,2024.0,Electric/Gasoline,Front Wheel Drive,Manual,6.0,69,999.0,3.0,5.0,5.0,Grey,Cloth,False,True,1.0
17612,14400,2024.0,Electric/Gasoline,Front Wheel Drive,Manual,6.0,69,999.0,3.0,5.0,5.0,Black,Cloth,False,True,1.663126188966392
170000,6999,2016.0,LPG,Front Wheel Drive,Manual,5.0,69,1242.0,4.0,5.0,5.0,Black,Cloth,False,False,1.663126188966392
20036,14400,2024.0,Electric/Gasoline,Front Wheel Drive,Manual,6.0,69,999.0,3.0,5.0,5.0,Grey,Cloth,False,True,1.663126188966392
105000,8200,2016.0,Gasoline,Front Wheel Drive,Manual,5.0,69,1242.0,4.0,5.0,5.0,Black,Cloth,False,True,2.0
41170,13400,2024.0,Electric/Gasoline,Front Wheel Drive,Manual,6.0,69,999.0,3.0,5.0,5.0,Black,Other,False,False,1.663126188966392
26161,12047,2024.0,Electric/Gasoline,Front Wheel Drive,Manual,6.0,69,999.0,3.0,5.0,5.0,White,Cloth,False,True,1.663126188966392
53000,12900,2022.0,Electric/Gasoline,Front Wheel Drive,Manual,6.0,69,999.0,3.0,5.0,5.0,White,Cloth,False,False,1.663126188966392
19121,14000,2024.0,Electric/Gasoline,Front Wheel Drive,Manual,6.0,69,999.0,3.0,5.0,5.0,Grey,Other,False,False,1.663126188966392
68000,11600,2022.0,Electric/Gasoline,Front Wheel Drive,Manual,6.0,69,999.0,3.0,5.0,5.0,Blue,Cloth,False,False,1.663126188966392
29861,13300,2024.0,Electric/Gasoline,Front Wheel Drive,Manual,6.0,69,999.0,3.0,5.0,5.0,Grey,Other,False,False,1.663126188966392
39149,12900,2024.0,Electric/Gasoline,Front Wheel Drive,Manual,6.0,69,999.0,3.0,5.0,5.0,Blue,Cloth,False,False,1.0
31008,13300,2024.0,Electric/Gasoline,Front Wheel Drive,Manual,6.0,69,999.0,3.0,5.0,5.0,Grey,Other,False,False,1.0
139000,7500,2013.0,Diesel,Front Wheel Drive,Manual,5.0,95,1248.0,4.0,5.0,5.0,White,alcantara,True,True,1.0
195000,5300,2012.0,LPG,Front Wheel Drive,Manual,5.0,69,1242.0,4.0,5.0,5.0,White,alcantara,False,False,1.663126188966392
250000,4900,2012.0,Diesel,Front Wheel Drive,Manual,6.0,120,1598.0,4.0,5.0,5.0,Beige,Velour,True,True,1.0
51624,9699,2020.0,Electric/Gasoline,Front Wheel Drive,Manual,5.486510227130129,69,999.0,3.8257612141004707,5.0,5.0,Red,Cloth,False,True,1.0
36000,13500,2022.0,LPG,Front Wheel Drive,Manual,6.0,69,999.0,3.0,5.0,5.0,Black,Cloth,False,False,1.663126188966392
25915,12118,2024.0,Electric/Gasoline,Front Wheel Drive,Manual,6.0,69,999.0,3.0,5.0,5.0,White,Cloth,False,True,1.663126188966392
20748,14900,2024.0,Electric/Gasoline,Front Wheel Drive,Manual,6.0,69,999.0,3.0,5.0,5.0,Black,Cloth,False,False,1.0
26161,12047,2024.0,Electric/Gasoline,Front Wheel Drive,Manual,6.0,69,999.0,3.0,5.0,5.0,White,Cloth,False,True,1.663126188966392
26161,12047,2024.0,Electric/Gasoline,Front Wheel Drive,Manual,6.0,69,999.0,3.0,5.0,5.0,White,Cloth,False,True,1.663126188966392
88381,9999,2020.0,Electric/Gasoline,Front Wheel Drive,Manual,5.486510227130129,69,999.0,3.8257612141004707,5.0,5.0,Silver,Cloth,False,True,1.0
84978,11990,2022.0,LPG,Front Wheel Drive,Manual,5.0,69,1242.0,4.0,5.0,5.0,Blue,Cloth,True,False,1.0
30298,11978,2024.0,Electric/Gasoline,Front Wheel Drive,Manual,6.0,69,999.0,3.0,5.0,5.0,White,Cloth,False,True,1.663126188966392
21612,14500,2024.0,Gasoline,Front Wheel Drive,Manual,6.0,69,999.0,3.0,5.0,5.0,Grey,Other,False,False,1.663126188966392
29458,12740,2024.0,Electric/Gasoline,Front Wheel Drive,Manual,6.0,69,999.0,3.0,5.0,5.0,Grey,Other,False,False,1.663126188966392
16500,14900,2024.0,Electric/Gasoline,Front Wheel Drive,Manual,5.486510227130129,69,999.0,3.0,5.0,5.0,Black,Cloth,False,False,1.663126188966392
35165,12199,2021.0,Electric/Gasoline,Front Wheel Drive,Manual,5.486510227130129,69,999.0,3.8257612141004707,5.0,5.0,Blue,Cloth,False,True,1.0
104340,8990,2017.0,LPG,Front Wheel Drive,Manual,5.0,69,1242.0,4.0,5.0,5.0,Red,Other,False,False,1.663126188966392
41228,11999,2023.0,Electric/Gasoline,Front Wheel Drive,Manual,5.486510227130129,69,999.0,3.8257612141004707,5.0,5.0,Black,Cloth,False,True,1.0
30500,14900,2024.0,Electric/Gasoline,Front Wheel Drive,Manual,6.0,69,999.0,3.0,5.0,5.0,Blue,Other,False,False,1.663126188966392
99900,8900,2014.0,Gasoline,Front Wheel Drive,Manual,5.0,69,1242.0,4.0,5.0,5.0,Silver,Cloth,False,False,1.0
83300,10750,2018.0,LPG,Front Wheel Drive,Manual,5.0,69,1242.0,4.0,5.0,5.0,Red,Cloth,False,False,1.0
66717,13400,2024.0,Electric/Gasoline,Front Wheel Drive,Manual,6.0,69,999.0,3.0,5.0,5.0,Blue,Other,False,False,1.663126188966392
27308,14490,2024.0,Electric/Gasoline,Front Wheel Drive,Manual,6.0,69,999.0,3.0,5.0,5.0,White,Other,False,False,1.663126188966392
42500,7700,2022.0,LPG,Front Wheel Drive,Manual,5.486510227130129,69,1242.0,4.0,5.0,5.0,Red,Cloth,True,False,1.663126188966392
24207,9090,2023.0,Electric/Gasoline,Front Wheel Drive,Manual,6.0,69,999.0,3.0,5.0,5.0,Grey,Cloth,False,True,1.0
56800,7900,2023.0,Electric/Gasoline,Front Wheel Drive,Manual,6.0,69,999.0,3.0,5.0,5.0,Black,Cloth,True,False,1.0
131767,4499,2010.0,Diesel,Front Wheel Drive,Manual,6.0,116,1598.0,4.0,5.0,5.0,Grey,Cloth,True,True,1.0
135000,5490,2013.0,Gasoline,Front Wheel Drive,Manual,5.0,69,1242.0,4.0,5.0,5.0,Black,Cloth,True,False,1.0
54573,9500,2023.0,Electric/Gasoline,Front Wheel Drive,Manual,5.486510227130129,69,1000.0,3.8257612141004707,5.0,5.0,Red,Cloth,False,True,1.0
24207,9090,2023.0,Electric/Gasoline,Front Wheel Drive,Manual,6.0,69,999.0,3.0,5.0,5.0,Grey,Cloth,False,True,1.0
28593,9190,2023.0,Electric/Gasoline,Front Wheel Drive,Manual,6.0,69,999.0,3.0,5.0,5.0,Blue,Cloth,False,True,1.0
52,12500,2022.0,LPG,Front Wheel Drive,Manual,5.486510227130129,69,1242.0,4.0,5.0,5.0,Silver,Cloth,False,False,1.663126188966392
104000,6950,2016.0,LPG,Front Wheel Drive,Manual,5.0,69,1242.0,4.0,5.0,5.0,White,Cloth,False,True,1.663126188966392
16000,12900,2024.0,Electric/Gasoline,Front Wheel Drive,Manual,6.0,69,999.0,3.0,5.0,5.0,Bronze,Full leather,True,True,1.663126188966392
262000,4500,2011.0,Diesel,Front Wheel Drive,Manual,5.0,95,1248.0,4.0,5.0,5.0,White,Part leather,False,False,1.0
157647,7990,2009.0,Gasoline,Front Wheel Drive,Automatic,6.0,200,1742.0,4.0,5.0,5.0,Beige,Full leather,True,False,1.663126188966392
118155,2450,2008.0,Gasoline,Front Wheel Drive,Manual,5.486510227130129,95,1368.0,4.0,5.0,5.0,Grey,Full leather,True,False,1.663126188966392
250000,1299,2013.0,CNG,Front Wheel Drive,Manual,5.486510227130129,80,875.0,2.0,5.0,5.0,Black,Full leather,False,False,1.663126188966392
35000,7990,2020.0,Electric/Gasoline,Front Wheel Drive,Manual,6.0,69,999.0,3.0,5.0,5.0,White,Full leather,False,True,1.663126188966392
238805,1495,2012.0,Gasoline,Front Wheel Drive,Manual,5.486510227130129,140,1368.0,4.0,5.0,5.0,Black,Part leather,False,False,1.663126188966392
290000,1000,2009.0,Gasoline,Front Wheel Drive,Manual,5.486510227130129,150,1539.94231635872,3.8257612141004707,5.0,5.0,White,Full leather,False,False,1.663126188966392
21000,7500,2015.0,Gasoline,Front Wheel Drive,Manual,5.0,69,1242.0,4.0,5.0,5.0,Grey,Cloth,True,True,1.0
59000,4500,2010.0,Gasoline,Front Wheel Drive,Manual,5.0,120,1368.0,4.0,5.0,5.0,Brown,Velour,False,True,1.0
94000,3900,2014.0,CNG,Rear Wheel Drive,Manual,5.0,80,875.0,2.0,5.0,5.0,Violet,Full leather,False,False,1.663126188966392
20000,10450,2023.0,Electric/Gasoline,Rear Wheel Drive,Manual,5.486510227130129,69,999.0,3.0,5.0,5.0,White,Cloth,False,False,1.663126188966392
243000,1600,2011.0,Diesel,Front Wheel Drive,Manual,6.0,120,1598.0,4.0,5.0,5.0,Grey,Full leather,False,False,1.663126188966392
210000,1950,2010.0,Diesel,Front Wheel Drive,Manual,5.486510227130129,120,1598.0,4.0,5.0,5.0,Silver,alcantara,False,False,1.663126188966392
181922,3300,2013.0,CNG,Front Wheel Drive,Manual,5.0,80,875.0,2.0,5.0,5.0,Silver,Full leather,False,False,1.663126188966392
199000,4900,2013.0,Diesel,Front Wheel Drive,Manual,6.0,120,1598.0,4.0,5.0,5.0,White,Part leather,False,False,1.663126188966392
222000,3199,2012.0,LPG,Front Wheel Drive,Manual,5.0,69,1242.0,4.0,5.0,5.0,White,Cloth,False,True,1.663126188966392
230000,3900,2015.0,CNG,Front Wheel Drive,Manual,5.0,80,875.0,2.0,5.0,5.0,White,Cloth,False,False,1.663126188966392
60000,5500,2013.0,Gasoline,Front Wheel Drive,Manual,5.0,69,1242.0,4.0,5.0,5.0,Silver,Cloth,False,False,1.663126188966392
220000,2900,2012.0,Diesel,Front Wheel Drive,Manual,6.0,189,1910.0,4.0,5.0,5.0,Silver,Cloth,False,False,1.663126188966392
124000,2100,2009.0,Gasoline,Front Wheel Drive,Manual,5.486510227130129,95,1368.0,4.0,5.0,5.0,Blue,Full leather,True,True,1.0
34800,8700,2019.0,Gasoline,Front Wheel Drive,Manual,5.0,69,1242.0,4.0,5.0,5.0,Blue,Full leather,True,True,1.663126188966392
37000,7990,2020.0,Electric/Gasoline,Front Wheel Drive,Manual,6.0,69,999.0,3.0,5.0,5.0,White,Full leather,False,True,1.663126188966392
130000,5199,2015.0,Gasoline,Front Wheel Drive,Manual,5.0,69,1242.0,4.0,5.0,5.0,White,Full leather,False,False,1.663126188966392
150000,3200,2010.0,Diesel,Front Wheel Drive,Manual,6.0,189,1910.0,4.0,5.0,5.0,White,Full leather,False,False,1.663126188966392
170000,3990,2014.0,LPG,Front Wheel Drive,Manual,5.0,69,1242.0,4.0,5.0,5.0,Bronze,Cloth,False,False,1.663126188966392
128000,4500,2012.0,LPG,Front Wheel Drive,Manual,5.486510227130129,69,1242.0,4.0,5.0,5.0,Bronze,Cloth,False,False,1.663126188966392
185000,2200,2011.0,Diesel,Front Wheel Drive,Manual,6.0,105,1598.0,4.0,5.0,5.0,Bronze,alcantara,False,False,1.663126188966392
180000,3100,2010.0,Diesel,Front Wheel Drive,Manual,6.0,120,1598.0,4.0,5.0,5.0,Grey,Velour,False,False,2.0
110000,6500,2009.0,Diesel,Front Wheel Drive,Manual,5.486510227130129,189,1910.0,4.0,5.0,5.0,Silver,Full leather,False,True,1.663126188966392
185000,3200,2012.0,Diesel,Front Wheel Drive,Manual,6.0,105,1598.0,4.0,5.0,5.0,Blue,Cloth,False,False,1.663126188966392
160864,5200,2015.0,Gasoline,Front Wheel Drive,Manual,5.0,69,1242.0,4.0,5.0,5.0,Black,Cloth,False,False,1.0
237199,1950,2011.0,Gasoline,Front Wheel Drive,Manual,5.0,140,1368.0,4.0,5.0,5.0,Black,Part leather,True,False,1.663126188966392
202520,1590,2006.0,Diesel,Front Wheel Drive,Manual,5.0,136,1539.94231635872,4.0,5.0,5.0,Grey,Cloth,True,True,2.0
146515,7650,2014.0,Diesel,Front Wheel Drive,Manual,6.0,120,1598.0,4.0,5.0,5.0,Silver,Full leather,True,True,1.0
33900,8900,2019.0,Gasoline,Front Wheel Drive,Manual,5.0,69,1200.0,4.0,5.0,5.0,White,Cloth,True,True,1.663126188966392
129743,6290,2015.0,Diesel,Front Wheel Drive,Manual,5.0,95,1248.0,4.0,5.0,5.0,Red,Cloth,False,True,1.663126188966392
145000,3999,2015.0,CNG,Front Wheel Drive,Manual,5.0,80,875.0,2.0,5.0,5.0,Red,Cloth,False,False,1.663126188966392
106000,5200,2011.0,Diesel,Front Wheel Drive,Manual,5.0,95,1248.0,4.0,5.0,5.0,Black,Cloth,True,False,1.0
169000,5790,2013.0,Diesel,Front Wheel Drive,Manual,6.0,120,1598.0,4.0,5.0,5.0,Black,Part leather,True,True,1.0
228000,3500,2012.0,Diesel,Front Wheel Drive,Manual,5.0,95,1248.0,4.0,5.0,5.0,Black,Cloth,False,False,1.663126188966392
108356,1499,2000.0,Diesel,Front Wheel Drive,Manual,5.0,110,1910.0,4.0,5.0,5.0,Grey,alcantara,True,True,1.663126188966392
168000,4400,2014.0,Gasoline,Front Wheel Drive,Manual,5.0,69,1242.0,4.0,5.0,5.0,Grey,alcantara,False,False,1.663126188966392
209000,2999,2011.0,Diesel,Front Wheel Drive,Manual,6.0,120,1598.0,4.0,5.0,5.0,Silver,Part leather,True,True,1.0
235000,1500,2007.0,Diesel,Front Wheel Drive,Manual,5.486510227130129,90,1248.0,4.0,5.0,5.0,Silver,Part leather,False,False,1.663126188966392
160000,6000,2010.0,Diesel,Front Wheel Drive,Manual,6.0,189,1910.0,4.0,5.0,5.0,Silver,Part leather,False,False,1.663126188966392
121000,6200,2017.0,Gasoline,Front Wheel Drive,Manual,5.0,69,1242.0,4.0,5.0,5.0,Beige,Cloth,True,False,2.0
290000,3900,2015.0,Diesel,Front Wheel Drive,Manual,5.0,95,1248.0,4.0,5.0,5.0,Beige,Cloth,False,False,1.663126188966392
180000,3500,2012.0,Diesel,Front Wheel Drive,Semi-automatic,6.0,120,1598.0,4.0,5.0,5.0,Black,Cloth,False,False,1.663126188966392
225000,2650,2011.0,Diesel,Front Wheel Drive,Manual,5.0,90,1248.0,4.0,5.0,5.0,Black,Cloth,False,False,1.663126188966392
225000,3900,2010.0,LPG,Front Wheel Drive,Manual,6.0,120,1368.0,4.0,5.0,5.0,Black,Cloth,False,False,1.663126188966392
99560,5000,2009.0,Gasoline,Front Wheel Drive,Manual,6.0,95,1368.0,4.0,5.0,5.0,Grey,Full leather,False,True,1.663126188966392
115000,4500,2011.0,Diesel,Front Wheel Drive,Manual,5.0,95,1248.0,4.0,5.0,5.0,White,alcantara,False,False,1.663126188966392
100500,6000,2014.0,Diesel,Front Wheel Drive,Manual,6.0,105,1598.0,4.0,5.0,5.0,Black,Full leather,True,True,1.663126188966392
125000,4775,2011.0,Diesel,Front Wheel Drive,Manual,5.0,92,1248.0,4.0,5.0,5.0,Gold,Cloth,True,True,1.0
150000,2990,2011.0,Diesel,Front Wheel Drive,Manual,5.486510227130129,116,1598.0,4.0,5.0,5.0,White,Cloth,False,False,1.663126188966392
189000,2990,2010.0,Diesel,Front Wheel Drive,Manual,6.0,120,1598.0,4.0,5.0,5.0,Black,Cloth,False,False,1.663126188966392
29000,10900,2022.0,Electric/Gasoline,Front Wheel Drive,Manual,6.0,69,999.0,3.0,5.0,5.0,White,Cloth,False,False,1.0
217000,3000,2007.0,Diesel,Front Wheel Drive,Manual,5.486510227130129,90,1248.0,4.0,5.0,5.0,Black,Part leather,False,False,1.663126188966392
200000,3950,2012.0,Diesel,Front Wheel Drive,Manual,6.0,189,1910.0,4.0,5.0,5.0,Black,Part leather,False,False,1.663126188966392
168900,2900,2008.0,Diesel,Front Wheel Drive,Manual,6.0,120,1598.0,4.0,5.0,5.0,Beige,Cloth,False,True,1.663126188966392
147000,4900,2012.0,Gasoline,Front Wheel Drive,Manual,5.486510227130129,69,1242.0,4.0,5.0,5.0,Beige,alcantara,False,True,1.0
159000,5000,2014.0,LPG,Front Wheel Drive,Manual,5.0,69,1242.0,4.0,5.0,5.0,Silver,Cloth,False,False,1.663126188966392
104000,5200,2012.0,Gasoline,Front Wheel Drive,Manual,5.0,69,1242.0,4.0,5.0,5.0,Grey,Part leather,False,False,1.0
58000,7500,2016.0,Gasoline,Front Wheel Drive,Manual,5.0,86,875.0,2.0,5.0,5.0,Grey,Part leather,False,False,1.663126188966392
159842,5300,2015.0,Diesel,Front Wheel Drive,Manual,5.0,95,1248.0,4.0,5.0,5.0,Grey,Other,False,False,1.663126188966392
89000,3500,2008.0,Gasoline,Rear Wheel Drive,Automatic,5.0,95,1368.0,4.0,5.0,5.0,Bronze,Part leather,False,False,2.0
212059,4200,2011.0,Gasoline,Front Wheel Drive,Semi-automatic,5.0,86,875.0,2.0,5.0,5.0,Bronze,Part leather,True,False,1.663126188966392
130552,5500,2013.0,Diesel,Front Wheel Drive,Manual,5.0,95,1248.0,4.0,5.0,5.0,Blue,Cloth,False,False,1.663126188966392
181654,1200,2003.0,Diesel,Front Wheel Drive,Manual,5.0,116,1910.0,4.0,5.0,5.0,Grey,Cloth,False,False,1.663126188966392
179000,4990,2012.0,Diesel,Front Wheel Drive,Manual,6.0,105,1598.0,4.0,5.0,5.0,Blue,Velour,False,False,1.0
217000,3950,2015.0,CNG,Front Wheel Drive,Manual,5.486510227130129,80,875.0,2.0,5.0,5.0,White,Cloth,False,False,1.0
139000,7000,2011.0,Gasoline,Front Wheel Drive,Semi-automatic,6.0,200,1742.0,4.0,5.0,5.0,Grey,Full leather,True,True,2.0
119000,5600,2014.0,Gasoline,Front Wheel Drive,Manual,5.486510227130129,69,1242.0,4.0,5.0,5.0,Silver,Cloth,False,False,1.663126188966392
148000,3500,2011.0,Gasoline,Front Wheel Drive,Manual,5.486510227130129,95,1368.0,4.0,5.0,5.0,Grey,Cloth,False,False,1.663126188966392
162000,3500,2010.0,Diesel,Front Wheel Drive,Manual,5.486510227130129,69,1248.0,4.0,5.0,5.0,Blue,Cloth,False,True,1.663126188966392
170000,2100,2012.0,Diesel,Front Wheel Drive,Manual,5.0,92,1248.0,4.0,5.0,5.0,Grey,Cloth,False,False,1.663126188966392
68000,9490,2022.0,Electric/Gasoline,Front Wheel Drive,Manual,6.0,69,999.0,3.0,5.0,5.0,Grey,Cloth,True,True,1.0
200000,2490,2010.0,LPG,Front Wheel Drive,Manual,5.0,77,1368.0,4.0,5.0,5.0,Black,Cloth,True,False,1.0
184000,2950,2010.0,LPG,Front Wheel Drive,Manual,5.486510227130129,120,1368.0,4.0,5.0,5.0,Blue,Cloth,False,True,1.0
122000,3200,2010.0,Diesel,Front Wheel Drive,Manual,5.0,92,1248.0,4.0,5.0,5.0,Black,Full leather,True,False,1.663126188966392
43000,8499,2019.0,Gasoline,Front Wheel Drive,Manual,5.0,69,1242.0,4.0,5.0,5.0,White,Cloth,False,False,1.663126188966392
257000,2900,2011.0,Gasoline,Front Wheel Drive,Manual,6.0,120,1368.0,4.0,5.0,5.0,White,Cloth,True,False,1.663126188966392
119000,5499,2011.0,Diesel,Front Wheel Drive,Manual,5.0,90,1248.0,4.0,5.0,5.0,Black,Cloth,True,False,1.0
276000,650,2008.0,Diesel,Front Wheel Drive,Manual,6.0,136,1997.0,4.0,5.0,5.0,Grey,Cloth,False,False,1.663126188966392
125000,8000,2018.0,LPG,Front Wheel Drive,Manual,5.0,69,1269.0,4.0,5.0,5.0,Grey,Cloth,True,False,1.663126188966392
59100,7900,2010.0,Gasoline,Front Wheel Drive,Automatic,6.0,95,1368.0,4.0,5.0,5.0,Brown,Part leather,False,False,1.663126188966392
34000,7990,2019.0,Gasoline,Front Wheel Drive,Manual,5.0,69,1242.0,4.0,5.0,5.0,White,Other,False,True,1.663126188966392
153000,4999,2013.0,LPG,Front Wheel Drive,Manual,5.0,69,1242.0,4.0,5.0,5.0,Grey,alcantara,False,False,1.663126188966392
223000,3100,2009.0,Diesel,Front Wheel Drive,Manual,5.486510227130129,189,1910.0,4.0,5.0,5.0,Silver,Other,False,False,1.663126188966392
225000,2200,2008.0,Gasoline,Front Wheel Drive,Manual,5.0,77,1368.0,4.0,5.0,5.0,Silver,Other,False,False,1.663126188966392
141442,5750,2012.0,Gasoline,Front Wheel Drive,Manual,5.486510227130129,120,1368.0,4.0,5.0,5.0,White,Part leather,True,False,1.663126188966392
127000,5100,2012.0,LPG,Front Wheel Drive,Manual,5.486510227130129,69,1242.0,4.0,5.0,5.0,Black,Cloth,False,False,1.663126188966392
159000,2100,2009.0,Diesel,Front Wheel Drive,Manual,5.0,120,1598.0,4.0,5.0,5.0,Black,Cloth,False,True,1.0
215000,4499,2012.0,Diesel,Front Wheel Drive,Manual,5.0,95,1248.0,4.0,5.0,5.0,Black,Cloth,True,False,1.0
64000,7300,2014.0,Gasoline,Front Wheel Drive,Manual,5.486510227130129,69,1242.0,4.0,5.0,5.0,White,alcantara,True,True,1.0
199000,3500,2009.0,Diesel,Rear Wheel Drive,Manual,6.0,165,1956.0,4.0,5.0,5.0,Silver,Full leather,False,False,1.663126188966392
125000,6700,2016.0,LPG,Front Wheel Drive,Manual,5.0,69,1242.0,4.0,5.0,5.0,Blue,Cloth,False,False,2.0
112000,5800,2012.0,Gasoline,Front Wheel Drive,Manual,5.486510227130129,95,1368.0,4.0,5.0,5.0,Grey,Cloth,False,False,1.663126188966392
114423,5945,2009.0,Gasoline,Front Wheel Drive,Manual,5.486510227130129,150,1368.0,4.0,5.0,5.0,Blue,Part leather,True,False,1.663126188966392
125000,6500,2015.0,Diesel,Front Wheel Drive,Manual,5.0,95,1248.0,4.0,5.0,5.0,Black,alcantara,True,True,2.0
160000,4900,2014.0,LPG,Front Wheel Drive,Manual,5.0,69,1242.0,4.0,5.0,5.0,Grey,Part leather,False,False,1.663126188966392
119653,4800,2010.0,Gasoline,Front Wheel Drive,Manual,5.486510227130129,120,1368.0,4.0,5.0,5.0,Grey,Full leather,False,False,1.0
170000,4900,2011.0,Diesel,Front Wheel Drive,Manual,6.0,120,1598.0,4.0,5.0,5.0,Silver,Full leather,True,True,1.0
139000,4500,2011.0,Diesel,Front Wheel Drive,Manual,5.0,95,1248.0,4.0,5.0,5.0,Brown,Cloth,False,True,1.663126188966392
164837,4990,2013.0,Diesel,Front Wheel Drive,Manual,5.486510227130129,95,1248.0,4.0,5.0,5.0,Grey,Full leather,False,False,1.663126188966392
94000,6000,2011.0,Diesel,Front Wheel Drive,Manual,5.486510227130129,120,1598.0,4.0,5.0,5.0,Grey,Full leather,False,False,1.663126188966392
147590,4300,2010.0,Diesel,Front Wheel Drive,Manual,5.486510227130129,90,1248.0,4.0,5.0,5.0,Grey,Full leather,False,False,1.663126188966392
145500,5400,2014.0,Diesel,Front Wheel Drive,Manual,5.0,95,1248.0,4.0,5.0,5.0,Black,Cloth,False,False,1.663126188966392
140000,5900,2011.0,Diesel,Front Wheel Drive,Manual,6.0,165,1956.0,3.8257612141004707,5.0,5.0,Black,Other,False,False,1.663126188966392
157000,4490,2012.0,LPG,Front Wheel Drive,Manual,5.0,69,1242.0,4.0,5.0,5.0,Silver,Cloth,False,False,1.663126188966392
38500,14900,2012.0,Gasoline,Front Wheel Drive,Semi-automatic,6.0,200,1742.0,4.0,5.0,5.0,Silver,Cloth,False,False,1.663126188966392
110000,8995,2015.0,Diesel,Front Wheel Drive,Manual,6.0,120,1598.0,4.0,5.0,5.0,Grey,alcantara,False,False,1.663126188966392
98000,6500,2009.0,Diesel,Front Wheel Drive,Semi-automatic,5.486510227130129,120,1598.0,4.0,5.0,5.0,Grey,alcantara,False,False,1.663126188966392
140000,3350,2007.0,Gasoline,Front Wheel Drive,Semi-automatic,5.0,95,1368.0,4.0,5.0,5.0,Brown,Part leather,False,False,1.663126188966392
72000,8995,2020.0,Gasoline,Front Wheel Drive,Manual,5.0,69,1242.0,4.0,5.0,5.0,Silver,Cloth,True,True,1.0
34000,6990,2014.0,Gasoline,Front Wheel Drive,Manual,5.0,69,1242.0,4.0,5.0,5.0,Black,Cloth,False,False,1.663126188966392
190000,3500,2010.0,Gasoline,Front Wheel Drive,Manual,6.0,95,1395.0,4.0,5.0,5.0,Blue,alcantara,False,False,2.0
82000,5300,2009.0,Gasoline,Front Wheel Drive,Manual,6.0,120,1368.0,4.0,5.0,5.0,Grey,Velour,False,True,1.0
238000,1600,2011.0,Diesel,Front Wheel Drive,Manual,5.486510227130129,120,1598.0,4.0,5.0,5.0,Grey,Full leather,False,False,1.663126188966392
70630,7900,2017.0,Gasoline,Front Wheel Drive,Manual,5.0,69,1242.0,4.0,5.0,5.0,White,alcantara,True,True,1.663126188966392
131013,5990,2014.0,LPG,Front Wheel Drive,Manual,5.0,69,1242.0,4.0,5.0,5.0,White,alcantara,False,True,1.0
129000,4800,2012.0,LPG,Front Wheel Drive,Manual,5.486510227130129,69,1242.0,4.0,5.0,5.0,White,alcantara,True,True,1.0
223000,2999,2012.0,LPG,Front Wheel Drive,Manual,5.0,69,1242.0,4.0,5.0,5.0,Grey,Cloth,False,False,1.663126188966392
150000,4999,2014.0,CNG,Front Wheel Drive,Manual,5.0,80,875.0,2.0,5.0,5.0,Grey,Cloth,False,False,2.0
60000,5500,2011.0,Gasoline,Front Wheel Drive,Manual,5.0,86,875.0,2.0,5.0,5.0,Black,Cloth,False,False,1.663126188966392
70000,7500,2017.0,Diesel,Front Wheel Drive,Manual,5.0,95,1248.0,4.0,5.0,5.0,Grey,Cloth,True,True,1.0
38000,9850,2020.0,Gasoline,Front Wheel Drive,Manual,5.0,69,1242.0,4.0,5.0,5.0,Silver,Cloth,True,True,1.0
103232,4000,2009.0,Gasoline,Front Wheel Drive,Semi-automatic,5.0,95,1368.0,4.0,5.0,5.0,Grey,Cloth,True,False,1.0
215,3500,2010.0,Diesel,Front Wheel Drive,Manual,5.486510227130129,165,1956.0,4.0,5.0,5.0,Grey,Part leather,False,False,1.0
160000,3499,2010.0,Diesel,Front Wheel Drive,Manual,5.0,92,1248.0,4.0,5.0,5.0,Grey,Part leather,True,True,1.663126188966392
166000,4900,2014.0,Gasoline,Front Wheel Drive,Manual,5.0,86,875.0,2.0,5.0,5.0,Violet,Full leather,False,False,1.663126188966392
101000,2700,2007.0,Gasoline,Front Wheel Drive,Manual,6.0,95,1539.94231635872,3.8257612141004707,5.0,5.0,Black,Full leather,False,False,1.663126188966392
142000,5100,2011.0,Diesel,Front Wheel Drive,Manual,5.486510227130129,120,1598.0,4.0,5.0,5.0,Black,Part leather,True,False,2.0
66000,5950,2010.0,Gasoline,Front Wheel Drive,Manual,5.0,77,1368.0,4.0,5.0,5.0,Brown,Cloth,False,False,1.663126188966392
60569,8645,2022.0,Electric/Gasoline,Front Wheel Drive,Manual,6.0,69,999.0,3.0,5.0,5.0,Blue,Other,False,False,1.663126188966392
180000,5600,2013.0,Gasoline,Front Wheel Drive,Manual,5.0,69,1242.0,4.0,5.0,5.0,Grey,Cloth,True,True,1.0
140000,6800,2012.0,Diesel,Front Wheel Drive,Manual,5.0,95,1248.0,4.0,5.0,5.0,Grey,Cloth,False,False,1.663126188966392
62000,10990,2009.0,Gasoline,Front Wheel Drive,Automatic,6.0,200,1539.94231635872,4.0,5.0,5.0,Grey,Full leather,False,False,2.0
67000,7900,2016.0,LPG,Front Wheel Drive,Manual,5.0,69,1242.0,4.0,5.0,5.0,Blue,alcantara,True,True,1.663126188966392
230000,2990,2011.0,Diesel,Front Wheel Drive,Manual,6.0,105,1598.0,4.0,5.0,5.0,Blue,alcantara,False,False,1.663126188966392
60000,9000,2018.0,LPG,Front Wheel Drive,Manual,5.0,69,1242.0,3.8257612141004707,5.0,5.0,Blue,Other,True,False,1.0
1234,4350,2012.0,Diesel,Front Wheel Drive,Manual,5.0,95,1248.0,4.0,5.0,5.0,Blue,Other,False,False,1.663126188966392
220000,1500,2005.0,Diesel,Front Wheel Drive,Manual,5.0,69,1248.0,4.0,5.0,5.0,Grey,Cloth,False,False,1.663126188966392
178000,2300,2010.0,LPG,Front Wheel Drive,Manual,5.0,77,1368.0,4.0,5.0,5.0,Grey,Cloth,False,False,1.663126188966392
97000,2800,2005.0,Gasoline,Front Wheel Drive,Manual,5.486510227130129,95,1368.0,4.0,5.0,5.0,Bronze,Cloth,False,True,1.0
138115,6500,2011.0,LPG,Front Wheel Drive,Manual,6.0,120,1368.0,4.0,5.0,5.0,Grey,alcantara,True,True,1.0
143000,4500,2013.0,Gasoline,Front Wheel Drive,Manual,5.486510227130129,69,1242.0,4.0,5.0,5.0,Black,alcantara,False,True,1.663126188966392
65000,7800,2010.0,Diesel,Front Wheel Drive,Manual,5.486510227130129,120,1598.0,4.0,5.0,5.0,Silver,Part leather,False,True,1.0
84000,8000,2019.0,Gasoline,Front Wheel Drive,Manual,5.0,69,1242.0,4.0,5.0,5.0,White,Cloth,True,False,1.663126188966392
162000,5300,2015.0,LPG,Front Wheel Drive,Manual,5.0,69,1242.0,4.0,5.0,5.0,Red,Cloth,True,True,1.0
144000,3799,2011.0,Gasoline,Front Wheel Drive,Manual,6.0,95,1368.0,4.0,5.0,5.0,Red,Cloth,False,False,1.663126188966392
75022,9900,2021.0,Electric/Gasoline,Rear Wheel Drive,Manual,6.0,69,999.0,3.8257612141004707,5.0,5.0,White,Cloth,False,True,1.0
20000,6700,2013.0,Diesel,Front Wheel Drive,Manual,5.0,95,1248.0,4.0,5.0,5.0,Black,Cloth,False,False,1.663126188966392
157000,2650,2009.0,LPG,Front Wheel Drive,Manual,5.0,77,1368.0,4.0,5.0,5.0,Black,Cloth,False,False,1.663126188966392
170000,5500,2014.0,Diesel,Front Wheel Drive,Manual,6.0,189,1910.0,4.0,5.0,5.0,Grey,Full leather,False,True,1.663126188966392
190000,3990,2012.0,Diesel,Front Wheel Drive,Manual,6.0,120,1598.0,4.0,5.0,5.0,Grey,Cloth,True,True,2.0
70000,8500,2011.0,Gasoline,Front Wheel Drive,Automatic,5.486510227130129,200,1742.0,4.0,5.0,5.0,Grey,Part leather,False,True,1.663126188966392
82000,4400,2008.0,Diesel,Front Wheel Drive,Manual,5.486510227130129,69,1248.0,4.0,5.0,5.0,Grey,alcantara,False,False,1.663126188966392
140000,6450,2014.0,Diesel,Front Wheel Drive,Manual,5.486510227130129,120,1598.0,4.0,5.0,5.0,Grey,Part leather,False,False,1.663126188966392
200000,3750,2014.0,Gasoline,Front Wheel Drive,Manual,5.486510227130129,69,1242.0,4.0,5.0,5.0,Red,Part leather,True,False,1.0
224,1200,2006.0,Diesel,Front Wheel Drive,Manual,5.0,69,1248.0,4.0,5.0,5.0,Red,Part leather,False,False,1.663126188966392
220000,1599,2008.0,Diesel,Front Wheel Drive,Manual,5.0,120,1598.0,4.0,5.0,5.0,Red,Part leather,False,False,1.663126188966392
51958,9950,2023.0,Electric/Gasoline,Front Wheel Drive,Manual,6.0,69,999.0,3.0,5.0,5.0,Black,Other,False,False,1.0
90000,7300,2012.0,LPG,Front Wheel Drive,Manual,6.0,120,1368.0,4.0,5.0,5.0,White,alcantara,True,False,1.0
165000,3700,2012.0,LPG,Front Wheel Drive,Manual,5.0,77,1368.0,4.0,5.0,5.0,Silver,Cloth,False,False,1.0
117000,4399,2011.0,Gasoline,Front Wheel Drive,Manual,5.0,95,1539.94231635872,4.0,5.0,5.0,Beige,Part leather,True,True,1.0
136000,4700,2013.0,Diesel,Front Wheel Drive,Manual,6.0,120,1598.0,4.0,5.0,5.0,White,Other,True,True,1.663126188966392
173000,4900,2012.0,LPG,Front Wheel Drive,Manual,5.0,69,1242.0,4.0,5.0,5.0,Black,Cloth,False,False,1.663126188966392
71000,6000,2015.0,Gasoline,Front Wheel Drive,Manual,5.486510227130129,69,1242.0,4.0,5.0,5.0,Black,Cloth,False,False,1.663126188966392
160960,9990,2019.0,Diesel,Front Wheel Drive,Manual,6.0,150,1999.0,4.0,5.0,5.0,Grey,Full leather,True,True,1.0
143000,12900,2016.0,Diesel,4WD,Automatic,6.0,150,1999.0,4.0,5.0,5.0,White,Cloth,False,False,1.663126188966392
90000,10990,2013.0,Diesel,Front Wheel Drive,Manual,6.0,150,2179.0,4.0,5.0,5.0,White,Cloth,False,False,1.663126188966392
124000,14950,2020.0,Diesel,4WD,Manual,6.0,150,1999.0,4.0,5.0,5.0,Grey,Full leather,True,True,1.0
150000,9990,2014.0,Diesel,4WD,Automatic,7.0,150,2179.0,4.0,5.0,5.0,Silver,Full leather,True,True,1.0
129000,12950,2016.0,Diesel,4WD,Manual,6.0,150,1999.0,4.0,5.0,5.0,Black,Full leather,True,True,1.0
263000,6900,2014.0,Diesel,4WD,Manual,5.486510227130129,150,2179.0,4.0,5.0,5.0,White,Cloth,False,True,1.663126188966392
117000,9900,2010.0,Diesel,4WD,Manual,6.0,160,2179.0,4.0,5.0,5.0,Black,Cloth,True,False,1.0
235000,9900,2014.0,Diesel,4WD,Manual,6.0,190,2179.0,4.0,5.0,5.0,Blue,Full leather,True,False,1.663126188966392
117000,14900,2013.0,Diesel,4WD,Manual,6.0,150,1539.94231635872,4.0,5.0,5.0,White,Part leather,True,True,1.663126188966392
174595,12499,2013.0,Diesel,4WD,Automatic,5.486510227130129,150,2179.0,4.0,5.0,5.0,Black,Full leather,False,False,1.0
216406,11500,2017.0,Diesel,Front Wheel Drive,Automatic,6.0,150,1999.0,4.0,5.0,5.0,Grey,Cloth,False,False,1.663126188966392
103380,13900,2014.0,Diesel,Front Wheel Drive,Manual,6.0,150,2179.0,4.0,5.0,5.0,Beige,Full leather,False,False,1.663126188966392
197700,12990,2013.0,Diesel,4WD,Automatic,6.0,190,2179.0,4.0,5.0,5.0,Blue,Full leather,False,True,1.663126188966392
169000,7999,2014.0,Diesel,Front Wheel Drive,Manual,6.0,150,2179.0,4.0,5.0,5.0,White,Cloth,True,True,1.663126188966392
124500,12900,2016.0,Diesel,4WD,Automatic,6.0,150,1999.0,4.0,5.0,5.0,Black,Full leather,False,False,1.663126188966392
125000,13990,2015.0,Diesel,Front Wheel Drive,Manual,5.486510227130129,151,1539.94231635872,3.8257612141004707,5.0,5.0,Brown,Cloth,False,False,1.663126188966392
160570,13995,2016.0,Diesel,Front Wheel Drive,Manual,5.486510227130129,150,1999.0,4.0,5.0,5.0,Green,Full leather,False,True,1.663126188966392
118000,7500,2010.0,Diesel,4WD,Manual,5.486510227130129,160,2179.0,4.0,5.0,5.0,Black,Full leather,False,False,1.663126188966392
132736,12399,2017.0,Diesel,Front Wheel Drive,Manual,6.0,150,1999.0,4.0,5.0,5.0,Red,Full leather,False,False,1.663126188966392
102000,10500,2010.0,Diesel,4WD,Manual,5.486510227130129,160,2179.0,4.0,5.0,5.0,Black,Full leather,False,False,1.663126188966392
49500,14500,2016.0,Diesel,4WD,Manual,6.0,150,1999.0,4.0,5.0,5.0,Blue,Full leather,False,False,1.663126188966392
245611,2295,2003.0,Gasoline,4WD,Manual,5.486510227130129,120,1796.0,4.0,5.0,5.0,Green,Full leather,True,False,1.663126188966392
175500,12699,2012.0,Diesel,4WD,Manual,5.486510227130129,190,2179.0,4.0,5.0,5.0,White,Part leather,True,False,1.663126188966392
220000,6990,2004.0,Diesel,4WD,Manual,5.0,111,1951.0,4.0,5.0,5.0,White,Part leather,False,False,1.663126188966392
125000,12800,2016.0,Diesel,Front Wheel Drive,Manual,6.0,150,1999.0,4.0,5.0,5.0,White,Part leather,False,False,1.663126188966392
150419,12954,2017.0,Diesel,Front Wheel Drive,Manual,6.0,150,1999.0,4.0,5.0,5.0,Blue,Part leather,False,False,1.663126188966392
306000,2999,2003.0,Diesel,4WD,Manual,5.0,111,1951.0,4.0,5.0,5.0,Black,Part leather,False,False,1.663126188966392
167000,11999,2015.0,Diesel,4WD,Manual,6.0,150,2179.0,4.0,5.0,5.0,Black,Cloth,True,False,1.0
219000,11980,2012.0,Diesel,4WD,Manual,6.0,150,2179.0,4.0,5.0,5.0,White,Full leather,False,False,1.663126188966392
139000,13990,2016.0,Diesel,4WD,Automatic,6.0,150,1999.0,4.0,5.0,5.0,White,Full leather,False,False,1.663126188966392
207000,10500,2016.0,Diesel,4WD,Manual,5.486510227130129,150,1999.0,4.0,5.0,5.0,Grey,Cloth,True,True,1.0
102146,14250,2013.0,Diesel,Front Wheel Drive,Manual,6.0,150,2179.0,4.0,5.0,5.0,Red,Part leather,False,False,1.663126188966392
190000,10900,2013.0,Diesel,Front Wheel Drive,Manual,6.0,150,2179.0,4.0,5.0,5.0,Red,Full leather,False,False,1.663126188966392
149033,12990,2018.0,Diesel,Front Wheel Drive,Automatic,5.486510227130129,150,1999.0,4.0,5.0,5.0,Silver,Cloth,False,False,1.663126188966392
147000,13800,2012.0,Diesel,Front Wheel Drive,Manual,6.0,150,2179.0,4.0,5.0,5.0,Black,Full leather,False,False,1.663126188966392
199000,10800,2013.0,Diesel,4WD,Manual,6.0,150,2179.0,4.0,5.0,5.0,White,Part leather,True,True,2.0
154000,11989,2011.0,Diesel,4WD,Automatic,6.0,190,2179.0,4.0,5.0,5.0,Silver,Part leather,False,False,1.663126188966392
135000,13800,2017.0,Diesel,Front Wheel Drive,Automatic,7.0,150,1999.0,4.0,5.0,5.0,Blue,Cloth,True,True,1.0
198261,12800,2016.0,Diesel,Front Wheel Drive,Manual,6.0,150,1998.0,4.0,5.0,5.0,White,Cloth,False,False,1.663126188966392
265000,8500,2011.0,Diesel,4WD,Automatic,6.0,190,2179.0,3.8257612141004707,5.0,5.0,White,Other,False,False,1.0
240000,9999,2012.0,Diesel,4WD,Manual,6.0,150,2179.0,4.0,5.0,5.0,Beige,Other,False,False,1.663126188966392
219000,14900,2019.0,Diesel,Front Wheel Drive,Automatic,6.0,150,1999.0,4.0,5.0,5.0,White,Full leather,True,False,1.663126188966392
173589,13950,2016.0,Diesel,Front Wheel Drive,Manual,5.486510227130129,150,1999.0,4.0,5.0,5.0,Green,Part leather,True,False,1.663126188966392
129000,14900,2014.0,Diesel,4WD,Manual,6.0,150,2179.0,4.0,5.0,5.0,Black,Part leather,False,False,1.663126188966392
180000,13000,2014.0,Diesel,4WD,Semi-automatic,6.0,190,2179.0,4.0,5.0,5.0,Green,Part leather,False,False,1.663126188966392
98096,14495,2016.0,Electric/Gasoline,Front Wheel Drive,Automatic,5.486510227130129,99,1798.0,4.0,5.0,5.0,Blue,Velour,False,False,1.663126188966392
256246,7895,2011.0,Electric/Gasoline,Front Wheel Drive,Automatic,5.486510227130129,99,1798.0,4.0,5.0,5.0,White,alcantara,False,False,1.663126188966392
187772,10445,2011.0,Electric/Gasoline,Front Wheel Drive,Automatic,5.486510227130129,99,1798.0,4.0,5.0,5.0,Black,alcantara,True,False,1.663126188966392
185220,13400,2014.0,Electric/Gasoline,Front Wheel Drive,Automatic,5.486510227130129,136,1798.0,4.0,5.0,5.0,White,alcantara,True,False,1.663126188966392
269329,5990,2011.0,Electric/Gasoline,Rear Wheel Drive,Automatic,5.486510227130129,99,1798.0,4.0,5.0,5.0,White,Full leather,False,True,1.663126188966392
225409,7950,2011.0,Electric/Gasoline,Front Wheel Drive,Automatic,5.486510227130129,99,1798.0,4.0,5.0,5.0,Black,Velour,True,False,1.663126188966392
230000,7000,2011.0,Electric/Gasoline,Front Wheel Drive,Automatic,5.486510227130129,99,1798.0,4.0,5.0,5.0,Black,Velour,True,True,1.663126188966392
151000,11000,2014.0,Electric/Gasoline,Front Wheel Drive,Automatic,5.486510227130129,99,1798.0,4.0,5.0,5.0,Black,Full leather,True,True,1.663126188966392
90000,14000,2017.0,Electric/Gasoline,Front Wheel Drive,Automatic,5.486510227130129,99,1798.0,4.0,5.0,5.0,Grey,alcantara,True,False,1.0
203000,9999,2017.0,Electric/Gasoline,Rear Wheel Drive,Automatic,5.486510227130129,136,1798.0,4.0,5.0,5.0,Grey,Full leather,False,False,1.663126188966392
153000,11899,2014.0,Electric/Gasoline,Front Wheel Drive,Automatic,5.486510227130129,99,1798.0,4.0,5.0,5.0,White,Part leather,True,True,1.663126188966392
148000,11500,2015.0,Electric/Gasoline,Rear Wheel Drive,Automatic,5.486510227130129,99,1798.0,4.0,5.0,5.0,Black,Full leather,True,True,1.663126188966392
190374,10999,2014.0,Electric/Gasoline,Front Wheel Drive,Automatic,5.486510227130129,99,1798.0,4.0,5.0,5.0,Black,Full leather,True,False,1.663126188966392
124700,9399,2012.0,Electric/Gasoline,Front Wheel Drive,Automatic,6.0,136,1798.0,4.0,5.0,5.0,White,alcantara,True,True,1.663126188966392
140882,13940,2012.0,Electric/Gasoline,Front Wheel Drive,Automatic,5.486510227130129,0,1798.0,4.0,5.0,5.0,Grey,Full leather,True,False,1.663126188966392
163719,12950,2015.0,Electric/Gasoline,Front Wheel Drive,Automatic,5.486510227130129,136,1798.0,4.0,5.0,5.0,Black,Full leather,True,False,1.0
148000,9400,2014.0,Electric/Gasoline,Rear Wheel Drive,Automatic,5.486510227130129,136,1798.0,4.0,5.0,5.0,White,Full leather,False,False,2.0
172000,10300,2014.0,Electric/Gasoline,Front Wheel Drive,Automatic,5.486510227130129,99,1798.0,4.0,5.0,5.0,Gold,Full leather,False,True,1.663126188966392
199895,10950,2015.0,Electric/Gasoline,Front Wheel Drive,Automatic,5.486510227130129,99,1798.0,4.0,5.0,5.0,Black,alcantara,True,False,1.663126188966392
160000,13500,2018.0,Electric/Gasoline,Rear Wheel Drive,Automatic,5.486510227130129,99,1800.0,3.8257612141004707,5.0,5.0,Grey,Part leather,True,True,1.0
160117,10888,2012.0,Electric/Gasoline,Front Wheel Drive,Automatic,5.486510227130129,99,1798.0,4.0,5.0,5.0,Grey,Full leather,True,False,1.663126188966392
273344,7950,2013.0,Electric/Gasoline,Front Wheel Drive,Automatic,5.486510227130129,99,1798.0,4.0,5.0,5.0,Brown,alcantara,True,False,1.663126188966392
174400,9000,2012.0,Electric/Gasoline,Front Wheel Drive,Automatic,5.486510227130129,99,1798.0,4.0,5.0,5.0,Blue,Full leather,False,False,1.663126188966392
174590,13300,2017.0,Electric/Gasoline,Front Wheel Drive,Automatic,5.486510227130129,99,1798.0,4.0,5.0,5.0,Grey,alcantara,False,False,1.0
204035,8450,2011.0,Electric/Gasoline,Front Wheel Drive,Automatic,5.486510227130129,99,1798.0,4.0,5.0,5.0,Grey,Cloth,True,False,1.663126188966392
225000,6500,2011.0,Electric/Gasoline,Front Wheel Drive,Automatic,5.486510227130129,99,1798.0,4.0,5.0,5.0,Grey,Cloth,False,False,1.663126188966392
109811,13990,2015.0,Electric/Gasoline,Front Wheel Drive,Automatic,5.486510227130129,99,1798.0,4.0,5.0,5.0,Blue,alcantara,True,True,1.663126188966392
80000,12985,2011.0,Electric/Gasoline,Front Wheel Drive,Automatic,5.486510227130129,136,1798.0,4.0,5.0,5.0,Red,alcantara,True,True,1.663126188966392
188674,8950,2011.0,Electric/Gasoline,Front Wheel Drive,Automatic,5.486510227130129,99,1798.0,4.0,5.0,5.0,Black,Part leather,False,False,1.663126188966392
150000,10990,2014.0,Electric/Gasoline,Front Wheel Drive,Automatic,5.486510227130129,99,1798.0,4.0,5.0,5.0,Grey,alcantara,False,True,1.663126188966392
93000,11000,2014.0,Electric/Gasoline,4WD,Automatic,5.486510227130129,99,1798.0,4.0,5.0,5.0,Silver,Full leather,True,True,1.663126188966392
140000,11500,2014.0,Electric/Gasoline,4WD,Automatic,5.486510227130129,99,1798.0,4.0,5.0,5.0,White,alcantara,False,True,2.0
125000,13900,2017.0,Electric/Gasoline,4WD,Automatic,5.486510227130129,99,1798.0,4.0,5.0,5.0,White,alcantara,False,False,1.663126188966392
199119,12440,2018.0,Diesel,4WD,Automatic,6.0,175,2191.0,4.0,5.0,5.0,White,Full leather,True,True,2.0
73400,13999,2018.0,Gasoline,Front Wheel Drive,Manual,6.0,120,1998.0,4.0,5.0,5.0,Bronze,Part leather,True,True,1.0
105314,14450,2021.0,Gasoline,Front Wheel Drive,Manual,6.0,121,1998.0,3.8257612141004707,5.0,5.0,Blue,Part leather,True,True,1.0
236741,3949,2012.0,Gasoline,Front Wheel Drive,Manual,5.0,84,1349.0,4.0,5.0,5.0,Grey,Cloth,True,False,1.663126188966392
145000,9550,2016.0,Diesel,Front Wheel Drive,Manual,6.0,105,1499.0,4.0,5.0,5.0,Grey,Other,False,False,1.663126188966392
286626,4850,2012.0,Diesel,Front Wheel Drive,Manual,6.0,163,2184.0,4.0,5.0,5.0,Grey,Part leather,False,True,2.0
64019,13990,2020.0,Electric,Front Wheel Drive,Automatic,5.486510227130129,110,1539.94231635872,3.8257612141004707,5.0,5.0,Grey,Part leather,False,True,2.0
116275,10950,2016.0,Diesel,Front Wheel Drive,Automatic,6.0,150,2191.0,4.0,5.0,5.0,Brown,Cloth,True,False,1.0
37638,12900,2021.0,Electric,Front Wheel Drive,Automatic,5.486510227130129,145,1539.94231635872,3.8257612141004707,5.0,5.0,Grey,Part leather,True,False,1.663126188966392
71302,14999,2017.0,Gasoline,4WD,Manual,6.0,150,1998.0,4.0,5.0,5.0,Black,Full leather,False,True,1.0
72000,13790,2018.0,Gasoline,4WD,Manual,6.0,120,1998.0,4.0,5.0,5.0,Red,Part leather,False,False,1.663126188966392
158741,12990,2016.0,Gasoline,4WD,Manual,6.0,160,1539.94231635872,4.0,5.0,5.0,Black,Full leather,True,True,1.0
129629,8492,2017.0,Gasoline,Front Wheel Drive,Manual,5.0,90,1496.0,4.0,5.0,5.0,Red,Cloth,False,True,1.0
108000,8999,2017.0,Gasoline,Front Wheel Drive,Manual,5.0,90,1496.0,4.0,5.0,5.0,Red,Cloth,True,False,1.0
157540,12950,2019.0,Diesel,Front Wheel Drive,Automatic,6.0,150,2191.0,4.0,5.0,5.0,Black,Cloth,False,True,2.0
57983,14250,2019.0,Diesel,Front Wheel Drive,Manual,6.0,116,1759.0,4.0,5.0,5.0,Blue,Other,False,False,2.0
56375,12400,2020.0,Electric,Front Wheel Drive,Automatic,5.486510227130129,144,1539.94231635872,3.8257612141004707,5.0,5.0,Grey,Part leather,False,False,1.663126188966392
194400,9890,2015.0,Diesel,Front Wheel Drive,Manual,6.0,150,2191.0,3.8257612141004707,5.0,5.0,White,Cloth,True,True,2.0
201991,9990,2016.0,Diesel,Front Wheel Drive,Manual,6.0,150,2191.0,3.8257612141004707,5.0,5.0,Brown,Cloth,True,False,1.663126188966392
244553,3999,2012.0,Gasoline,Front Wheel Drive,Manual,6.0,155,1999.0,4.0,5.0,5.0,Black,Part leather,False,False,1.663126188966392
159500,12500,2018.0,Diesel,Front Wheel Drive,Automatic,6.0,150,2191.0,4.0,5.0,5.0,White,Cloth,True,True,1.0
150000,14999,2019.0,Gasoline,Front Wheel Drive,Automatic,6.0,122,1998.0,4.0,5.0,5.0,Grey,Full leather,True,True,1.0
129629,8492,2017.0,Gasoline,Front Wheel Drive,Manual,5.0,90,1496.0,4.0,5.0,5.0,Red,Cloth,False,True,1.0
227219,1395,2004.0,Gasoline,Front Wheel Drive,Manual,5.486510227130129,105,1598.0,4.0,5.0,5.0,Black,Cloth,False,False,1.663126188966392
249000,1900,2006.0,Diesel,Front Wheel Drive,Manual,5.0,68,1399.0,4.0,5.0,5.0,Silver,Cloth,True,False,1.0
127801,13850,2015.0,Gasoline,Front Wheel Drive,Manual,6.0,165,1998.0,4.0,5.0,5.0,Black,Cloth,True,True,1.0
63397,11900,2020.0,Electric,Front Wheel Drive,Automatic,5.486510227130129,145,1539.94231635872,3.8257612141004707,5.0,5.0,White,Part leather,True,False,1.663126188966392
72000,13790,2018.0,Gasoline,Front Wheel Drive,Manual,6.0,120,1998.0,4.0,5.0,5.0,Red,Part leather,False,False,1.663126188966392
36000,11690,2015.0,Gasoline,Front Wheel Drive,Manual,6.0,101,1496.0,4.0,5.0,5.0,Red,Cloth,True,True,1.663126188966392
46897,13985,2022.0,Electric,Front Wheel Drive,Automatic,5.486510227130129,145,1539.94231635872,3.8257612141004707,5.0,5.0,White,Cloth,True,False,1.0
88778,11400,2020.0,Electric,Front Wheel Drive,Automatic,5.486510227130129,144,1539.94231635872,3.8257612141004707,5.0,5.0,White,Part leather,True,False,1.663126188966392
106017,13049,2018.0,Gasoline,Front Wheel Drive,Manual,5.486510227130129,120,1998.0,3.8257612141004707,5.0,5.0,Blue,Cloth,False,True,2.0
74872,14489,2017.0,Gasoline,4WD,Manual,6.0,150,1998.0,4.0,5.0,5.0,Red,Full leather,False,False,1.0
138424,12980,2012.0,Gasoline,Front Wheel Drive,Manual,6.0,165,1997.0,4.0,5.0,5.0,Black,Cloth,True,False,1.0
224810,11980,2019.0,Diesel,Front Wheel Drive,Automatic,5.486510227130129,116,1759.0,3.8257612141004707,5.0,5.0,Red,Cloth,True,True,2.0
51882,12400,2020.0,Electric,Front Wheel Drive,Automatic,5.486510227130129,144,1539.94231635872,3.8257612141004707,5.0,5.0,Black,Part leather,True,False,1.663126188966392
56438,12250,2020.0,Electric,Front Wheel Drive,Automatic,5.486510227130129,145,1539.94231635872,3.8257612141004707,5.0,5.0,White,Cloth,True,False,1.663126188966392
41000,14470,2022.0,Electric,Front Wheel Drive,Automatic,5.486510227130129,110,1539.94231635872,3.8257612141004707,5.0,5.0,White,Part leather,True,True,1.0
139198,10990,2015.0,Diesel,Front Wheel Drive,Manual,6.0,105,1499.0,4.0,5.0,5.0,Grey,Full leather,True,True,1.0
124009,13899,2021.0,Gasoline,Front Wheel Drive,Manual,5.486510227130129,121,1998.0,3.8257612141004707,5.0,5.0,White,Full leather,False,True,2.0
152600,14000,2020.0,Diesel,Front Wheel Drive,Manual,6.0,116,1759.0,4.0,5.0,5.0,Grey,Cloth,True,True,2.0
109254,9390,2016.0,Diesel,Front Wheel Drive,Manual,6.0,105,1499.0,4.0,5.0,5.0,Grey,Cloth,False,False,1.663126188966392
48242,13666,2023.0,Gasoline,Front Wheel Drive,Manual,5.486510227130129,75,1496.0,4.0,5.0,5.0,White,Cloth,True,True,1.0
36498,11950,2016.0,Gasoline,Front Wheel Drive,Manual,5.0,90,1496.0,4.0,5.0,5.0,Grey,Cloth,False,False,1.0
165172,5950,2008.0,Gasoline,Front Wheel Drive,Manual,5.0,120,1798.0,4.0,5.0,5.0,Grey,Cloth,True,False,1.663126188966392
101000,12800,2017.0,Diesel,Front Wheel Drive,Manual,6.0,105,1499.0,4.0,5.0,5.0,Black,Other,False,False,1.663126188966392
199000,2990,2009.0,Gasoline,Front Wheel Drive,Manual,5.0,105,1598.0,4.0,5.0,5.0,Black,Other,False,False,1.663126188966392
132114,12900,2017.0,Diesel,Front Wheel Drive,Manual,6.0,105,1499.0,3.8257612141004707,5.0,5.0,Red,Part leather,True,False,1.663126188966392
134123,9649,2017.0,Gasoline,Front Wheel Drive,Manual,5.486510227130129,90,1496.0,3.8257612141004707,5.0,5.0,Black,Cloth,False,True,1.0
83597,14949,2014.0,Gasoline,Front Wheel Drive,Manual,5.486510227130129,165,1997.0,3.8257612141004707,5.0,5.0,Black,Full leather,False,True,2.0
143162,14290,2017.0,Diesel,4WD,Automatic,5.486510227130129,175,2191.0,4.0,5.0,5.0,Black,Full leather,False,False,1.663126188966392
44500,13890,2021.0,Electric,Front Wheel Drive,Automatic,5.486510227130129,145,1539.94231635872,3.8257612141004707,5.0,5.0,Grey,Part leather,False,True,1.0
84722,14212,2017.0,Gasoline,Front Wheel Drive,Manual,6.0,120,1998.0,4.0,5.0,5.0,Silver,Cloth,False,True,1.0
79200,13990,2017.0,Gasoline,Front Wheel Drive,Manual,5.486510227130129,101,1496.0,3.8257612141004707,5.0,5.0,White,Cloth,False,True,1.663126188966392
93000,8890,2015.0,Diesel,Front Wheel Drive,Manual,6.0,105,1539.94231635872,4.0,5.0,5.0,Black,Cloth,True,True,2.0
106946,14690,2016.0,Diesel,4WD,Automatic,6.0,150,2191.0,4.0,5.0,5.0,Blue,Cloth,True,True,1.663126188966392
196155,12950,2017.0,Gasoline,Front Wheel Drive,Manual,5.486510227130129,145,1998.0,4.0,5.0,5.0,Grey,Cloth,False,False,1.663126188966392
256665,4999,2013.0,Diesel,Front Wheel Drive,Automatic,6.0,175,2191.0,4.0,5.0,5.0,Red,Full leather,True,False,1.663126188966392
17533,14885,2019.0,Gasoline,Front Wheel Drive,Automatic,5.486510227130129,90,1496.0,3.8257612141004707,5.0,5.0,Silver,Cloth,True,False,2.0
170000,9500,2016.0,Diesel,Front Wheel Drive,Manual,6.0,175,2191.0,4.0,5.0,5.0,Grey,Cloth,False,False,1.663126188966392
160774,9500,2014.0,Diesel,4WD,Manual,6.0,150,2191.0,3.8257612141004707,5.0,5.0,Black,Full leather,False,True,1.0
108900,13900,2018.0,Gasoline,4WD,Automatic,6.0,150,1998.0,4.0,5.0,5.0,Grey,Full leather,True,True,1.663126188966392
75000,14300,2015.0,Diesel,4WD,Manual,6.0,105,1499.0,3.8257612141004707,5.0,5.0,Black,Full leather,False,False,1.663126188966392
159000,9990,2016.0,Diesel,4WD,Manual,6.0,150,1539.94231635872,4.0,5.0,5.0,Grey,Cloth,True,True,1.663126188966392
116777,14190,2016.0,Diesel,4WD,Manual,5.486510227130129,175,2191.0,3.8257612141004707,5.0,5.0,Red,Full leather,False,True,1.0
121288,7499,2011.0,Gasoline,Front Wheel Drive,Manual,5.0,105,1598.0,4.0,5.0,5.0,White,Cloth,True,False,1.663126188966392
94000,14480,2018.0,Gasoline,Front Wheel Drive,Manual,6.0,120,1998.0,3.8257612141004707,5.0,5.0,Grey,Part leather,True,False,1.0
76466,11900,2020.0,Electric,Front Wheel Drive,Automatic,5.486510227130129,145,1539.94231635872,3.8257612141004707,5.0,5.0,Red,Cloth,True,False,1.0
229923,4320,2012.0,Gasoline,Front Wheel Drive,Manual,6.0,155,1999.0,4.0,5.0,5.0,Brown,Part leather,True,True,1.0
163493,12999,2015.0,Gasoline,Front Wheel Drive,Manual,6.0,120,1998.0,4.0,5.0,5.0,White,Full leather,True,False,1.663126188966392
206000,7900,2016.0,Diesel,Front Wheel Drive,Automatic,6.0,175,2191.0,4.0,5.0,5.0,Blue,Cloth,True,False,1.663126188966392
65437,11370,2017.0,Gasoline,Front Wheel Drive,Manual,5.0,90,1496.0,4.0,5.0,5.0,White,Cloth,True,True,1.0
160000,4290,2007.0,Diesel,Front Wheel Drive,Manual,5.0,109,1560.0,4.0,5.0,5.0,Black,Full leather,False,False,1.663126188966392
144000,9991,2014.0,Diesel,4WD,Manual,6.0,150,1539.94231635872,3.8257612141004707,5.0,5.0,Blue,Full leather,True,True,2.0
70700,14900,2019.0,Gasoline,Front Wheel Drive,Manual,6.0,121,1998.0,4.0,5.0,5.0,Red,Full leather,True,True,1.0
116777,14190,2016.0,Diesel,4WD,Manual,5.486510227130129,175,2191.0,3.8257612141004707,5.0,5.0,Red,Full leather,False,True,1.0
223798,1699,2004.0,Gasoline,Front Wheel Drive,Manual,5.486510227130129,101,1840.0,4.0,5.0,5.0,Green,Velour,False,False,1.663126188966392
125000,9700,2015.0,Diesel,Front Wheel Drive,Manual,6.0,105,1500.0,4.0,5.0,5.0,White,Cloth,False,True,1.0
49648,12900,2020.0,Electric,Front Wheel Drive,Automatic,5.486510227130129,143,1539.94231635872,3.8257612141004707,5.0,5.0,Grey,Cloth,False,False,1.663126188966392
142037,10200,2012.0,Diesel,Front Wheel Drive,Automatic,6.0,150,2191.0,4.0,5.0,5.0,Grey,Cloth,False,False,1.663126188966392
168912,12495,2016.0,Gasoline,Front Wheel Drive,Manual,5.486510227130129,120,1998.0,4.0,5.0,5.0,Brown,Full leather,False,False,1.663126188966392
98049,14537,2019.0,Gasoline,Front Wheel Drive,Manual,6.0,121,1998.0,4.0,5.0,5.0,White,Full leather,False,False,1.663126188966392
45138,14990,2021.0,Electric/Gasoline,Front Wheel Drive,Manual,6.0,90,1496.0,3.8257612141004707,5.0,5.0,Blue,Cloth,False,False,1.0
27400,10490,2014.0,Gasoline,Front Wheel Drive,Automatic,4.0,102,1498.0,4.0,5.0,5.0,Brown,Cloth,False,False,1.663126188966392
141961,12682,2018.0,Diesel,Front Wheel Drive,Manual,6.0,116,1798.0,4.0,5.0,5.0,Black,Cloth,False,False,1.663126188966392
46091,12344,2020.0,Electric,Front Wheel Drive,Automatic,5.486510227130129,145,1539.94231635872,3.8257612141004707,5.0,5.0,Grey,Part leather,True,False,1.663126188966392
177513,14950,2018.0,Gasoline,Front Wheel Drive,Automatic,7.0,120,1998.0,4.0,5.0,5.0,Black,Cloth,False,False,1.663126188966392
174357,11690,2016.0,Diesel,Front Wheel Drive,Manual,6.0,150,2191.0,4.0,5.0,5.0,White,Cloth,False,False,1.663126188966392
174538,11550,2015.0,Diesel,4WD,Automatic,6.0,105,1499.0,4.0,5.0,5.0,White,Cloth,False,False,1.663126188966392
105000,7645,2013.0,Gasoline,Front Wheel Drive,Manual,5.0,84,1349.0,4.0,5.0,5.0,Black,Cloth,False,False,1.663126188966392
105100,13940,2016.0,Gasoline,4WD,Automatic,6.0,150,1998.0,4.0,5.0,5.0,Grey,Cloth,True,True,2.0
75350,14399,2017.0,Gasoline,Front Wheel Drive,Automatic,6.0,165,1998.0,4.0,5.0,5.0,White,Cloth,False,False,1.663126188966392
35056,12990,2019.0,Gasoline,Front Wheel Drive,Manual,5.0,90,1496.0,4.0,5.0,5.0,Blue,Cloth,True,True,2.0
74804,11900,2020.0,Electric,Front Wheel Drive,Automatic,5.486510227130129,145,1539.94231635872,3.8257612141004707,5.0,5.0,Grey,Cloth,True,False,1.0
109963,11436,2015.0,Diesel,Front Wheel Drive,Manual,6.0,150,2191.0,4.0,5.0,5.0,White,Cloth,False,False,1.663126188966392
100546,9480,2017.0,Gasoline,Front Wheel Drive,Manual,5.0,90,1496.0,4.0,5.0,5.0,Grey,Cloth,True,True,2.0
204000,6900,2013.0,Diesel,Front Wheel Drive,Manual,6.0,150,2191.0,4.0,5.0,5.0,White,Cloth,True,True,2.0
216573,4850,2010.0,Gasoline,Front Wheel Drive,Manual,5.0,105,1598.0,4.0,5.0,5.0,Blue,Cloth,True,False,1.663126188966392
89000,13900,2014.0,Diesel,4WD,Automatic,6.0,175,2191.0,4.0,5.0,5.0,Black,Cloth,False,False,1.663126188966392
120962,10990,2014.0,Gasoline,Front Wheel Drive,Manual,6.0,165,1998.0,4.0,5.0,5.0,Brown,Cloth,False,False,1.663126188966392
211158,4247,2011.0,Gasoline,Front Wheel Drive,Manual,6.0,116,1798.0,4.0,5.0,5.0,Grey,Cloth,False,False,1.663126188966392
140423,11750,2017.0,Diesel,Front Wheel Drive,Manual,6.0,105,1499.0,4.0,5.0,5.0,Blue,Cloth,False,False,1.663126188966392
188395,9900,2016.0,Diesel,4WD,Automatic,6.0,175,2191.0,4.0,5.0,5.0,Silver,Full leather,False,False,1.0
158160,14000,2018.0,Diesel,4WD,Automatic,6.0,175,2191.0,4.0,5.0,5.0,Red,Other,False,False,1.663126188966392
123145,12732,2015.0,Diesel,Front Wheel Drive,Manual,6.0,150,2191.0,4.0,5.0,5.0,White,Other,False,False,1.663126188966392
151232,13845,2016.0,Gasoline,Front Wheel Drive,Automatic,5.486510227130129,150,1998.0,4.0,5.0,5.0,White,Full leather,False,False,1.663126188966392
205473,10362,2015.0,Diesel,4WD,Automatic,6.0,175,2191.0,4.0,5.0,5.0,White,Full leather,False,False,1.663126188966392
73659,12700,2018.0,Gasoline,Front Wheel Drive,Manual,5.0,90,1496.0,4.0,5.0,5.0,Grey,Cloth,True,False,1.0
163823,10900,2012.0,Diesel,Front Wheel Drive,Automatic,6.0,150,2191.0,4.0,5.0,5.0,White,Cloth,False,False,1.663126188966392
219000,10990,2012.0,Gasoline,4WD,Automatic,6.0,160,1997.0,4.0,5.0,5.0,White,Full leather,False,False,1.663126188966392
170353,12306,2015.0,Diesel,4WD,Automatic,6.0,175,2191.0,4.0,5.0,5.0,White,Cloth,False,False,1.663126188966392
52302,14900,2021.0,Gasoline,Front Wheel Drive,Manual,6.0,90,1496.0,4.0,5.0,5.0,Blue,Cloth,True,True,1.0
131800,9900,2011.0,Diesel,4WD,Manual,6.0,173,2184.0,4.0,5.0,5.0,White,Cloth,False,False,1.663126188966392
91700,13300,2015.0,Diesel,Front Wheel Drive,Manual,6.0,105,1499.0,4.0,5.0,5.0,White,Full leather,False,False,1.663126188966392
43084,12600,2019.0,Gasoline,Front Wheel Drive,Manual,6.0,90,1496.0,4.0,5.0,5.0,Grey,Other,False,False,1.663126188966392
182365,1390,2005.0,Diesel,Front Wheel Drive,Manual,5.0,68,1399.0,4.0,5.0,5.0,Silver,Cloth,False,False,1.0
199395,8780,2014.0,Diesel,4WD,Manual,6.0,150,2191.0,3.8257612141004707,5.0,5.0,Blue,Cloth,False,False,1.663126188966392
82783,14249,2015.0,Gasoline,4WD,Manual,6.0,165,1998.0,4.0,5.0,5.0,Red,Cloth,True,True,2.0
70657,14941,2014.0,Gasoline,Front Wheel Drive,Automatic,6.0,120,1998.0,4.0,5.0,5.0,Grey,Part leather,False,False,1.663126188966392
128699,12900,2019.0,Electric/Gasoline,Front Wheel Drive,Manual,6.0,122,1998.0,4.0,5.0,5.0,Grey,Other,False,False,1.0
194000,11700,2016.0,Diesel,Front Wheel Drive,Manual,6.0,150,2191.0,4.0,5.0,5.0,Grey,Other,False,False,1.663126188966392
142762,14845,2016.0,Gasoline,Rear Wheel Drive,Manual,6.0,165,1998.0,4.0,5.0,5.0,White,Full leather,False,False,1.663126188966392
132391,12344,2021.0,Gasoline,Rear Wheel Drive,Manual,6.0,90,1496.0,4.0,5.0,5.0,Grey,Full leather,True,False,1.663126188966392
168135,14740,2014.0,Gasoline,Rear Wheel Drive,Manual,6.0,165,1998.0,4.0,5.0,5.0,Grey,Full leather,True,False,1.663126188966392
166504,12490,2015.0,Diesel,4WD,Manual,6.0,105,1499.0,3.8257612141004707,5.0,5.0,Grey,Full leather,False,True,2.0
65064,14490,2017.0,Gasoline,Front Wheel Drive,Manual,6.0,120,1998.0,4.0,5.0,5.0,Grey,Cloth,True,True,2.0
152859,12450,2014.0,Gasoline,Front Wheel Drive,Manual,6.0,165,1998.0,4.0,5.0,5.0,Red,Cloth,True,False,1.663126188966392
124260,11989,2016.0,Diesel,Front Wheel Drive,Manual,6.0,105,1499.0,4.0,5.0,5.0,Blue,Part leather,False,True,2.0
107827,11490,2017.0,Gasoline,Front Wheel Drive,Manual,5.486510227130129,90,1496.0,4.0,5.0,5.0,Red,Cloth,True,True,1.663126188966392
82000,13700,2021.0,Electric/Gasoline,Front Wheel Drive,Manual,6.0,90,1496.0,4.0,5.0,5.0,Grey,Cloth,False,False,1.0
173290,11945,2012.0,Gasoline,Front Wheel Drive,Manual,6.0,165,1997.0,4.0,5.0,5.0,Red,Cloth,False,False,2.0
188500,14499,2017.0,Diesel,4WD,Manual,6.0,150,2191.0,4.0,5.0,5.0,Violet,Cloth,False,False,1.663126188966392
114555,11799,2017.0,Diesel,Front Wheel Drive,Manual,5.486510227130129,105,1499.0,3.8257612141004707,5.0,5.0,White,Full leather,False,True,2.0
225486,10950,2012.0,Gasoline,4WD,Automatic,5.486510227130129,160,1998.0,4.0,5.0,5.0,Grey,Full leather,True,False,1.663126188966392
48500,14970,2015.0,Gasoline,4WD,Manual,6.0,120,1998.0,3.8257612141004707,5.0,5.0,Red,Part leather,True,True,1.0
173178,12950,2015.0,Gasoline,Front Wheel Drive,Manual,6.0,165,1998.0,4.0,5.0,5.0,Grey,Part leather,True,False,1.663126188966392
140999,8935,2015.0,Gasoline,Front Wheel Drive,Manual,5.0,84,1349.0,4.0,5.0,5.0,Black,Cloth,False,False,1.663126188966392
95309,14990,2019.0,Gasoline,Front Wheel Drive,Manual,6.0,120,1998.0,3.8257612141004707,5.0,5.0,Black,Cloth,False,False,2.0
112152,10900,2016.0,Diesel,Front Wheel Drive,Manual,6.0,105,1499.0,4.0,5.0,5.0,Black,Cloth,False,False,1.663126188966392
183516,13740,2012.0,Gasoline,Front Wheel Drive,Manual,6.0,165,1998.0,4.0,5.0,5.0,White,Cloth,False,False,1.663126188966392
212000,5500,2006.0,Gasoline,Front Wheel Drive,Manual,5.0,105,1598.0,4.0,5.0,5.0,White,Cloth,False,False,1.663126188966392
159000,8990,2012.0,Diesel,Front Wheel Drive,Manual,6.0,116,1560.0,4.0,5.0,5.0,White,Cloth,False,False,1.663126188966392
170075,14800,2016.0,Gasoline,Front Wheel Drive,Manual,6.0,165,1998.0,4.0,5.0,5.0,Brown,Full leather,False,False,1.663126188966392
265835,5950,2014.0,Diesel,Rear Wheel Drive,Automatic,5.486510227130129,136,2143.0,4.0,5.0,5.0,Grey,Part leather,True,False,1.663126188966392
171900,12900,2016.0,Gasoline,Front Wheel Drive,Manual,6.0,122,1595.0,4.0,5.0,5.0,Black,alcantara,True,True,2.0
125000,2450,2006.0,Diesel,Front Wheel Drive,Manual,6.0,109,1991.0,4.0,5.0,5.0,Black,Full leather,False,False,1.663126188966392
214750,12749,2016.0,Diesel,Rear Wheel Drive,Automatic,7.0,177,2143.0,4.0,5.0,5.0,White,Full leather,False,True,1.663126188966392
174000,2890,2008.0,Gasoline,Front Wheel Drive,Manual,5.0,95,1498.0,4.0,5.0,5.0,Grey,Full leather,False,False,1.0
244000,12990,2019.0,Diesel,4WD,Automatic,5.486510227130129,136,2143.0,4.0,5.0,5.0,Grey,Part leather,False,False,1.0
149999,13500,2016.0,Gasoline,Front Wheel Drive,Manual,6.0,122,1595.0,4.0,5.0,5.0,Black,Full leather,False,False,1.0
165000,12200,2015.0,Diesel,Front Wheel Drive,Manual,6.0,109,1461.0,4.0,5.0,5.0,White,Cloth,True,True,1.0
169000,3750,2011.0,Gasoline,Front Wheel Drive,Manual,6.0,95,1498.0,4.0,5.0,5.0,White,Part leather,True,True,1.0
207000,12500,2015.0,Diesel,Front Wheel Drive,Semi-automatic,7.0,136,2143.0,4.0,5.0,5.0,Grey,Part leather,True,False,1.0
200426,7990,2014.0,Diesel,Front Wheel Drive,Manual,6.0,136,1539.94231635872,4.0,5.0,5.0,White,Full leather,False,False,2.0
197407,8750,2015.0,Diesel,Front Wheel Drive,Manual,5.486510227130129,109,1461.0,4.0,5.0,5.0,Grey,Part leather,False,False,2.0
159000,11790,2015.0,Diesel,4WD,Manual,6.0,136,2143.0,4.0,5.0,5.0,Silver,Part leather,True,True,2.0
68801,11990,2013.0,Gasoline,Front Wheel Drive,Automatic,5.486510227130129,122,1595.0,4.0,5.0,5.0,Grey,Full leather,True,True,1.0
67000,14990,2018.0,Diesel,Front Wheel Drive,Automatic,7.0,136,2143.0,4.0,5.0,5.0,Grey,Cloth,False,False,1.663126188966392
120754,13450,2015.0,Gasoline,Front Wheel Drive,Automatic,5.486510227130129,122,1595.0,4.0,5.0,5.0,White,Part leather,True,False,1.663126188966392
115000,14400,2016.0,Diesel,Front Wheel Drive,Manual,5.486510227130129,136,2143.0,4.0,5.0,5.0,Grey,Full leather,True,True,1.663126188966392
110559,10999,2013.0,Gasoline,Rear Wheel Drive,Manual,6.0,122,1595.0,4.0,5.0,5.0,White,Part leather,True,False,1.663126188966392
198382,12743,2016.0,Gasoline,Front Wheel Drive,Manual,6.0,122,1595.0,4.0,5.0,5.0,White,Full leather,False,False,2.0
209251,8000,2011.0,Gasoline,Rear Wheel Drive,Manual,5.486510227130129,156,1796.0,4.0,5.0,5.0,Black,Part leather,True,False,1.663126188966392
228911,3950,2011.0,Gasoline,Rear Wheel Drive,Automatic,5.486510227130129,156,1796.0,3.8257612141004707,5.0,5.0,Grey,Full leather,False,False,1.663126188966392
213199,1650,2006.0,Gasoline,Front Wheel Drive,Manual,5.486510227130129,116,1699.0,4.0,5.0,5.0,Black,Part leather,False,False,1.663126188966392
135000,10790,2013.0,Gasoline,Rear Wheel Drive,Automatic,7.0,122,1595.0,4.0,5.0,5.0,White,Part leather,False,True,1.663126188966392
212864,10450,2010.0,Diesel,4WD,Automatic,7.0,170,2143.0,4.0,5.0,5.0,White,Part leather,True,True,2.0
187569,12990,2013.0,Diesel,Rear Wheel Drive,Automatic,7.0,136,2143.0,4.0,5.0,5.0,Silver,Full leather,False,False,2.0
147000,10900,2013.0,Diesel,Front Wheel Drive,Automatic,7.0,136,1796.0,4.0,5.0,5.0,Silver,Part leather,True,True,1.0
243738,7900,2012.0,Diesel,Rear Wheel Drive,Manual,6.0,136,2143.0,4.0,5.0,5.0,White,Cloth,True,True,2.0
116193,13900,2016.0,Gasoline,Front Wheel Drive,Manual,6.0,122,1595.0,4.0,5.0,5.0,White,Full leather,False,False,2.0
160634,14400,2017.0,Diesel,Front Wheel Drive,Automatic,7.0,136,2143.0,4.0,5.0,5.0,Black,Part leather,False,False,1.663126188966392
180207,13999,2017.0,Gasoline,Front Wheel Drive,Automatic,7.0,122,1595.0,4.0,5.0,5.0,Black,Part leather,False,False,1.663126188966392
181000,11800,2016.0,Diesel,Rear Wheel Drive,Automatic,7.0,116,1598.0,4.0,5.0,5.0,Black,Other,False,False,1.663126188966392
167433,11950,2011.0,Gasoline,Rear Wheel Drive,Automatic,7.0,184,1796.0,4.0,5.0,5.0,Black,Full leather,False,False,1.663126188966392
144077,14900,2018.0,Gasoline,Front Wheel Drive,Manual,6.0,122,1595.0,4.0,5.0,5.0,Grey,Part leather,True,False,1.663126188966392
135000,12750,2017.0,Gasoline,Front Wheel Drive,Manual,6.0,122,1595.0,4.0,5.0,5.0,White,alcantara,True,True,1.0
143000,12499,2018.0,Diesel,Rear Wheel Drive,Manual,6.0,109,1461.0,4.0,5.0,5.0,Grey,Cloth,True,True,1.0
183072,14950,2018.0,Diesel,Front Wheel Drive,Automatic,7.0,136,2143.0,4.0,5.0,5.0,Grey,Cloth,True,True,1.0
108522,10400,2014.0,Gasoline,Front Wheel Drive,Automatic,7.0,122,1595.0,4.0,5.0,5.0,Grey,Cloth,False,False,1.663126188966392
106058,12499,2015.0,Diesel,Front Wheel Drive,Automatic,5.486510227130129,90,1461.0,4.0,5.0,5.0,Grey,Cloth,True,True,2.0
270000,11900,2015.0,Diesel,Rear Wheel Drive,Semi-automatic,7.0,170,2143.0,4.0,5.0,5.0,White,Cloth,False,False,1.663126188966392
28000,14900,2017.0,Electric,Front Wheel Drive,Automatic,5.486510227130129,179,1539.94231635872,3.8257612141004707,5.0,5.0,Blue,Full leather,True,True,1.0
120663,14600,2017.0,Diesel,Front Wheel Drive,Automatic,7.0,109,1461.0,4.0,5.0,5.0,Grey,Cloth,False,False,2.0
144578,12990,2017.0,Diesel,Front Wheel Drive,Manual,6.0,90,1461.0,4.0,5.0,5.0,Black,Other,True,True,1.0
149984,9990,2011.0,Gasoline,Rear Wheel Drive,Manual,6.0,156,1796.0,4.0,5.0,5.0,Grey,Cloth,True,False,2.0
206691,13895,2019.0,Gasoline,Front Wheel Drive,Manual,5.486510227130129,109,1332.0,4.0,5.0,5.0,Black,Part leather,False,False,1.663126188966392
100074,14990,2011.0,Diesel,4WD,Automatic,5.486510227130129,136,1539.94231635872,3.8257612141004707,5.0,5.0,Black,Full leather,True,False,1.663126188966392
178000,8950,2013.0,Gasoline,Front Wheel Drive,Automatic,7.0,122,1595.0,4.0,5.0,5.0,Grey,Cloth,False,True,1.663126188966392
84000,12890,2016.0,Gasoline,Front Wheel Drive,Manual,6.0,122,1595.0,4.0,5.0,5.0,White,Part leather,False,False,2.0
110692,14450,2016.0,Gasoline,Front Wheel Drive,Automatic,7.0,122,1595.0,4.0,5.0,5.0,Silver,Full leather,False,False,1.663126188966392
157200,9900,2015.0,Diesel,Front Wheel Drive,Manual,6.0,90,1461.0,3.8257612141004707,5.0,5.0,White,Other,False,False,1.663126188966392
210000,11900,2010.0,Diesel,4WD,Automatic,7.0,170,2143.0,3.8257612141004707,5.0,5.0,Black,Full leather,True,False,1.663126188966392
138256,12850,2015.0,Gasoline,Front Wheel Drive,Automatic,5.486510227130129,156,1595.0,4.0,5.0,5.0,Black,Part leather,False,False,1.663126188966392
76408,11790,2013.0,Gasoline,Front Wheel Drive,Manual,6.0,122,1595.0,4.0,5.0,5.0,Black,Part leather,False,True,2.0
219200,4900,2011.0,Diesel,Front Wheel Drive,Manual,5.486510227130129,109,1991.0,4.0,5.0,5.0,White,Part leather,False,False,1.663126188966392
10,12490,2025.0,Gasoline,Front Wheel Drive,Manual,5.0,116,1495.0,4.0,5.0,5.0,White,Cloth,True,True,1.663126188966392
8,13950,2025.0,Gasoline,Front Wheel Drive,Manual,6.0,106,1500.0,3.0,5.0,5.0,Grey,Cloth,False,False,1.663126188966392
8,13900,2025.0,Gasoline,Front Wheel Drive,Manual,5.0,106,1498.0,4.0,5.0,5.0,Blue,Full leather,False,False,1.663126188966392
74615,13750,2023.0,Gasoline,Front Wheel Drive,Automatic,5.0,106,1498.0,4.0,5.0,5.0,White,Full leather,False,True,1.0
6030,14490,2025.0,Gasoline,Front Wheel Drive,Manual,5.0,116,1495.0,4.0,5.0,5.0,Blue,Cloth,True,True,1.0
25250,14490,2023.0,Gasoline,Front Wheel Drive,Manual,5.0,106,1498.0,4.0,5.0,5.0,Black,Cloth,True,True,1.0
9000,14679,2025.0,Gasoline,Front Wheel Drive,Manual,5.486510227130129,116,1498.0,3.8257612141004707,5.0,5.0,Grey,Cloth,False,True,1.0
11665,13900,2024.0,Gasoline,Front Wheel Drive,Manual,5.0,106,1498.0,4.0,5.0,5.0,White,Cloth,False,True,1.0
3000,13880,2025.0,Gasoline,Front Wheel Drive,Manual,5.0,116,1498.0,4.0,5.0,5.0,White,Cloth,True,True,1.0
15000,13900,2024.0,Gasoline,Front Wheel Drive,Manual,5.0,106,1498.0,4.0,5.0,5.0,Grey,Cloth,False,True,1.0
45000,12400,2023.0,Gasoline,Front Wheel Drive,Manual,5.0,106,1498.0,4.0,5.0,5.0,Black,Full leather,False,True,1.663126188966392
1,13900,2025.0,Gasoline,Front Wheel Drive,Manual,5.0,116,1495.0,4.0,5.0,5.0,Grey,Cloth,False,False,1.663126188966392
100020,10300,2022.0,Gasoline,Front Wheel Drive,Manual,5.0,106,1498.0,4.0,5.0,5.0,Orange,Other,False,False,1.0
44665,13890,2021.0,Electric,Front Wheel Drive,Automatic,5.486510227130129,143,1539.94231635872,3.8257612141004707,5.0,5.0,Blue,Full leather,True,True,1.663126188966392
11,14950,2025.0,Gasoline,Front Wheel Drive,Manual,5.0,116,1495.0,4.0,5.0,5.0,Blue,Other,False,False,1.663126188966392
25263,14940,2023.0,Gasoline,Front Wheel Drive,Manual,5.0,143,1498.0,4.0,5.0,5.0,Silver,Cloth,False,True,1.0
30200,14600,2023.0,Gasoline,Front Wheel Drive,Manual,5.0,106,1498.0,4.0,5.0,5.0,Black,Cloth,False,False,1.0
54000,13900,2022.0,Gasoline,Front Wheel Drive,Manual,6.0,111,999.0,3.0,5.0,5.0,Black,Full leather,False,False,1.663126188966392
81960,14445,2023.0,Gasoline,Front Wheel Drive,Automatic,6.0,111,999.0,3.0,5.0,5.0,Black,Full leather,True,True,1.0
22135,14590,2024.0,Gasoline,Front Wheel Drive,Automatic,6.0,111,999.0,3.0,5.0,5.0,Red,Part leather,False,False,1.663126188966392
1,12490,2025.0,Gasoline,Front Wheel Drive,Manual,5.0,116,1495.0,4.0,5.0,5.0,Red,Cloth,False,False,1.663126188966392
1,13800,2025.0,Gasoline,Front Wheel Drive,Manual,5.0,116,1495.0,4.0,5.0,5.0,Gold,Cloth,False,False,1.663126188966392
8917,14270,2025.0,Gasoline,Front Wheel Drive,Manual,5.0,116,1495.0,4.0,5.0,5.0,White,Cloth,False,False,1.663126188966392
35100,12890,2022.0,Gasoline,Front Wheel Drive,Manual,6.0,111,999.0,3.0,5.0,5.0,Black,Full leather,False,False,1.663126188966392
29388,13950,2023.0,Gasoline,Front Wheel Drive,Manual,5.0,106,1498.0,4.0,5.0,5.0,Red,Other,False,False,1.663126188966392
12147,14250,2025.0,Gasoline,Front Wheel Drive,Manual,5.0,116,1495.0,4.0,5.0,5.0,Red,Other,False,False,1.663126188966392
38954,13550,2023.0,Gasoline,Front Wheel Drive,Manual,6.0,111,999.0,3.0,5.0,5.0,Black,Other,False,False,1.663126188966392
10,14900,2025.0,LPG,Front Wheel Drive,Manual,5.0,116,1539.94231635872,4.0,5.0,5.0,Grey,Other,False,False,1.0
20521,13990,2025.0,Gasoline,Front Wheel Drive,Manual,5.0,116,1495.0,4.0,5.0,5.0,White,Other,False,False,1.663126188966392
29700,14990,2024.0,LPG,Front Wheel Drive,Manual,5.0,106,1498.0,4.0,5.0,5.0,White,Full leather,False,True,1.663126188966392
12300,14790,2024.0,Gasoline,Front Wheel Drive,Manual,5.0,106,1498.0,4.0,5.0,5.0,Black,Full leather,False,False,1.0
38072,13400,2023.0,Gasoline,Front Wheel Drive,Manual,5.0,106,1498.0,4.0,5.0,5.0,Red,Full leather,True,False,1.0
40000,12490,2024.0,Gasoline,Front Wheel Drive,Manual,5.0,106,1498.0,4.0,5.0,5.0,White,Full leather,False,False,1.663126188966392
1,14990,2025.0,Gasoline,Front Wheel Drive,Manual,5.0,116,1495.0,4.0,5.0,5.0,White,Cloth,False,False,1.663126188966392
5367,14270,2025.0,Gasoline,Front Wheel Drive,Manual,5.0,116,1495.0,4.0,5.0,5.0,White,Cloth,False,False,1.663126188966392
43446,12990,2023.0,Gasoline,Front Wheel Drive,Manual,5.0,106,1498.0,4.0,5.0,5.0,Grey,Cloth,False,False,1.663126188966392
11956,14290,2025.0,Electric,Front Wheel Drive,Manual,5.486510227130129,144,1539.94231635872,3.8257612141004707,5.0,5.0,Orange,Full leather,False,False,1.663126188966392
12000,14400,2025.0,Gasoline,Front Wheel Drive,Manual,5.0,102,1498.0,4.0,5.0,5.0,Silver,Cloth,False,False,1.0
52464,12490,2022.0,Gasoline,Front Wheel Drive,Manual,6.0,111,999.0,3.0,5.0,5.0,Red,Other,False,False,1.663126188966392
1,14900,2025.0,Gasoline,Front Wheel Drive,Manual,5.0,106,1490.0,4.0,5.0,5.0,Red,Cloth,False,True,1.0
6470,14200,2024.0,Gasoline,Front Wheel Drive,Manual,5.0,106,1498.0,4.0,5.0,5.0,White,Other,False,False,1.0
93000,11900,2022.0,Gasoline,Front Wheel Drive,Manual,6.0,106,1498.0,4.0,5.0,5.0,Blue,Cloth,True,True,1.0
78000,11500,2022.0,Gasoline,Front Wheel Drive,Manual,5.486510227130129,106,1498.0,4.0,5.0,5.0,Blue,Full leather,False,False,1.0
15,14900,2025.0,Gasoline,Front Wheel Drive,Manual,5.486510227130129,116,1495.0,4.0,5.0,5.0,Blue,Full leather,True,True,1.663126188966392
17718,13950,2023.0,Gasoline,Front Wheel Drive,Manual,5.0,106,1498.0,4.0,5.0,5.0,Black,Other,False,False,1.663126188966392
10340,13590,2025.0,Gasoline,Front Wheel Drive,Manual,5.0,106,1498.0,4.0,5.0,5.0,Orange,Other,False,False,1.663126188966392
60773,11790,2022.0,Gasoline,Front Wheel Drive,Manual,5.0,106,1498.0,4.0,5.0,5.0,Blue,Other,False,False,1.663126188966392
24194,13399,2023.0,Gasoline,Front Wheel Drive,Manual,5.486510227130129,106,1498.0,3.8257612141004707,5.0,5.0,White,Cloth,False,True,1.0
10163,13590,2025.0,Gasoline,Front Wheel Drive,Manual,5.0,106,1498.0,4.0,5.0,5.0,Orange,Cloth,False,False,1.663126188966392
50,14450,2025.0,Gasoline,Front Wheel Drive,Manual,5.0,116,1495.0,4.0,5.0,5.0,Grey,Cloth,True,True,1.0
21618,14990,2025.0,Gasoline,Front Wheel Drive,Manual,5.0,116,1495.0,4.0,5.0,5.0,Grey,Other,False,False,1.663126188966392
10163,13590,2025.0,Gasoline,Front Wheel Drive,Manual,5.0,106,1498.0,4.0,5.0,5.0,Orange,Other,False,False,1.663126188966392
18128,14990,2025.0,Gasoline,Front Wheel Drive,Manual,5.0,106,1498.0,4.0,5.0,5.0,Black,Other,False,False,1.663126188966392
35395,13618,2023.0,Gasoline,Front Wheel Drive,Manual,5.486510227130129,106,1539.94231635872,3.8257612141004707,5.0,5.0,Black,Other,False,False,1.663126188966392
27885,14900,2023.0,Gasoline,Front Wheel Drive,Automatic,6.0,111,999.0,3.0,5.0,5.0,Blue,Full leather,False,False,1.663126188966392
8964,13590,2025.0,Gasoline,Front Wheel Drive,Manual,5.0,106,1498.0,4.0,5.0,5.0,Orange,Full leather,False,False,1.663126188966392
71738,13990,2022.0,Gasoline,Front Wheel Drive,Automatic,5.486510227130129,111,1539.94231635872,3.8257612141004707,5.0,5.0,Red,Full leather,False,False,1.663126188966392
8964,13590,2025.0,Gasoline,Front Wheel Drive,Manual,5.0,106,1498.0,4.0,5.0,5.0,Orange,Full leather,False,False,1.663126188966392
8964,13590,2025.0,Gasoline,Front Wheel Drive,Manual,5.0,106,1498.0,4.0,5.0,5.0,Orange,Full leather,False,False,1.663126188966392
25000,12900,2023.0,Gasoline,Front Wheel Drive,Manual,5.0,106,1498.0,4.0,5.0,5.0,Grey,Cloth,False,True,1.0
55446,13300,2023.0,Gasoline,Front Wheel Drive,Manual,5.0,106,1498.0,4.0,5.0,5.0,Blue,Full leather,False,False,1.0
24195,14856,2024.0,Gasoline,Front Wheel Drive,Manual,5.486510227130129,106,1539.94231635872,3.8257612141004707,5.0,5.0,White,Full leather,False,False,1.663126188966392
97003,12990,2022.0,Gasoline,Front Wheel Drive,Manual,6.0,111,999.0,3.0,5.0,5.0,Grey,Full leather,False,False,1.0
56746,12590,2022.0,Gasoline,Front Wheel Drive,Manual,5.0,106,1498.0,4.0,5.0,5.0,Black,Full leather,False,False,1.663126188966392
54312,12690,2022.0,Gasoline,Front Wheel Drive,Manual,5.0,106,1498.0,4.0,5.0,5.0,Black,Full leather,False,False,1.663126188966392
13448,14090,2025.0,Gasoline,Front Wheel Drive,Manual,5.0,116,1495.0,4.0,5.0,5.0,Black,Full leather,False,False,1.663126188966392
62947,12900,2022.0,Gasoline,Front Wheel Drive,Manual,5.0,106,1490.0,4.0,5.0,5.0,Orange,Other,False,False,1.663126188966392
30896,13332,2023.0,Gasoline,Front Wheel Drive,Manual,5.486510227130129,106,1539.94231635872,3.8257612141004707,5.0,5.0,Orange,Other,False,False,1.663126188966392
18128,14990,2025.0,Gasoline,Front Wheel Drive,Manual,5.0,106,1498.0,4.0,5.0,5.0,Black,Other,False,False,1.663126188966392
25800,13500,2022.0,Gasoline,Front Wheel Drive,Manual,5.0,106,1498.0,4.0,5.0,5.0,Red,Full leather,True,True,1.0
80132,12990,2022.0,Gasoline,Front Wheel Drive,Manual,6.0,111,999.0,3.0,5.0,5.0,White,Full leather,False,False,1.0
30896,13332,2023.0,Gasoline,Front Wheel Drive,Manual,5.486510227130129,106,1539.94231635872,3.8257612141004707,5.0,5.0,Orange,Full leather,False,False,1.663126188966392
30896,13332,2023.0,Gasoline,Front Wheel Drive,Manual,5.486510227130129,106,1539.94231635872,3.8257612141004707,5.0,5.0,Orange,Full leather,False,False,1.663126188966392
18697,14999,2023.0,Gasoline,Front Wheel Drive,Manual,5.486510227130129,106,1498.0,3.8257612141004707,5.0,5.0,Blue,Full leather,False,True,1.0
34828,14475,2023.0,Gasoline,Front Wheel Drive,Manual,5.486510227130129,106,1539.94231635872,3.8257612141004707,5.0,5.0,Black,Full leather,False,False,1.663126188966392
30896,13332,2023.0,Gasoline,Front Wheel Drive,Manual,5.486510227130129,106,1539.94231635872,3.8257612141004707,5.0,5.0,Orange,Full leather,False,False,1.663126188966392
32677,14999,2024.0,Gasoline,Front Wheel Drive,Manual,5.486510227130129,106,1498.0,3.8257612141004707,5.0,5.0,White,Full leather,False,True,1.0
1,12490,2025.0,Gasoline,Front Wheel Drive,Manual,5.0,116,1495.0,4.0,5.0,5.0,White,Cloth,False,False,1.663126188966392
25000,12889,2024.0,Gasoline,Front Wheel Drive,Manual,6.0,106,1498.0,4.0,5.0,5.0,Black,Full leather,True,True,1.0
36900,12990,2023.0,LPG,Front Wheel Drive,Manual,5.486510227130129,106,1498.0,4.0,5.0,5.0,Black,Other,False,False,1.0
22000,12900,2023.0,Gasoline,Front Wheel Drive,Manual,5.0,106,1498.0,4.0,5.0,5.0,Black,Cloth,False,True,1.0
1,11900,2025.0,Gasoline,Front Wheel Drive,Manual,5.0,116,1495.0,4.0,5.0,5.0,Black,Cloth,False,False,1.663126188966392
24077,14990,2024.0,Gasoline,Front Wheel Drive,Manual,5.0,106,1498.0,4.0,5.0,5.0,Black,Full leather,False,False,1.0
22135,14590,2024.0,Gasoline,Front Wheel Drive,Automatic,5.486510227130129,111,999.0,3.0,5.0,5.0,Red,Full leather,False,True,1.663126188966392
10,14900,2025.0,LPG,Front Wheel Drive,Manual,5.0,116,1539.94231635872,4.0,5.0,5.0,Black,Other,False,False,1.0
16237,14490,2024.0,Gasoline,Front Wheel Drive,Manual,5.0,106,1490.0,4.0,5.0,5.0,Grey,Other,True,False,1.663126188966392
18374,14980,2023.0,Gasoline,Front Wheel Drive,Manual,5.486510227130129,106,1499.0,3.8257612141004707,5.0,5.0,White,Other,False,False,1.663126188966392
91500,14490,2021.0,Electric,Front Wheel Drive,Automatic,5.486510227130129,156,1539.94231635872,3.8257612141004707,5.0,5.0,Black,Other,False,True,1.663126188966392
39000,14990,2022.0,Electric,Front Wheel Drive,Automatic,5.486510227130129,170,1539.94231635872,3.8257612141004707,5.0,5.0,White,Cloth,False,False,1.663126188966392
48000,13990,2022.0,Gasoline,Front Wheel Drive,Manual,5.486510227130129,107,1539.94231635872,3.8257612141004707,5.0,5.0,Grey,Cloth,False,False,1.663126188966392
4162,14270,2025.0,Gasoline,Front Wheel Drive,Manual,5.0,116,1495.0,4.0,5.0,5.0,White,Cloth,False,False,1.663126188966392
32399,13950,2025.0,Gasoline,Front Wheel Drive,Manual,5.486510227130129,107,1539.94231635872,3.8257612141004707,5.0,5.0,White,Cloth,False,False,1.663126188966392
8067,14270,2025.0,Gasoline,Front Wheel Drive,Manual,5.0,116,1495.0,4.0,5.0,5.0,White,Cloth,False,False,1.663126188966392
9466,14250,2025.0,Gasoline,Front Wheel Drive,Manual,5.0,116,1495.0,4.0,5.0,5.0,White,Cloth,False,False,1.663126188966392
67757,13536,2023.0,Gasoline,Front Wheel Drive,Manual,5.486510227130129,0,1539.94231635872,3.8257612141004707,5.0,5.0,Orange,Cloth,False,False,1.663126188966392
62287,13536,2023.0,Gasoline,Front Wheel Drive,Manual,5.486510227130129,0,1539.94231635872,3.8257612141004707,5.0,5.0,Red,Cloth,False,False,1.663126188966392
53519,14072,2023.0,Gasoline,Front Wheel Drive,Manual,5.486510227130129,0,1539.94231635872,3.8257612141004707,5.0,5.0,Red,Full leather,False,False,1.663126188966392
53704,13536,2023.0,Gasoline,Front Wheel Drive,Manual,5.486510227130129,106,1539.94231635872,3.8257612141004707,5.0,5.0,Black,Full leather,False,False,1.663126188966392
73678,12940,2020.0,Electric,Front Wheel Drive,Automatic,5.486510227130129,143,1539.94231635872,3.8257612141004707,5.0,5.0,Black,Full leather,True,False,1.663126188966392
1,14980,2025.0,Gasoline,Front Wheel Drive,Manual,5.0,116,1495.0,4.0,5.0,5.0,White,Other,False,False,1.663126188966392
66000,13990,2020.0,Diesel,Front Wheel Drive,Automatic,5.486510227130129,136,1539.94231635872,3.8257612141004707,5.0,5.0,Black,Full leather,True,True,1.0
39250,14900,2023.0,Gasoline,Front Wheel Drive,Manual,6.0,162,1539.94231635872,4.0,5.0,5.0,Blue,Full leather,True,True,1.0
24000,13600,2024.0,Gasoline,Front Wheel Drive,Manual,6.0,106,1498.0,4.0,5.0,5.0,Black,Full leather,True,False,1.0
50,13900,2025.0,Gasoline,Front Wheel Drive,Manual,5.0,107,1498.0,4.0,5.0,5.0,Grey,Cloth,False,True,1.0
15,13845,2025.0,Gasoline,Front Wheel Drive,Manual,5.0,106,1498.0,4.0,5.0,5.0,Black,Cloth,False,False,1.663126188966392
5,13950,2025.0,Gasoline,Front Wheel Drive,Manual,5.0,106,1498.0,4.0,5.0,5.0,Black,Cloth,False,False,1.663126188966392
8000,13900,2024.0,Gasoline,Front Wheel Drive,Manual,5.0,106,1498.0,4.0,5.0,5.0,White,Cloth,False,False,1.0
10,14100,2025.0,Gasoline,Front Wheel Drive,Manual,5.0,116,1495.0,4.0,5.0,5.0,White,Other,False,False,1.663126188966392
32679,13950,2023.0,Gasoline,Front Wheel Drive,Automatic,5.486510227130129,162,1490.0,4.0,5.0,5.0,Silver,Full leather,False,True,1.663126188966392
10,13400,2025.0,Gasoline,Front Wheel Drive,Manual,5.0,116,1539.94231635872,4.0,5.0,5.0,Red,Other,False,False,1.663126188966392
1,14950,2025.0,Gasoline,Front Wheel Drive,Manual,5.0,116,1495.0,4.0,5.0,5.0,Black,Cloth,False,False,1.0
87605,10900,2022.0,Gasoline,Front Wheel Drive,Manual,5.0,106,1498.0,4.0,5.0,5.0,White,Full leather,False,False,1.0
17756,13990,2025.0,Gasoline,Front Wheel Drive,Manual,5.0,116,1495.0,4.0,5.0,5.0,Grey,Other,False,False,1.663126188966392
39550,14900,2023.0,Gasoline,Front Wheel Drive,Manual,6.0,162,1539.94231635872,4.0,5.0,5.0,White,Full leather,True,True,1.0
16200,13200,2025.0,Gasoline,Front Wheel Drive,Manual,5.486510227130129,102,1498.0,4.0,5.0,5.0,Grey,Cloth,False,False,1.663126188966392
131410,10400,2020.0,Electric,Front Wheel Drive,Automatic,5.486510227130129,143,1539.94231635872,3.8257612141004707,5.0,5.0,Black,Full leather,True,True,1.0
152000,9500,2023.0,Gasoline,Front Wheel Drive,Manual,5.0,106,1498.0,4.0,5.0,5.0,Black,Full leather,False,False,1.663126188966392
124828,10600,2021.0,Electric,Front Wheel Drive,Automatic,5.486510227130129,143,1539.94231635872,3.8257612141004707,5.0,5.0,Black,Full leather,False,False,1.663126188966392
35088,13900,2020.0,Electric,Front Wheel Drive,Automatic,5.486510227130129,143,1539.94231635872,3.8257612141004707,5.0,5.0,Black,Full leather,True,True,1.0
25990,12950,2025.0,Gasoline,Front Wheel Drive,Manual,5.0,116,1495.0,4.0,5.0,5.0,Blue,Full leather,False,False,1.663126188966392
8332,12690,2025.0,Gasoline,Front Wheel Drive,Manual,5.0,116,1495.0,4.0,5.0,5.0,Grey,Full leather,False,False,1.663126188966392
47958,14450,2023.0,Gasoline,Front Wheel Drive,Manual,6.0,162,1490.0,4.0,5.0,5.0,Black,Other,False,False,1.0
38657,14222,2021.0,Electric,Front Wheel Drive,Automatic,5.486510227130129,143,1539.94231635872,3.8257612141004707,5.0,5.0,Black,Full leather,False,False,1.663126188966392
15,13900,2025.0,Gasoline,Front Wheel Drive,Manual,5.486510227130129,116,1495.0,4.0,5.0,5.0,White,Cloth,False,False,1.663126188966392
50,14900,2025.0,Gasoline,Front Wheel Drive,Manual,5.0,116,1495.0,4.0,5.0,5.0,White,Full leather,False,True,1.0
26000,13900,2023.0,Gasoline,Front Wheel Drive,Manual,5.0,106,1498.0,4.0,5.0,5.0,White,Full leather,False,False,1.663126188966392
10,13683,2025.0,Gasoline,Front Wheel Drive,Manual,5.0,116,1495.0,4.0,5.0,5.0,Grey,Cloth,False,True,1.663126188966392
83255,12450,2020.0,Electric,Front Wheel Drive,Automatic,5.486510227130129,143,1539.94231635872,3.8257612141004707,5.0,5.0,Blue,Full leather,True,False,1.0
22098,12300,2022.0,Gasoline,Rear Wheel Drive,Manual,5.486510227130129,111,999.0,3.0,5.0,5.0,White,Full leather,False,True,1.663126188966392
12062,13100,2025.0,Gasoline,Front Wheel Drive,Manual,5.0,116,1495.0,4.0,5.0,5.0,Black,Full leather,False,False,1.663126188966392
76127,12900,2021.0,Electric,Front Wheel Drive,Automatic,5.486510227130129,143,1539.94231635872,3.8257612141004707,5.0,5.0,White,Full leather,True,True,1.0
166000,2500,2012.0,Diesel,Front Wheel Drive,Automatic,6.0,111,1995.0,4.0,5.0,5.0,Silver,Full leather,False,True,1.663126188966392
171220,9945,2014.0,Gasoline,Front Wheel Drive,Manual,5.486510227130129,192,1998.0,4.0,5.0,5.0,Black,Part leather,False,False,1.663126188966392
140000,6000,2016.0,Gasoline,Front Wheel Drive,Manual,6.0,102,1198.0,3.0,5.0,5.0,Black,Cloth,True,False,1.0
89004,10900,2017.0,Gasoline,Front Wheel Drive,Manual,6.0,102,1200.0,3.8257612141004707,5.0,5.0,Grey,Cloth,False,True,1.663126188966392
71000,10900,2013.0,Gasoline,Front Wheel Drive,Automatic,5.486510227130129,122,1598.0,4.0,5.0,5.0,Brown,Full leather,True,True,2.0
124000,12900,2016.0,Gasoline,Front Wheel Drive,Manual,6.0,136,1499.0,3.0,5.0,5.0,Black,Part leather,False,True,2.0
86500,11400,2016.0,Diesel,Front Wheel Drive,Manual,6.0,111,1598.0,4.0,5.0,5.0,Red,Cloth,False,False,1.663126188966392
202000,7100,2013.0,Diesel,Front Wheel Drive,Manual,6.0,143,1995.0,4.0,5.0,5.0,Grey,Full leather,True,True,2.0
148920,11490,2016.0,Diesel,Front Wheel Drive,Automatic,6.0,111,1995.0,4.0,5.0,5.0,Red,Full leather,False,False,1.0
120000,7950,2011.0,Diesel,4WD,Automatic,6.0,111,1995.0,4.0,5.0,5.0,Blue,Cloth,False,False,1.663126188966392
121000,10499,2014.0,Diesel,Front Wheel Drive,Manual,5.486510227130129,143,1995.0,4.0,5.0,5.0,Brown,Part leather,False,True,1.0
131776,11950,2016.0,Gasoline,Front Wheel Drive,Manual,5.486510227130129,102,1198.0,3.0,5.0,5.0,Black,Cloth,True,False,1.663126188966392
72000,11950,2015.0,Gasoline,4WD,Manual,5.486510227130129,122,1598.0,4.0,5.0,5.0,Red,Full leather,True,True,2.0
90469,14990,2018.0,Gasoline,Front Wheel Drive,Manual,6.0,102,1499.0,3.0,5.0,5.0,Grey,Cloth,True,True,1.663126188966392
90000,13700,2018.0,Diesel,Front Wheel Drive,Manual,6.0,150,1995.0,4.0,5.0,5.0,Blue,Cloth,True,False,1.0
99010,10900,2016.0,Diesel,Front Wheel Drive,Manual,6.0,111,1598.0,4.0,5.0,5.0,Red,Cloth,True,True,1.0
120000,13400,2017.0,Diesel,Front Wheel Drive,Manual,6.0,150,1995.0,4.0,5.0,5.0,Grey,Other,False,False,1.663126188966392
97138,11800,2016.0,Gasoline,Front Wheel Drive,Manual,6.0,75,1198.0,3.0,5.0,5.0,Beige,Cloth,False,False,1.663126188966392
112300,12950,2015.0,Gasoline,Front Wheel Drive,Automatic,6.0,122,1598.0,4.0,5.0,5.0,Green,Part leather,True,True,1.0
129000,9999,2015.0,Gasoline,Rear Wheel Drive,Automatic,6.0,136,1499.0,4.0,5.0,5.0,Black,Full leather,True,False,1.0
79350,14960,2017.0,Gasoline,Front Wheel Drive,Manual,6.0,136,1499.0,3.0,5.0,5.0,White,Cloth,True,True,1.663126188966392
99709,12900,2017.0,Diesel,Front Wheel Drive,Manual,6.0,116,1496.0,3.0,5.0,5.0,Black,Full leather,False,False,1.663126188966392
111739,11495,2019.0,Gasoline,Front Wheel Drive,Manual,6.0,102,1499.0,3.0,5.0,5.0,Grey,Cloth,True,True,1.0
84060,13900,2016.0,Gasoline,Front Wheel Drive,Semi-automatic,7.0,136,1499.0,3.0,5.0,5.0,White,Cloth,False,False,2.0
99700,11950,2016.0,Gasoline,Front Wheel Drive,Manual,6.0,136,1499.0,3.0,5.0,5.0,Black,Part leather,True,True,1.663126188966392
66360,14495,2019.0,Gasoline,Front Wheel Drive,Manual,6.0,136,1499.0,3.0,5.0,5.0,Orange,Full leather,True,True,2.0
76022,14980,2017.0,Gasoline,Front Wheel Drive,Manual,6.0,136,1499.0,3.0,5.0,5.0,Black,Cloth,False,False,1.0
112087,12949,2015.0,Gasoline,Front Wheel Drive,Manual,5.486510227130129,136,1499.0,3.8257612141004707,5.0,5.0,Black,Full leather,False,True,2.0
159000,13800,2017.0,Diesel,Front Wheel Drive,Automatic,6.0,150,1995.0,4.0,5.0,5.0,Black,Cloth,True,False,2.0
87000,13980,2017.0,Gasoline,Front Wheel Drive,Manual,6.0,136,1499.0,3.0,5.0,5.0,Black,Part leather,True,True,2.0
133000,8500,2014.0,Diesel,4WD,Manual,6.0,111,1598.0,4.0,5.0,5.0,Silver,Cloth,True,True,1.0
142950,13900,2018.0,Diesel,Front Wheel Drive,Automatic,7.0,116,1496.0,3.0,5.0,5.0,Grey,Cloth,False,True,1.663126188966392
209000,11990,2017.0,Diesel,Front Wheel Drive,Semi-automatic,7.0,150,1995.0,4.0,5.0,5.0,Orange,Cloth,False,False,1.0
91209,12990,2019.0,Gasoline,Front Wheel Drive,Manual,5.486510227130129,102,1499.0,3.0,5.0,5.0,Grey,Cloth,False,False,1.663126188966392
101388,10600,2015.0,Diesel,Front Wheel Drive,Automatic,6.0,111,1995.0,4.0,5.0,5.0,White,Cloth,True,False,1.663126188966392
39756,12949,2015.0,Gasoline,Front Wheel Drive,Automatic,5.486510227130129,98,1598.0,3.8257612141004707,5.0,5.0,Blue,Cloth,False,True,2.0
56304,10500,2015.0,Gasoline,Front Wheel Drive,Manual,6.0,102,1198.0,3.0,5.0,5.0,Blue,Cloth,False,False,1.663126188966392
100000,11500,2016.0,Diesel,Front Wheel Drive,Manual,6.0,111,1598.0,4.0,5.0,5.0,Black,Other,False,False,1.663126188966392
132590,13900,2018.0,Diesel,Front Wheel Drive,Automatic,6.0,116,1496.0,3.0,5.0,5.0,Brown,Cloth,False,False,1.663126188966392
117200,12999,2019.0,Diesel,Front Wheel Drive,Automatic,5.486510227130129,150,1995.0,4.0,5.0,5.0,Black,Full leather,True,True,2.0
109062,12950,2010.0,Gasoline,4WD,Automatic,6.0,184,1598.0,4.0,5.0,5.0,Black,Full leather,True,False,1.0
173900,9500,2015.0,Diesel,Front Wheel Drive,Automatic,6.0,143,1995.0,4.0,5.0,5.0,Black,Full leather,False,True,2.0
103000,9900,2015.0,Gasoline,Front Wheel Drive,Manual,6.0,136,1499.0,3.0,5.0,5.0,Grey,Full leather,False,False,1.663126188966392
99281,9500,2015.0,Gasoline,Front Wheel Drive,Manual,6.0,98,1598.0,4.0,5.0,5.0,White,Other,False,False,1.0
165000,8900,2016.0,Diesel,Front Wheel Drive,Manual,6.0,150,1995.0,4.0,5.0,5.0,Grey,Cloth,False,False,1.663126188966392
89100,10400,2015.0,Diesel,Front Wheel Drive,Manual,6.0,116,1496.0,3.0,5.0,5.0,Beige,Cloth,False,False,2.0
170000,11290,2017.0,Gasoline,Front Wheel Drive,Automatic,5.486510227130129,150,1598.0,4.0,5.0,5.0,Black,Cloth,False,False,1.663126188966392
175000,10900,2017.0,Diesel,Front Wheel Drive,Manual,6.0,116,1496.0,3.0,5.0,5.0,Blue,Full leather,True,True,1.0
116412,9900,2017.0,Diesel,Front Wheel Drive,Manual,6.0,95,1496.0,3.0,5.0,5.0,White,Cloth,True,True,1.0
45000,14000,2019.0,Gasoline,Rear Wheel Drive,Manual,5.486510227130129,75,1499.0,3.0,5.0,5.0,Beige,Cloth,True,True,1.0
152000,8890,2014.0,Gasoline,Front Wheel Drive,Manual,6.0,98,1598.0,4.0,5.0,5.0,Blue,Cloth,True,True,2.0
196443,7845,2016.0,Gasoline,Front Wheel Drive,Manual,6.0,136,1499.0,3.0,5.0,5.0,Grey,Cloth,False,False,1.663126188966392
145000,10900,2015.0,Diesel,4WD,Automatic,6.0,143,1995.0,4.0,5.0,5.0,Silver,Full leather,False,False,1.663126188966392
123000,7990,2011.0,Diesel,4WD,Manual,6.0,111,1598.0,4.0,5.0,5.0,Black,Full leather,False,False,1.0
125876,8950,2011.0,Gasoline,Front Wheel Drive,Manual,5.486510227130129,184,1598.0,4.0,5.0,5.0,Grey,Cloth,True,False,1.663126188966392
115000,8500,2013.0,Diesel,Front Wheel Drive,Automatic,6.0,111,1995.0,4.0,5.0,5.0,White,Other,False,False,1.663126188966392
90000,9990,2014.0,Diesel,4WD,Manual,6.0,111,1598.0,4.0,5.0,5.0,Red,Cloth,False,False,1.663126188966392
160000,9400,2017.0,Diesel,Front Wheel Drive,Manual,5.0,95,1496.0,3.0,5.0,5.0,Orange,Cloth,False,False,1.0
78751,13200,2017.0,Gasoline,Front Wheel Drive,Manual,6.0,102,1499.0,3.8257612141004707,5.0,5.0,Black,Cloth,True,True,1.663126188966392
154487,6450,2011.0,Gasoline,Front Wheel Drive,Manual,6.0,122,1598.0,4.0,5.0,5.0,Grey,Full leather,False,False,1.663126188966392
200000,6490,2014.0,Diesel,Front Wheel Drive,Manual,6.0,90,1598.0,4.0,5.0,5.0,Black,Cloth,True,False,1.0
175074,12950,2013.0,Gasoline,4WD,Automatic,5.486510227130129,218,1598.0,4.0,5.0,5.0,Black,Full leather,False,False,1.663126188966392
87273,13890,2014.0,Diesel,Front Wheel Drive,Automatic,6.0,143,1995.0,4.0,5.0,5.0,Brown,Cloth,False,False,1.663126188966392
171000,7800,2015.0,Diesel,Front Wheel Drive,Manual,6.0,111,1598.0,4.0,5.0,5.0,Bronze,Part leather,True,True,1.0
139000,13500,2018.0,Diesel,Front Wheel Drive,Semi-automatic,6.0,150,1995.0,4.0,5.0,5.0,Grey,alcantara,False,False,2.0
127936,10990,2016.0,Diesel,Front Wheel Drive,Automatic,6.0,111,1995.0,4.0,5.0,5.0,White,Other,False,False,1.663126188966392
67000,13500,2017.0,Diesel,Front Wheel Drive,Manual,6.0,95,1496.0,3.0,5.0,5.0,Beige,Cloth,True,True,1.0
111609,10950,2014.0,Gasoline,Front Wheel Drive,Manual,6.0,122,1598.0,4.0,5.0,5.0,Blue,Cloth,True,False,1.0
118000,11950,2018.0,Diesel,Front Wheel Drive,Manual,6.0,95,1496.0,3.0,5.0,5.0,Grey,Other,False,False,1.0
82300,14500,2018.0,Gasoline,Front Wheel Drive,Manual,6.0,136,1499.0,3.0,5.0,5.0,Grey,Cloth,False,False,1.0
100000,13000,2017.0,Diesel,Front Wheel Drive,Manual,6.0,150,1995.0,4.0,5.0,5.0,Green,Cloth,True,True,1.663126188966392
91438,14490,2017.0,Gasoline,Front Wheel Drive,Manual,6.0,136,1499.0,3.0,5.0,5.0,Grey,Full leather,True,False,1.0
151000,8490,2012.0,Diesel,Front Wheel Drive,Manual,6.0,136,1995.0,4.0,5.0,5.0,Silver,Part leather,False,False,1.663126188966392
161189,10500,2012.0,Diesel,Front Wheel Drive,Automatic,6.0,111,1995.0,4.0,5.0,5.0,Brown,Cloth,False,False,1.0
36640,14900,2018.0,Gasoline,Front Wheel Drive,Manual,6.0,75,1499.0,3.0,5.0,5.0,Black,Cloth,True,True,2.0
125000,14770,2020.0,Gasoline,Front Wheel Drive,Manual,6.0,102,1499.0,3.0,5.0,5.0,Black,Cloth,True,False,1.0
130212,14000,2018.0,Diesel,Front Wheel Drive,Manual,5.486510227130129,117,1539.94231635872,3.8257612141004707,5.0,5.0,Grey,alcantara,False,False,1.663126188966392
68732,11600,2015.0,Gasoline,Front Wheel Drive,Manual,5.0,102,1198.0,3.0,5.0,5.0,Blue,Cloth,True,True,1.0
42431,12995,2016.0,Gasoline,Front Wheel Drive,Manual,6.0,102,1233.0,3.0,5.0,5.0,Red,Cloth,True,False,1.0
175551,11200,2013.0,Gasoline,4WD,Manual,6.0,218,1598.0,4.0,5.0,5.0,Black,Full leather,True,False,2.0
108019,9799,2013.0,Diesel,Front Wheel Drive,Manual,6.0,90,1598.0,4.0,5.0,5.0,Grey,Full leather,False,False,1.663126188966392
210000,7939,2015.0,Diesel,Front Wheel Drive,Manual,6.0,90,1598.0,4.0,5.0,5.0,White,Full leather,True,True,2.0
61000,13000,2020.0,Gasoline,Front Wheel Drive,Manual,6.0,75,1499.0,3.0,5.0,5.0,Blue,Cloth,True,True,1.0
139000,12300,2015.0,Diesel,4WD,Automatic,6.0,143,2000.0,4.0,5.0,5.0,Silver,Full leather,False,False,1.663126188966392
157000,6790,2011.0,Gasoline,Front Wheel Drive,Manual,6.0,122,1598.0,4.0,5.0,5.0,Silver,Cloth,False,True,2.0
129900,14900,2018.0,Diesel,Front Wheel Drive,Semi-automatic,7.0,116,1496.0,3.0,5.0,5.0,Grey,Cloth,True,True,1.0
90974,14769,2017.0,Gasoline,Front Wheel Drive,Automatic,6.0,136,1499.0,3.0,5.0,5.0,Black,Cloth,False,False,1.663126188966392
65900,6950,2020.0,Gasoline,Front Wheel Drive,Manual,5.0,71,999.0,3.0,5.0,5.0,Red,Cloth,True,True,1.0
10,12930,2025.0,Gasoline,Front Wheel Drive,Manual,5.0,71,1193.0,3.8257612141004707,5.0,5.0,Black,Cloth,False,True,1.0
91575,7780,2021.0,Gasoline,Front Wheel Drive,Manual,5.0,71,1193.0,3.0,5.0,5.0,Red,Cloth,True,True,1.0
70914,12980,2020.0,Gasoline,Front Wheel Drive,Manual,5.486510227130129,117,1590.0,3.8257612141004707,5.0,5.0,White,Cloth,True,True,2.0
189734,6500,2011.0,Diesel,4WD,Manual,5.0,150,1798.0,3.8257612141004707,5.0,5.0,Grey,Cloth,False,False,1.663126188966392
42594,7444,2016.0,Gasoline,Front Wheel Drive,Manual,5.0,71,999.0,3.0,5.0,5.0,Black,Cloth,False,False,1.0
3500,14450,2025.0,Gasoline,Front Wheel Drive,Manual,5.0,67,999.0,3.0,5.0,5.0,White,Cloth,True,True,1.0
82636,12900,2020.0,LPG,Front Wheel Drive,Manual,5.0,117,1590.0,4.0,5.0,5.0,White,Cloth,False,False,1.663126188966392
10,12930,2025.0,Gasoline,Front Wheel Drive,Manual,5.0,71,1193.0,3.8257612141004707,5.0,5.0,Grey,Cloth,False,True,1.0
118000,8250,2015.0,Gasoline,Front Wheel Drive,Manual,5.486510227130129,117,1590.0,4.0,5.0,5.0,Black,Full leather,False,False,1.663126188966392
66462,7480,2020.0,Gasoline,Front Wheel Drive,Manual,5.0,71,999.0,3.0,5.0,5.0,Silver,Cloth,True,True,2.0
68378,7950,2020.0,Gasoline,Front Wheel Drive,Manual,5.486510227130129,71,999.0,3.8257612141004707,5.0,5.0,White,Cloth,True,True,1.0
102448,13749,2014.0,Electric/Gasoline,4WD,Automatic,5.486510227130129,121,1998.0,4.0,5.0,5.0,Grey,Part leather,True,False,1.0
24190,9895,2021.0,Gasoline,Front Wheel Drive,Manual,5.486510227130129,71,1193.0,3.0,5.0,5.0,Grey,Cloth,True,False,1.663126188966392
65330,13770,2018.0,Gasoline,Front Wheel Drive,Manual,5.0,117,1590.0,4.0,5.0,5.0,White,Cloth,True,True,1.0
18489,9900,2023.0,Gasoline,Front Wheel Drive,Manual,5.0,71,1193.0,3.0,5.0,5.0,Grey,Cloth,False,False,1.663126188966392
59058,10850,2017.0,Gasoline,Front Wheel Drive,Automatic,6.0,80,1193.0,3.0,5.0,5.0,White,Cloth,True,True,1.0
25699,9900,2023.0,Gasoline,Front Wheel Drive,Manual,5.0,71,1193.0,3.0,5.0,5.0,Grey,Cloth,False,False,1.663126188966392
128066,5700,2019.0,Gasoline,Front Wheel Drive,Manual,5.0,71,999.0,3.8257612141004707,5.0,5.0,Black,Cloth,False,False,1.0
142384,8850,2014.0,Gasoline,Front Wheel Drive,Manual,5.0,117,1590.0,3.8257612141004707,5.0,5.0,Grey,Cloth,True,False,1.0
66500,6980,2016.0,Gasoline,Front Wheel Drive,Manual,5.0,71,999.0,3.0,5.0,5.0,Grey,Cloth,False,True,1.663126188966392
116631,10990,2016.0,Gasoline,Front Wheel Drive,Manual,5.0,117,1590.0,4.0,5.0,5.0,Brown,Cloth,True,False,1.663126188966392
120084,6750,2016.0,Gasoline,Front Wheel Drive,Manual,5.0,80,1193.0,3.0,5.0,5.0,Grey,Full leather,True,True,1.0
59983,7500,2019.0,Gasoline,Front Wheel Drive,Manual,5.0,71,999.0,3.0,5.0,5.0,Black,Cloth,True,True,1.0
77500,13500,2018.0,Diesel,Front Wheel Drive,Manual,6.0,114,1560.0,4.0,5.0,5.0,White,Cloth,True,False,1.0
29961,11470,2024.0,Gasoline,Front Wheel Drive,Manual,5.0,71,1193.0,3.0,5.0,5.0,Blue,Cloth,True,True,1.0
46000,12690,2022.0,Gasoline,Front Wheel Drive,Automatic,5.486510227130129,71,1193.0,3.0,5.0,5.0,Black,Cloth,True,True,1.0
148947,11490,2013.0,Electric/Gasoline,4WD,Automatic,5.486510227130129,121,1998.0,4.0,5.0,5.0,Blue,Full leather,False,False,1.663126188966392
81047,11180,2017.0,Gasoline,Front Wheel Drive,Manual,5.486510227130129,117,1590.0,3.8257612141004707,5.0,5.0,White,Cloth,False,True,2.0
66578,7850,2019.0,Gasoline,Front Wheel Drive,Manual,5.0,71,999.0,3.8257612141004707,5.0,5.0,White,Cloth,True,False,1.0
7092,10500,2017.0,Gasoline,Front Wheel Drive,Automatic,6.0,80,1193.0,3.8257612141004707,5.0,5.0,Red,Cloth,False,False,1.0
50,13990,2025.0,Gasoline,Front Wheel Drive,Manual,5.0,71,1193.0,3.8257612141004707,5.0,5.0,Red,Cloth,False,False,1.0
39437,9470,2021.0,Gasoline,Front Wheel Drive,Manual,5.0,71,1193.0,3.0,5.0,5.0,Blue,Cloth,True,True,1.0
10275,12990,2024.0,Gasoline,Front Wheel Drive,Manual,5.0,71,1193.0,3.0,5.0,5.0,Violet,Cloth,False,True,1.0
5100,10390,2024.0,Gasoline,Front Wheel Drive,Manual,5.0,71,1193.0,3.0,5.0,5.0,White,Cloth,False,False,1.663126188966392
94000,4599,2014.0,Gasoline,Front Wheel Drive,Manual,5.486510227130129,71,999.0,3.0,5.0,5.0,Green,Cloth,False,False,1.663126188966392
11000,11950,2022.0,Gasoline,Front Wheel Drive,Manual,5.0,71,1193.0,3.8257612141004707,5.0,5.0,White,Part leather,True,False,1.0
261015,1995,2004.0,Gasoline,Front Wheel Drive,Manual,5.486510227130129,136,1997.0,4.0,5.0,5.0,Black,Other,True,False,1.663126188966392
67372,9250,2021.0,Gasoline,Front Wheel Drive,Manual,5.0,80,1193.0,3.0,5.0,5.0,Black,Cloth,True,True,1.0
175742,3245,2014.0,Gasoline,Front Wheel Drive,Manual,5.486510227130129,71,999.0,3.0,5.0,5.0,Grey,Cloth,True,False,1.663126188966392
108025,11000,2015.0,Gasoline,Front Wheel Drive,Manual,5.0,117,1590.0,4.0,5.0,5.0,White,Cloth,False,True,2.0
87500,14990,2019.0,Gasoline,Front Wheel Drive,Automatic,5.486510227130129,163,1499.0,3.8257612141004707,5.0,5.0,Black,Cloth,True,True,1.0
10000,13990,2024.0,Gasoline,Front Wheel Drive,Manual,6.0,91,999.0,3.0,5.0,5.0,Blue,Cloth,False,True,1.663126188966392
98730,10900,2017.0,Diesel,Front Wheel Drive,Manual,6.0,114,1560.0,4.0,5.0,5.0,Black,Other,False,False,1.663126188966392
11420,12450,2022.0,Gasoline,Front Wheel Drive,Manual,5.0,71,1193.0,3.8257612141004707,5.0,5.0,Red,Cloth,True,False,1.0
181898,3495,2013.0,Gasoline,Front Wheel Drive,Manual,5.486510227130129,71,999.0,3.0,5.0,5.0,Blue,Cloth,True,False,1.663126188966392
188743,2250,2006.0,Gasoline,Front Wheel Drive,Manual,5.486510227130129,135,1997.0,4.0,5.0,5.0,Blue,Part leather,False,False,1.663126188966392
71900,7390,2016.0,Gasoline,Front Wheel Drive,Manual,5.0,80,1193.0,3.0,5.0,5.0,White,Cloth,False,False,2.0
199995,6500,2013.0,Gasoline,Front Wheel Drive,Manual,5.0,150,1998.0,4.0,5.0,5.0,Black,Cloth,True,False,1.663126188966392
57000,12945,2022.0,Gasoline,Front Wheel Drive,Automatic,5.0,71,1193.0,3.0,5.0,5.0,Black,Cloth,True,True,1.0
109000,12890,2017.0,Gasoline,Front Wheel Drive,Manual,5.0,117,1590.0,4.0,5.0,5.0,White,Cloth,True,False,1.0
153468,4445,2011.0,Gasoline,Front Wheel Drive,Manual,5.0,95,1332.0,4.0,5.0,5.0,Grey,Cloth,False,False,1.663126188966392
6000,13490,2024.0,Gasoline,Front Wheel Drive,Manual,5.0,71,1193.0,3.0,5.0,5.0,White,Cloth,True,True,1.0
184523,11999,2015.0,Electric/Gasoline,4WD,Automatic,5.486510227130129,121,1998.0,4.0,5.0,5.0,Grey,Part leather,True,False,1.663126188966392
197000,7990,2016.0,Diesel,4WD,Manual,6.0,114,1560.0,3.8257612141004707,5.0,5.0,Red,Part leather,True,False,1.0
99595,14440,2017.0,Gasoline,Front Wheel Drive,Manual,5.0,150,1998.0,3.8257612141004707,5.0,5.0,Black,Part leather,False,False,1.0
8893,11690,2021.0,Gasoline,Front Wheel Drive,Manual,5.0,71,1193.0,3.0,5.0,5.0,Grey,Cloth,True,True,1.0
31576,12750,2022.0,Gasoline,Front Wheel Drive,Manual,5.0,71,1193.0,3.8257612141004707,5.0,5.0,Blue,Part leather,True,False,1.0
123500,8750,2014.0,Diesel,4WD,Automatic,6.0,150,1539.94231635872,4.0,5.0,5.0,Grey,Cloth,True,True,2.0
25,13500,2025.0,Gasoline,Front Wheel Drive,Manual,5.0,71,1193.0,3.0,5.0,5.0,Silver,Cloth,False,False,1.663126188966392
165329,9528,2016.0,Gasoline,Front Wheel Drive,Manual,5.0,117,1590.0,4.0,5.0,5.0,Yellow,Cloth,False,False,1.663126188966392
147000,9500,2003.0,Gasoline,4WD,Manual,5.0,114,1834.0,4.0,5.0,5.0,Black,Cloth,False,False,1.663126188966392
49590,13995,2019.0,Gasoline,Front Wheel Drive,Manual,5.0,117,1590.0,4.0,5.0,5.0,White,Cloth,True,True,1.0
243207,1745,2008.0,Gasoline,Front Wheel Drive,Manual,5.486510227130129,95,1332.0,4.0,5.0,5.0,Blue,Cloth,True,False,1.663126188966392
6,13490,2024.0,Gasoline,Front Wheel Drive,Manual,5.0,71,1193.0,3.0,5.0,5.0,Grey,Cloth,False,False,1.0
200989,12950,2015.0,Electric/Gasoline,4WD,Automatic,5.486510227130129,121,1998.0,4.0,5.0,5.0,White,Part leather,True,False,1.663126188966392
170662,12650,2015.0,Electric/Gasoline,4WD,Automatic,5.486510227130129,121,1998.0,4.0,5.0,5.0,Grey,Part leather,True,False,1.663126188966392
57900,14300,2016.0,Diesel,4WD,Manual,6.0,114,1560.0,4.0,5.0,5.0,Red,Cloth,True,True,1.663126188966392
5,14970,2024.0,Gasoline,Front Wheel Drive,Manual,5.0,71,1193.0,3.0,5.0,5.0,Blue,Cloth,False,False,1.0
100902,10454,2015.0,Gasoline,Front Wheel Drive,Manual,5.0,117,1590.0,4.0,5.0,5.0,Yellow,Cloth,False,False,1.663126188966392
90910,12690,2017.0,Gasoline,Front Wheel Drive,Manual,5.0,117,1590.0,4.0,5.0,5.0,Black,Cloth,True,True,2.0
37000,8200,2019.0,Gasoline,Front Wheel Drive,Manual,5.0,71,999.0,3.0,5.0,5.0,White,Cloth,False,True,1.0
53549,4499,2004.0,Gasoline,Front Wheel Drive,Manual,5.0,95,1332.0,4.0,5.0,5.0,Grey,Cloth,True,True,2.0
101739,8450,2016.0,Gasoline,4WD,Automatic,5.486510227130129,71,999.0,3.0,5.0,5.0,Grey,Cloth,True,False,1.663126188966392
157099,14250,2015.0,Electric/Gasoline,4WD,Automatic,5.486510227130129,121,1998.0,4.0,5.0,5.0,Grey,Full leather,True,False,1.663126188966392
139055,14850,2015.0,Electric/Gasoline,4WD,Automatic,5.486510227130129,121,1998.0,4.0,5.0,5.0,Grey,Full leather,True,False,1.663126188966392
210081,8900,2013.0,Electric/Gasoline,4WD,Automatic,5.486510227130129,121,1998.0,4.0,5.0,5.0,Blue,Full leather,True,False,1.663126188966392
108630,12900,2018.0,LPG,Front Wheel Drive,Manual,5.0,117,1590.0,4.0,5.0,5.0,Grey,Other,False,False,1.0
209820,7499,2011.0,Gasoline,Front Wheel Drive,Automatic,5.486510227130129,147,1998.0,4.0,5.0,5.0,Grey,Cloth,True,False,1.663126188966392
50368,11960,2021.0,Gasoline,Front Wheel Drive,Automatic,5.0,71,1193.0,3.0,5.0,5.0,Black,Cloth,True,True,1.0
119720,11950,2016.0,Gasoline,Front Wheel Drive,Manual,5.0,117,1590.0,4.0,5.0,5.0,Brown,Cloth,True,False,1.663126188966392
214740,12950,2015.0,Electric/Gasoline,4WD,Automatic,5.486510227130129,121,1998.0,4.0,5.0,5.0,Black,Part leather,True,False,1.663126188966392
39570,10761,2023.0,Gasoline,4WD,Manual,5.486510227130129,71,1539.94231635872,3.8257612141004707,5.0,5.0,Blue,Part leather,False,False,1.663126188966392
27051,12761,2023.0,Gasoline,Front Wheel Drive,Manual,5.0,71,1193.0,3.0,5.0,5.0,White,Part leather,False,False,1.663126188966392
54189,14440,2017.0,Gasoline,Front Wheel Drive,Manual,5.0,117,1590.0,4.0,5.0,5.0,White,Cloth,True,True,2.0
21703,13499,2020.0,Gasoline,Front Wheel Drive,Automatic,5.486510227130129,80,1193.0,3.0,5.0,5.0,Red,Cloth,True,False,1.0
145537,11900,2015.0,Diesel,Front Wheel Drive,Manual,6.0,116,1798.0,4.0,5.0,5.0,White,Cloth,False,False,1.663126188966392
183240,13450,2015.0,Electric/Gasoline,4WD,Automatic,5.486510227130129,121,1998.0,4.0,5.0,5.0,Grey,Full leather,True,False,1.663126188966392
78000,8990,2019.0,LPG,Front Wheel Drive,Manual,5.0,71,999.0,3.0,5.0,5.0,Black,Part leather,False,False,1.663126188966392
30374,14890,2024.0,Gasoline,Front Wheel Drive,Manual,5.0,65,999.0,3.0,5.0,5.0,Grey,Part leather,True,False,1.663126188966392
121,13904,2024.0,Gasoline,Front Wheel Drive,Manual,5.0,71,1193.0,3.0,5.0,5.0,White,Part leather,False,False,1.663126188966392
27051,12761,2023.0,Gasoline,Front Wheel Drive,Manual,5.0,71,1193.0,3.0,5.0,5.0,White,Part leather,False,False,1.663126188966392
193569,14950,2016.0,Electric/Gasoline,4WD,Automatic,5.486510227130129,121,1998.0,4.0,5.0,5.0,Grey,Part leather,True,False,1.663126188966392
34772,11800,2024.0,Gasoline,Front Wheel Drive,Manual,5.0,71,1193.0,3.0,5.0,5.0,Red,Other,False,False,1.663126188966392
117912,14950,2013.0,Electric/Gasoline,4WD,Automatic,5.486510227130129,0,1998.0,4.0,5.0,5.0,Blue,Full leather,True,False,1.0
220000,3200,2022.0,Gasoline,4WD,Manual,5.0,71,1193.0,3.0,5.0,5.0,White,Cloth,False,False,1.663126188966392
199500,3800,2009.0,Diesel,4WD,Manual,6.0,140,1968.0,4.0,5.0,5.0,Black,Cloth,True,True,1.663126188966392
13500,11990,2024.0,Gasoline,Front Wheel Drive,Manual,5.0,71,1193.0,3.0,5.0,5.0,Silver,Cloth,False,True,1.663126188966392
97000,13700,2021.0,Gasoline,Front Wheel Drive,Manual,6.0,150,1998.0,4.0,5.0,5.0,Grey,Other,False,False,1.663126188966392
229000,5900,2004.0,Gasoline,4WD,Manual,5.0,114,1834.0,4.0,5.0,5.0,Grey,Cloth,True,False,1.0
110000,11500,2006.0,Gasoline,4WD,Manual,5.0,114,1834.0,4.0,5.0,5.0,Grey,Cloth,False,False,1.663126188966392
221000,4990,2011.0,Diesel,Front Wheel Drive,Manual,6.0,150,1539.94231635872,4.0,5.0,5.0,Blue,Full leather,False,False,1.663126188966392
146060,1450,2007.0,Gasoline,Front Wheel Drive,Manual,5.0,75,1124.0,3.0,5.0,5.0,Blue,Cloth,False,True,1.663126188966392
33749,9446,2022.0,Gasoline,Front Wheel Drive,Manual,5.0,71,1193.0,3.0,5.0,5.0,White,Full leather,False,False,1.663126188966392
85209,9537,2023.0,Gasoline,Front Wheel Drive,Manual,5.0,71,1193.0,3.0,5.0,5.0,White,Full leather,False,False,1.663126188966392
1600,13980,2024.0,Gasoline,Front Wheel Drive,Manual,5.0,71,1193.0,3.0,5.0,5.0,Blue,Cloth,True,True,1.0
110000,11490,2017.0,Gasoline,Front Wheel Drive,Manual,5.0,117,1590.0,4.0,5.0,5.0,White,Cloth,False,False,1.663126188966392
10,14140,2025.0,Gasoline,Front Wheel Drive,Manual,5.0,71,1193.0,3.0,5.0,5.0,Blue,Cloth,False,True,1.0
10,13990,2025.0,Gasoline,Front Wheel Drive,Manual,5.0,71,1193.0,3.0,5.0,5.0,Grey,Cloth,True,True,1.0
10,13980,2025.0,Gasoline,Front Wheel Drive,Manual,5.0,71,1193.0,3.0,5.0,5.0,Grey,Cloth,True,True,1.0
97000,11500,2016.0,Gasoline,Front Wheel Drive,Manual,5.0,117,1590.0,4.0,5.0,5.0,Black,Cloth,False,False,1.663126188966392
140000,12990,2018.0,Gasoline,Front Wheel Drive,Manual,5.0,117,1590.0,4.0,5.0,5.0,Brown,Cloth,False,False,1.663126188966392
121,13904,2024.0,Gasoline,Front Wheel Drive,Manual,5.0,71,1193.0,3.0,5.0,5.0,White,Cloth,False,False,1.663126188966392
3100,10500,2024.0,Gasoline,Front Wheel Drive,Manual,5.0,71,1193.0,3.0,5.0,5.0,White,Cloth,True,False,1.0
93091,5299,2020.0,Gasoline,Front Wheel Drive,Manual,5.0,71,1539.94231635872,3.0,5.0,5.0,White,Cloth,True,True,2.0
3431,7950,2017.0,Gasoline,Front Wheel Drive,Manual,5.486510227130129,71,999.0,3.0,5.0,5.0,Grey,Cloth,False,False,1.663126188966392
194000,4499,2010.0,Gasoline,4WD,Manual,5.0,170,1539.94231635872,4.0,5.0,5.0,Grey,Cloth,True,True,1.663126188966392
182955,6745,2013.0,Gasoline,4WD,Manual,5.0,117,1590.0,4.0,5.0,5.0,Black,Cloth,True,False,1.663126188966392
120000,3950,2016.0,Gasoline,4WD,Manual,5.0,71,999.0,3.0,5.0,5.0,Grey,Cloth,False,False,1.0
302077,3500,2009.0,Diesel,4WD,Manual,6.0,156,1539.94231635872,4.0,5.0,5.0,Black,Part leather,True,False,1.663126188966392
189621,990,2008.0,Gasoline,4WD,Manual,5.0,95,1332.0,4.0,5.0,5.0,Grey,Part leather,False,False,1.663126188966392
148493,5250,2011.0,Gasoline,Front Wheel Drive,Manual,5.0,116,1590.0,4.0,5.0,5.0,Grey,Cloth,True,False,1.663126188966392
51600,15000,2018.0,Gasoline,Front Wheel Drive,Manual,6.0,163,1499.0,4.0,5.0,5.0,Black,Full leather,True,False,2.0
144000,4990,2015.0,Gasoline,Front Wheel Drive,Manual,5.0,71,999.0,3.8257612141004707,5.0,5.0,Blue,Cloth,False,True,2.0
148150,6500,2014.0,Diesel,4WD,Manual,6.0,150,1539.94231635872,4.0,5.0,5.0,Brown,Cloth,True,True,2.0
67000,7990,2021.0,Gasoline,4WD,Manual,5.0,71,999.0,3.0,5.0,5.0,Black,Cloth,False,False,1.0
290528,1375,2005.0,Gasoline,4WD,Manual,5.486510227130129,136,1997.0,4.0,5.0,5.0,Grey,Cloth,False,False,1.663126188966392
39000,7999,2020.0,Gasoline,Front Wheel Drive,Manual,5.486510227130129,71,999.0,3.0,5.0,5.0,Brown,Cloth,False,False,1.663126188966392
245268,1290,2009.0,Gasoline,4WD,Manual,5.0,95,1539.94231635872,4.0,5.0,5.0,Grey,Cloth,True,True,1.0
11984,14799,2019.0,Gasoline,Front Wheel Drive,Manual,5.0,117,1590.0,4.0,5.0,5.0,White,Cloth,True,True,1.0
154054,10995,2012.0,Gasoline,Front Wheel Drive,Automatic,5.486510227130129,147,1998.0,4.0,5.0,5.0,White,Full leather,False,False,1.663126188966392
1122,11999,2023.0,Gasoline,Front Wheel Drive,Manual,5.486510227130129,71,1193.0,3.0,5.0,5.0,Grey,Cloth,True,True,1.0
8900,12790,2025.0,Gasoline,Front Wheel Drive,Manual,5.0,71,1539.94231635872,3.0,5.0,5.0,Blue,Cloth,False,False,1.0
200000,1000,2007.0,Gasoline,Front Wheel Drive,Manual,6.0,95,1332.0,4.0,5.0,5.0,Blue,Cloth,False,True,1.0
80000,3490,2009.0,Gasoline,Front Wheel Drive,Manual,5.0,75,1539.94231635872,3.0,5.0,5.0,Silver,Cloth,True,True,2.0
12,12990,2025.0,Gasoline,Front Wheel Drive,Manual,5.0,71,1193.0,3.0,5.0,5.0,White,Cloth,True,True,1.0
116629,6999,2020.0,Gasoline,Front Wheel Drive,Manual,5.486510227130129,71,999.0,3.0,5.0,5.0,Black,Cloth,True,False,1.663126188966392
9950,10950,2021.0,Gasoline,Front Wheel Drive,Manual,5.0,71,1193.0,3.0,5.0,5.0,Black,Cloth,True,True,2.0
230200,3900,2005.0,Gasoline,4WD,Automatic,5.486510227130129,160,1539.94231635872,4.0,5.0,5.0,Grey,Cloth,False,False,1.663126188966392
15900,11200,2024.0,Gasoline,Front Wheel Drive,Manual,5.0,71,1193.0,3.0,5.0,5.0,White,Cloth,True,True,1.663126188966392
15,13390,2025.0,Gasoline,Front Wheel Drive,Manual,5.0,71,1193.0,3.0,5.0,5.0,White,Cloth,True,True,1.0
70000,2990,2005.0,Gasoline,Front Wheel Drive,Manual,5.0,95,1539.94231635872,4.0,5.0,5.0,Silver,Cloth,False,True,2.0
210987,2500,2002.0,Gasoline,Front Wheel Drive,Automatic,5.486510227130129,122,1834.0,4.0,5.0,5.0,Black,Cloth,True,True,1.0
206000,7999,2015.0,Diesel,4WD,Manual,6.0,116,1798.0,3.8257612141004707,5.0,5.0,Brown,Cloth,True,True,1.0
82000,11299,2018.0,Gasoline,Front Wheel Drive,Manual,5.0,117,1590.0,4.0,5.0,5.0,White,Cloth,True,True,2.0
77405,5850,2013.0,Gasoline,Front Wheel Drive,Manual,5.0,71,999.0,3.0,5.0,5.0,Black,Cloth,True,True,1.663126188966392
19050,12900,2021.0,Gasoline,Front Wheel Drive,Manual,5.0,80,1539.94231635872,3.0,5.0,5.0,Red,Cloth,True,False,2.0
56200,11990,2021.0,Gasoline,Front Wheel Drive,Manual,5.0,71,1193.0,3.0,5.0,5.0,Red,Cloth,True,True,1.0
150077,2499,2008.0,Gasoline,Front Wheel Drive,Manual,5.486510227130129,95,1332.0,4.0,5.0,5.0,Grey,Cloth,False,False,1.663126188966392
66948,7950,2018.0,Gasoline,Front Wheel Drive,Manual,5.486510227130129,71,999.0,3.0,5.0,5.0,Blue,Cloth,True,False,1.663126188966392
13850,9500,2020.0,Gasoline,Front Wheel Drive,Manual,5.0,71,1539.94231635872,3.0,5.0,5.0,Silver,Cloth,True,False,2.0
156000,3200,2008.0,Gasoline,Front Wheel Drive,Manual,5.486510227130129,95,1332.0,4.0,5.0,5.0,Grey,Cloth,False,True,2.0
40000,12900,2023.0,Gasoline,Front Wheel Drive,Automatic,5.486510227130129,71,1193.0,3.0,5.0,5.0,White,Cloth,True,True,1.0
232078,11950,2015.0,Electric/Gasoline,4WD,Automatic,6.0,121,1998.0,4.0,5.0,5.0,Black,Full leather,True,False,1.663126188966392
173700,3150,2011.0,Gasoline,Front Wheel Drive,Manual,5.0,95,1332.0,4.0,5.0,5.0,Black,Cloth,True,True,2.0
147000,8999,2014.0,Diesel,Front Wheel Drive,Manual,6.0,150,1539.94231635872,4.0,5.0,5.0,White,Cloth,True,True,2.0
80000,7990,2020.0,Gasoline,Front Wheel Drive,Manual,5.0,71,999.0,3.0,5.0,5.0,Violet,Cloth,True,True,2.0
72827,9250,2021.0,Gasoline,Front Wheel Drive,Manual,5.486510227130129,71,1193.0,3.0,5.0,5.0,Black,Cloth,False,False,1.663126188966392
171536,4199,2015.0,Gasoline,Front Wheel Drive,Manual,5.0,71,1539.94231635872,3.0,5.0,5.0,Black,Cloth,False,True,1.0
190981,2999,2010.0,Gasoline,Front Wheel Drive,Manual,5.0,95,1332.0,4.0,5.0,5.0,Black,Velour,True,True,2.0
60822,14745,2022.0,Gasoline,Front Wheel Drive,Automatic,5.486510227130129,71,1193.0,3.0,5.0,5.0,Grey,Cloth,True,False,1.663126188966392
88065,2590,2004.0,Gasoline,Front Wheel Drive,Manual,5.0,75,1124.0,3.0,5.0,5.0,Silver,Cloth,True,True,1.0
215000,5450,2013.0,Diesel,Front Wheel Drive,Manual,6.0,150,1798.0,4.0,5.0,5.0,Black,Cloth,True,True,1.0
35500,13500,2023.0,Gasoline,Front Wheel Drive,Automatic,5.486510227130129,71,1193.0,3.0,5.0,5.0,White,Cloth,True,True,1.0
30125,9990,2019.0,Gasoline,Front Wheel Drive,Manual,5.0,71,999.0,3.0,5.0,5.0,Red,Cloth,False,True,1.663126188966392
42419,13900,2021.0,Gasoline,Front Wheel Drive,Automatic,5.486510227130129,71,1193.0,3.0,5.0,5.0,White,Cloth,True,True,2.0
125000,9900,2013.0,Gasoline,Front Wheel Drive,Manual,5.0,117,1539.94231635872,4.0,5.0,5.0,White,Cloth,True,True,1.663126188966392
252159,10599,2013.0,Electric/Gasoline,Front Wheel Drive,Automatic,5.486510227130129,121,1998.0,4.0,5.0,5.0,Black,Velour,False,False,1.0
217745,6745,2012.0,Gasoline,Front Wheel Drive,Automatic,5.486510227130129,141,1997.0,4.0,5.0,5.0,White,Full leather,True,False,1.663126188966392
192459,3995,2007.0,Gasoline,Front Wheel Drive,Manual,5.0,140,1998.0,4.0,5.0,5.0,Grey,Cloth,False,False,2.0
108000,5990,2011.0,Diesel,Front Wheel Drive,Manual,6.0,110,1539.94231635872,4.0,5.0,5.0,Black,Cloth,False,True,1.0
220000,5600,2016.0,LPG,Front Wheel Drive,Manual,5.0,110,1598.0,4.0,5.0,5.0,Black,Cloth,False,False,1.663126188966392
81600,9980,2016.0,Gasoline,Front Wheel Drive,Manual,6.0,116,1197.0,4.0,5.0,5.0,White,Part leather,True,False,2.0
174000,11900,2019.0,Diesel,Front Wheel Drive,Manual,6.0,116,1461.0,4.0,5.0,5.0,White,Cloth,False,False,1.663126188966392
182983,10890,2016.0,Diesel,4WD,Manual,6.0,131,1598.0,4.0,5.0,5.0,White,Full leather,False,True,2.0
151400,6990,2013.0,Diesel,Front Wheel Drive,Manual,6.0,110,1416.0,4.0,5.0,5.0,Grey,Cloth,True,True,1.663126188966392
79462,10990,2019.0,Electric,Front Wheel Drive,Automatic,5.486510227130129,150,1539.94231635872,3.8257612141004707,5.0,5.0,Grey,Cloth,True,True,1.663126188966392
103000,13900,2017.0,Diesel,4WD,Manual,6.0,131,1598.0,4.0,5.0,5.0,Grey,Cloth,True,False,1.0
83942,8990,2018.0,Gasoline,Front Wheel Drive,Manual,5.0,90,898.0,3.0,5.0,5.0,Black,Cloth,True,True,1.0
56000,7900,2014.0,Gasoline,Front Wheel Drive,Manual,5.0,94,1598.0,4.0,5.0,5.0,Black,Cloth,False,False,1.0
230000,8450,2017.0,Diesel,Front Wheel Drive,Automatic,6.0,131,1598.0,4.0,5.0,5.0,White,Cloth,True,True,1.663126188966392
131339,12990,2019.0,Gasoline,Front Wheel Drive,Manual,6.0,140,1332.0,4.0,5.0,5.0,Grey,alcantara,True,True,1.0
199000,8999,2016.0,Diesel,Front Wheel Drive,Automatic,5.486510227130129,131,1598.0,4.0,5.0,5.0,Grey,alcantara,False,True,1.0
58590,7900,2016.0,Gasoline,Front Wheel Drive,Manual,6.0,116,1197.0,4.0,5.0,5.0,White,Cloth,False,False,1.663126188966392
90249,12990,2020.0,Gasoline,Front Wheel Drive,Manual,6.0,116,1200.0,3.8257612141004707,5.0,5.0,White,Cloth,False,True,1.0
124000,8900,2012.0,Diesel,4WD,Manual,6.0,131,1598.0,4.0,5.0,5.0,Black,Full leather,False,True,1.0
225239,3950,2008.0,Gasoline,4WD,Manual,5.486510227130129,114,1598.0,4.0,5.0,5.0,Black,Full leather,True,True,1.663126188966392
64521,3999,2003.0,Gasoline,Front Wheel Drive,Automatic,5.486510227130129,116,1769.0,4.0,5.0,5.0,Black,Part leather,True,False,1.663126188966392
139795,7990,2013.0,Diesel,Front Wheel Drive,Manual,6.0,110,1461.0,4.0,5.0,5.0,Grey,Cloth,True,True,2.0
89200,12690,2018.0,Gasoline,Front Wheel Drive,Manual,6.0,116,1197.0,4.0,5.0,5.0,Black,Cloth,True,True,1.0
26968,14990,2021.0,Gasoline,Front Wheel Drive,Manual,6.0,114,999.0,3.0,5.0,5.0,Grey,Cloth,True,True,1.0
120000,3500,2012.0,Gasoline,Front Wheel Drive,Manual,5.0,54,998.0,4.0,5.0,5.0,White,Cloth,True,False,1.0
103000,4950,2010.0,Gasoline,Front Wheel Drive,Manual,5.0,88,1386.0,4.0,5.0,5.0,Black,Full leather,True,False,1.0
74340,10990,2017.0,Gasoline,Front Wheel Drive,Manual,6.0,190,1618.0,4.0,5.0,5.0,Grey,Part leather,True,True,1.0
92000,10800,2015.0,Diesel,Front Wheel Drive,Manual,6.0,110,1461.0,4.0,5.0,5.0,White,Other,False,False,1.0
95986,11000,2018.0,Gasoline,4WD,Automatic,6.0,116,1197.0,4.0,5.0,5.0,Black,Part leather,False,False,1.0
109687,4999,2013.0,Gasoline,Front Wheel Drive,Manual,5.486510227130129,88,1386.0,4.0,5.0,5.0,Grey,Cloth,True,False,2.0
143000,6995,2013.0,Gasoline,Front Wheel Drive,Manual,5.0,117,1598.0,4.0,5.0,5.0,Black,Cloth,True,True,1.0
74652,11950,2018.0,Gasoline,Front Wheel Drive,Automatic,5.486510227130129,116,1197.0,4.0,5.0,5.0,Grey,Part leather,True,False,1.663126188966392
33434,13490,2019.0,Gasoline,4WD,Automatic,5.486510227130129,113,1598.0,4.0,5.0,5.0,Blue,Cloth,False,False,1.0
103601,14499,2020.0,Diesel,Front Wheel Drive,Manual,5.486510227130129,116,1461.0,3.8257612141004707,5.0,5.0,Black,alcantara,False,True,2.0
118232,10745,2014.0,Gasoline,Front Wheel Drive,Manual,5.486510227130129,116,1197.0,4.0,5.0,5.0,Grey,Cloth,True,False,1.663126188966392
86601,11600,2016.0,Gasoline,Front Wheel Drive,Manual,6.0,116,1197.0,4.0,5.0,5.0,Grey,Cloth,False,False,2.0
127070,10950,2015.0,Diesel,Front Wheel Drive,Manual,6.0,110,1461.0,4.0,5.0,5.0,Silver,Cloth,True,True,2.0
171183,3743,2011.0,Gasoline,Front Wheel Drive,Manual,5.0,110,1598.0,4.0,5.0,5.0,White,Cloth,True,False,1.0
66378,14900,2018.0,Gasoline,Front Wheel Drive,Automatic,6.0,116,1197.0,4.0,5.0,5.0,Black,Cloth,False,False,1.663126188966392
107525,12990,2021.0,Gasoline,Front Wheel Drive,Manual,6.0,114,1000.0,3.0,5.0,5.0,Black,Cloth,False,False,1.663126188966392
86750,13990,2017.0,Gasoline,Front Wheel Drive,Manual,6.0,116,1197.0,4.0,5.0,5.0,Grey,Part leather,True,True,1.0
95406,6250,2016.0,Gasoline,Front Wheel Drive,Manual,5.0,80,1198.0,3.0,5.0,5.0,White,Cloth,True,True,1.0
88598,11980,2016.0,Gasoline,Front Wheel Drive,Manual,6.0,116,1197.0,4.0,5.0,5.0,White,Full leather,True,True,1.663126188966392
105700,14500,2019.0,Gasoline,Front Wheel Drive,Automatic,7.0,159,1332.0,4.0,5.0,5.0,Grey,Full leather,True,True,2.0
54800,10900,2019.0,Gasoline,Front Wheel Drive,Manual,5.0,101,999.0,3.0,5.0,5.0,Red,Full leather,False,False,1.663126188966392
74070,9995,2017.0,Diesel,Front Wheel Drive,Manual,5.486510227130129,90,1461.0,4.0,5.0,5.0,Black,Cloth,True,True,1.0
70000,13800,2023.0,Gasoline,Front Wheel Drive,Manual,6.0,114,999.0,3.0,5.0,5.0,Silver,Cloth,False,True,1.0
68530,13450,2021.0,Gasoline,Front Wheel Drive,Automatic,7.0,114,999.0,3.0,5.0,5.0,Orange,Cloth,False,False,1.0
25707,14900,2024.0,Gasoline,Front Wheel Drive,Manual,6.0,114,999.0,3.0,5.0,5.0,Black,Cloth,False,False,1.0
82500,14999,2018.0,Gasoline,Front Wheel Drive,Manual,6.0,163,1618.0,4.0,5.0,5.0,Black,Cloth,False,False,1.0
115000,13477,2017.0,Diesel,Front Wheel Drive,Automatic,7.0,131,1598.0,4.0,5.0,5.0,White,Full leather,False,True,1.0
122000,8400,2018.0,Diesel,Front Wheel Drive,Manual,5.0,90,1461.0,4.0,5.0,5.0,White,Cloth,False,False,1.663126188966392
75853,9120,2014.0,Gasoline,Front Wheel Drive,Manual,5.486510227130129,117,1598.0,3.8257612141004707,5.0,5.0,Grey,Cloth,False,True,2.0
130000,8500,2018.0,LPG,Front Wheel Drive,Manual,5.486510227130129,116,1598.0,4.0,5.0,5.0,White,Cloth,False,False,1.663126188966392
34980,9350,2017.0,Gasoline,Front Wheel Drive,Manual,5.0,71,1539.94231635872,3.0,5.0,5.0,Blue,Cloth,True,False,1.0
117388,12649,2018.0,Gasoline,Front Wheel Drive,Manual,5.486510227130129,116,1197.0,3.8257612141004707,5.0,5.0,White,Cloth,False,True,2.0
90550,13760,2020.0,Gasoline,Front Wheel Drive,Automatic,7.0,117,999.0,3.0,5.0,5.0,Red,Cloth,False,True,1.0
180960,11800,2017.0,Diesel,4WD,Manual,6.0,131,1598.0,4.0,5.0,5.0,Grey,Cloth,False,True,1.0
59601,12790,2021.0,Gasoline,Front Wheel Drive,Manual,6.0,114,999.0,3.0,5.0,5.0,White,Cloth,False,True,1.0
49973,11990,2019.0,Gasoline,Front Wheel Drive,Manual,5.486510227130129,113,1598.0,3.8257612141004707,5.0,5.0,Silver,Part leather,False,True,1.663126188966392
67086,9990,2015.0,Gasoline,Front Wheel Drive,Manual,6.0,116,1197.0,4.0,5.0,5.0,White,Cloth,False,False,1.0
91000,6990,2016.0,Gasoline,Front Wheel Drive,Manual,5.0,80,1198.0,3.8257612141004707,5.0,5.0,Black,Cloth,False,False,2.0
102254,9945,2013.0,Gasoline,Front Wheel Drive,Manual,5.0,117,1598.0,4.0,5.0,5.0,White,Part leather,True,False,1.663126188966392
218087,10999,2019.0,Gasoline,Front Wheel Drive,Manual,5.486510227130129,140,1332.0,4.0,5.0,5.0,Black,Cloth,False,False,1.663126188966392
149600,11500,2015.0,Diesel,4WD,Manual,6.0,131,1598.0,4.0,5.0,5.0,Grey,Cloth,True,False,1.663126188966392
120462,11435,2016.0,Gasoline,Front Wheel Drive,Manual,5.486510227130129,116,1197.0,4.0,5.0,5.0,White,Cloth,True,False,1.663126188966392
92768,14490,2018.0,Gasoline,Front Wheel Drive,Manual,5.486510227130129,163,1618.0,4.0,5.0,5.0,Black,Cloth,True,True,1.663126188966392
38000,14900,2016.0,Gasoline,Front Wheel Drive,Manual,6.0,116,1200.0,4.0,5.0,5.0,Black,Cloth,True,True,1.0
76720,10750,2020.0,Gasoline,Front Wheel Drive,Manual,5.0,101,999.0,3.0,5.0,5.0,Red,Cloth,True,True,2.0
34260,14790,2017.0,Gasoline,Front Wheel Drive,Manual,6.0,116,1197.0,4.0,5.0,5.0,Black,Cloth,False,True,2.0
148000,7990,2016.0,Gasoline,Front Wheel Drive,Manual,6.0,116,1197.0,4.0,5.0,5.0,Grey,Cloth,True,True,2.0
46679,12849,2022.0,Electric,Front Wheel Drive,Automatic,5.486510227130129,150,1539.94231635872,3.8257612141004707,5.0,5.0,Black,Cloth,False,True,1.0
239000,12850,2018.0,Diesel,Front Wheel Drive,Automatic,6.0,131,1598.0,4.0,5.0,5.0,Brown,Part leather,True,False,2.0
122000,12490,2017.0,Gasoline,Front Wheel Drive,Manual,6.0,163,1618.0,4.0,5.0,5.0,Black,Cloth,True,False,1.0
69000,12900,2021.0,Gasoline,Front Wheel Drive,Manual,5.486510227130129,114,999.0,3.0,5.0,5.0,Blue,Cloth,True,True,1.0
59630,14130,2018.0,Gasoline,Front Wheel Drive,Manual,5.486510227130129,116,1197.0,3.8257612141004707,5.0,5.0,White,Cloth,True,True,2.0
55300,14990,2018.0,Gasoline,Front Wheel Drive,Manual,5.486510227130129,116,1197.0,3.8257612141004707,5.0,5.0,Black,Cloth,False,True,1.663126188966392
81405,13470,2016.0,Gasoline,Front Wheel Drive,Manual,5.486510227130129,163,1618.0,3.8257612141004707,5.0,5.0,Black,Cloth,False,False,1.0
102000,9490,2013.0,Diesel,Front Wheel Drive,Manual,6.0,131,1598.0,4.0,5.0,5.0,Black,Part leather,True,True,2.0
220566,1999,2005.0,Gasoline,Front Wheel Drive,Manual,5.486510227130129,140,1998.0,4.0,5.0,5.0,Grey,Cloth,False,False,1.663126188966392
138000,5500,2012.0,Diesel,Front Wheel Drive,Manual,5.486510227130129,110,1461.0,4.0,5.0,5.0,Black,Cloth,False,False,1.663126188966392
93000,9999,2015.0,Gasoline,Front Wheel Drive,Automatic,5.486510227130129,117,1598.0,4.0,5.0,5.0,Grey,Cloth,True,True,2.0
97000,12990,2016.0,Diesel,Front Wheel Drive,Manual,6.0,131,1598.0,3.8257612141004707,5.0,5.0,Black,Cloth,True,False,1.663126188966392
47900,14770,2018.0,Gasoline,Front Wheel Drive,Manual,6.0,116,1197.0,4.0,5.0,5.0,Red,Cloth,False,False,1.663126188966392
78780,8444,2017.0,Gasoline,Front Wheel Drive,Manual,5.0,80,1198.0,3.0,5.0,5.0,White,Cloth,True,True,2.0
96000,13495,2016.0,Diesel,Front Wheel Drive,Manual,5.486510227130129,110,1500.0,4.0,5.0,5.0,White,Full leather,False,True,2.0
118762,11945,2017.0,Gasoline,Front Wheel Drive,Manual,6.0,116,1197.0,4.0,5.0,5.0,Grey,Full leather,True,False,1.663126188966392
108600,9200,2022.0,Gasoline,Front Wheel Drive,Manual,5.0,92,999.0,3.0,5.0,5.0,Grey,Cloth,False,True,1.663126188966392
39754,11900,2019.0,Gasoline,Front Wheel Drive,Manual,6.0,117,999.0,3.0,5.0,5.0,Grey,alcantara,True,True,2.0
185000,6490,2010.0,Diesel,4WD,Manual,6.0,150,1995.0,4.0,5.0,5.0,Red,Cloth,True,True,1.0
112413,8250,2012.0,Gasoline,4WD,Manual,5.486510227130129,117,1598.0,4.0,5.0,5.0,Blue,Cloth,False,False,1.0
198328,8890,2016.0,Gasoline,4WD,Automatic,6.0,190,1618.0,4.0,5.0,5.0,Red,Part leather,True,True,2.0
57000,14350,2020.0,Gasoline,Front Wheel Drive,Automatic,5.486510227130129,117,999.0,3.0,5.0,5.0,Grey,Cloth,True,True,1.0
70621,14900,2015.0,Gasoline,Front Wheel Drive,Manual,5.0,110,1598.0,4.0,5.0,5.0,Grey,Cloth,True,True,1.0
23450,13499,2023.0,Gasoline,Front Wheel Drive,Manual,5.0,95,999.0,3.0,5.0,5.0,Red,Cloth,False,False,1.663126188966392
106202,12750,2016.0,Gasoline,Front Wheel Drive,Manual,6.0,116,1197.0,4.0,5.0,5.0,Grey,Cloth,True,False,1.0
104824,14990,2018.0,Diesel,Front Wheel Drive,Manual,6.0,110,1461.0,4.0,5.0,5.0,White,Other,False,False,1.663126188966392
164169,13950,2016.0,Gasoline,Front Wheel Drive,Manual,5.486510227130129,163,1618.0,4.0,5.0,5.0,Black,Other,True,False,1.663126188966392
130000,10910,2012.0,Diesel,Front Wheel Drive,Manual,6.0,110,1461.0,4.0,5.0,5.0,Red,Cloth,False,False,1.0
136495,13945,2016.0,Gasoline,Front Wheel Drive,Manual,5.486510227130129,163,1618.0,4.0,5.0,5.0,Grey,Full leather,True,False,1.663126188966392
10862,12980,2021.0,Gasoline,Front Wheel Drive,Manual,5.0,92,1539.94231635872,3.0,5.0,5.0,Blue,Cloth,True,True,1.0
88142,12490,2019.0,Gasoline,Front Wheel Drive,Automatic,5.486510227130129,101,999.0,3.0,5.0,5.0,Grey,Cloth,False,False,1.663126188966392
150247,14945,2018.0,Gasoline,Front Wheel Drive,Automatic,5.486510227130129,116,1197.0,4.0,5.0,5.0,Grey,Part leather,True,False,1.663126188966392
81761,13500,2016.0,Diesel,Front Wheel Drive,Automatic,5.486510227130129,131,1598.0,4.0,5.0,5.0,Grey,Cloth,False,True,1.0
90194,11500,2019.0,LPG,Front Wheel Drive,Manual,5.0,109,1598.0,4.0,5.0,5.0,Black,Other,False,False,1.663126188966392
80456,6900,2015.0,Gasoline,Front Wheel Drive,Manual,5.0,80,1198.0,3.0,5.0,5.0,Blue,Cloth,False,True,1.663126188966392
22540,13490,2022.0,Gasoline,Front Wheel Drive,Manual,5.0,95,1000.0,3.0,5.0,5.0,Grey,Cloth,False,False,1.663126188966392
82350,12950,2018.0,Gasoline,Front Wheel Drive,Manual,6.0,116,1197.0,4.0,5.0,5.0,Silver,Other,False,False,1.663126188966392
112169,12899,2017.0,Gasoline,Front Wheel Drive,Manual,6.0,116,1197.0,4.0,5.0,5.0,Black,Other,True,False,1.663126188966392
149950,11345,2015.0,Gasoline,Front Wheel Drive,Manual,5.486510227130129,116,1197.0,4.0,5.0,5.0,Grey,Part leather,True,False,1.663126188966392
87834,13490,2017.0,Gasoline,Front Wheel Drive,Manual,5.486510227130129,116,1197.0,3.8257612141004707,5.0,5.0,Black,Part leather,True,True,1.663126188966392
39180,13850,2021.0,Gasoline,Front Wheel Drive,Manual,6.0,114,999.0,3.0,5.0,5.0,Red,Other,False,False,1.663126188966392
95958,14499,2019.0,Diesel,Front Wheel Drive,Manual,5.486510227130129,116,1461.0,3.8257612141004707,5.0,5.0,Grey,Cloth,False,True,2.0
106821,11450,2014.0,Gasoline,Front Wheel Drive,Manual,5.486510227130129,116,1197.0,4.0,5.0,5.0,Grey,Cloth,True,False,1.663126188966392
198994,5850,2007.0,Gasoline,Front Wheel Drive,Manual,5.486510227130129,114,1598.0,4.0,5.0,5.0,Grey,Cloth,True,False,1.663126188966392
48628,13885,2023.0,Gasoline,Front Wheel Drive,Manual,5.486510227130129,92,999.0,3.0,5.0,5.0,Red,Cloth,False,False,1.663126188966392
124000,8290,2014.0,Diesel,Front Wheel Drive,Manual,6.0,110,1461.0,4.0,5.0,5.0,Red,Cloth,False,False,1.663126188966392
94000,7490,2012.0,Gasoline,Front Wheel Drive,Manual,5.0,117,1598.0,4.0,5.0,5.0,Black,Cloth,False,False,1.663126188966392
20415,14700,2022.0,Electric,Front Wheel Drive,Automatic,5.486510227130129,150,1539.94231635872,3.8257612141004707,5.0,5.0,White,Cloth,False,False,1.663126188966392
124000,3500,2011.0,Gasoline,Front Wheel Drive,Manual,5.486510227130129,80,1198.0,3.0,5.0,5.0,Red,Cloth,False,True,1.663126188966392
40058,14300,2021.0,Gasoline,Front Wheel Drive,Manual,6.0,114,1000.0,3.8257612141004707,5.0,5.0,Grey,Cloth,False,True,1.0
130000,7450,2015.0,LPG,Front Wheel Drive,Manual,5.0,80,1198.0,3.0,5.0,5.0,Blue,Cloth,False,False,1.663126188966392
81353,14390,2018.0,Gasoline,Front Wheel Drive,Manual,5.486510227130129,163,1618.0,3.8257612141004707,5.0,5.0,Grey,Cloth,True,True,2.0
105381,14440,2018.0,Gasoline,Front Wheel Drive,Manual,6.0,116,1197.0,4.0,5.0,5.0,Grey,Cloth,True,True,1.663126188966392
135296,11450,2016.0,Gasoline,Front Wheel Drive,Manual,5.486510227130129,116,1197.0,4.0,5.0,5.0,Grey,Cloth,True,False,1.663126188966392
38318,14990,2021.0,Gasoline,Front Wheel Drive,Automatic,5.486510227130129,92,999.0,3.0,5.0,5.0,Grey,Cloth,False,False,2.0
188000,4450,2007.0,Diesel,Front Wheel Drive,Manual,6.0,150,1995.0,4.0,5.0,5.0,Grey,Cloth,False,False,1.663126188966392
198000,7500,2016.0,Diesel,Front Wheel Drive,Manual,6.0,110,1461.0,4.0,5.0,5.0,Grey,Cloth,False,False,1.663126188966392
141815,10950,2017.0,Gasoline,Front Wheel Drive,Manual,6.0,116,1197.0,4.0,5.0,5.0,Grey,Cloth,True,False,1.663126188966392
109600,13990,2017.0,Diesel,Front Wheel Drive,Manual,6.0,131,1598.0,3.8257612141004707,5.0,5.0,White,Cloth,False,False,1.663126188966392
101642,13999,2016.0,Diesel,Front Wheel Drive,Automatic,5.486510227130129,131,1598.0,4.0,5.0,5.0,Black,Full leather,True,False,1.0
173747,6250,2017.0,Gasoline,Front Wheel Drive,Manual,5.486510227130129,80,1198.0,3.0,5.0,5.0,Red,Cloth,False,False,1.663126188966392
37930,14537,2022.0,Gasoline,Front Wheel Drive,Manual,6.0,114,999.0,3.0,5.0,5.0,White,Cloth,False,False,1.663126188966392
109000,9500,2015.0,Diesel,Front Wheel Drive,Manual,6.0,110,1461.0,4.0,5.0,5.0,Grey,Cloth,False,False,1.0
133923,11950,2015.0,Gasoline,Front Wheel Drive,Manual,5.486510227130129,116,1197.0,4.0,5.0,5.0,Grey,Cloth,True,False,1.663126188966392
27523,14990,2021.0,Gasoline,Front Wheel Drive,Manual,6.0,114,999.0,3.0,5.0,5.0,Red,Cloth,True,True,1.0
81391,13990,2016.0,Gasoline,Front Wheel Drive,Manual,5.486510227130129,116,1197.0,3.8257612141004707,5.0,5.0,Black,Cloth,False,True,1.663126188966392
207117,10834,2017.0,Diesel,Front Wheel Drive,Manual,6.0,131,1598.0,4.0,5.0,5.0,Silver,Cloth,False,False,1.663126188966392
161050,3750,2008.0,Gasoline,Front Wheel Drive,Manual,5.486510227130129,88,1386.0,4.0,5.0,5.0,White,Part leather,True,False,1.663126188966392
142355,5975,2011.0,Gasoline,Front Wheel Drive,Manual,5.486510227130129,117,1598.0,4.0,5.0,5.0,White,Cloth,False,False,1.663126188966392
266430,2350,2006.0,Gasoline,Front Wheel Drive,Manual,5.0,140,1998.0,4.0,5.0,5.0,Grey,Cloth,True,False,1.663126188966392
102000,12900,2021.0,Gasoline,Front Wheel Drive,Manual,6.0,114,999.0,3.0,5.0,5.0,Silver,Part leather,True,True,1.663126188966392
251000,3900,2011.0,Diesel,Front Wheel Drive,Manual,6.0,110,1461.0,4.0,5.0,5.0,White,Cloth,False,False,1.663126188966392
299950,6350,2014.0,Diesel,Front Wheel Drive,Manual,6.0,110,1461.0,4.0,5.0,5.0,White,Cloth,False,False,1.663126188966392
150732,5950,2011.0,Gasoline,Front Wheel Drive,Manual,5.0,117,1598.0,4.0,5.0,5.0,White,Cloth,True,True,1.663126188966392
69366,8900,2013.0,Gasoline,Front Wheel Drive,Manual,5.486510227130129,88,1386.0,4.0,5.0,5.0,Grey,Cloth,True,True,1.0
180982,5945,2015.0,Gasoline,Front Wheel Drive,Automatic,5.486510227130129,80,1198.0,3.0,5.0,5.0,Silver,Cloth,False,False,1.663126188966392
147311,11852,2017.0,Diesel,Front Wheel Drive,Manual,6.0,110,1461.0,4.0,5.0,5.0,White,Part leather,False,False,1.663126188966392
142353,7790,2012.0,Diesel,Front Wheel Drive,Manual,6.0,110,1461.0,4.0,5.0,5.0,White,Part leather,False,False,1.663126188966392
135374,11350,2016.0,Diesel,Front Wheel Drive,Manual,6.0,131,1598.0,4.0,5.0,5.0,White,Cloth,True,True,2.0
65000,7790,2019.0,Gasoline,Front Wheel Drive,Manual,5.0,71,999.0,3.0,5.0,5.0,White,Cloth,False,False,1.663126188966392
185403,10645,2017.0,Gasoline,Front Wheel Drive,Automatic,5.486510227130129,116,1197.0,4.0,5.0,5.0,Blue,Full leather,True,False,1.663126188966392
118879,7990,2016.0,Gasoline,Front Wheel Drive,Manual,6.0,116,1197.0,4.0,5.0,5.0,Red,Cloth,True,True,1.663126188966392
114589,10900,2018.0,Electric,Front Wheel Drive,Automatic,5.486510227130129,150,1539.94231635872,3.8257612141004707,5.0,5.0,Grey,Cloth,False,False,1.663126188966392
94000,15000,2019.0,Diesel,Front Wheel Drive,Automatic,6.0,116,1461.0,3.8257612141004707,5.0,5.0,White,Other,False,False,1.663126188966392
242226,4800,2012.0,Diesel,4WD,Automatic,6.0,150,1995.0,4.0,5.0,5.0,White,Other,False,True,1.663126188966392
47265,14900,2019.0,Gasoline,Front Wheel Drive,Manual,6.0,140,1332.0,4.0,5.0,5.0,Silver,Other,False,False,1.663126188966392
87144,14436,2015.0,Diesel,Front Wheel Drive,Manual,6.0,131,1598.0,4.0,5.0,5.0,Black,Other,False,False,1.663126188966392
145000,2980,2008.0,Gasoline,Front Wheel Drive,Manual,5.0,88,1386.0,4.0,5.0,5.0,Black,Cloth,False,False,2.0
96000,13900,2018.0,Gasoline,Front Wheel Drive,Manual,6.0,116,1197.0,4.0,5.0,5.0,Black,Part leather,True,True,1.0
120000,5500,2017.0,LPG,Front Wheel Drive,Manual,5.0,80,1198.0,3.0,5.0,5.0,Black,Part leather,False,False,1.663126188966392
97123,14900,2018.0,Diesel,Front Wheel Drive,Manual,6.0,110,1461.0,4.0,5.0,5.0,Black,Part leather,False,False,1.663126188966392
69771,13912,2017.0,Gasoline,Front Wheel Drive,Manual,6.0,163,1618.0,4.0,5.0,5.0,Red,alcantara,True,True,2.0
150000,8000,2017.0,LPG,Front Wheel Drive,Manual,5.486510227130129,116,1598.0,4.0,5.0,5.0,Grey,Cloth,False,False,1.663126188966392
124000,13750,2016.0,Diesel,Front Wheel Drive,Manual,6.0,110,1461.0,4.0,5.0,5.0,White,Cloth,True,True,1.0
226000,5700,2007.0,Diesel,Front Wheel Drive,Manual,6.0,106,1461.0,4.0,5.0,5.0,Brown,Cloth,False,False,1.663126188966392
57000,12900,2022.0,Gasoline,Front Wheel Drive,Manual,5.0,92,999.0,3.0,5.0,5.0,Orange,Cloth,False,False,1.0
109000,7900,2013.0,Diesel,Front Wheel Drive,Manual,6.0,110,1461.0,4.0,5.0,5.0,Black,Cloth,True,False,1.0
152574,9950,2015.0,Gasoline,Front Wheel Drive,Manual,5.486510227130129,116,1197.0,4.0,5.0,5.0,Grey,Full leather,True,False,1.663126188966392
35000,14445,2020.0,Gasoline,Front Wheel Drive,Manual,6.0,117,999.0,3.0,5.0,5.0,Brown,Cloth,False,False,2.0
98000,13990,2020.0,Gasoline,Front Wheel Drive,Automatic,5.486510227130129,117,999.0,3.0,5.0,5.0,Silver,Velour,False,True,1.663126188966392
130549,13950,2017.0,Gasoline,Front Wheel Drive,Manual,6.0,116,1197.0,4.0,5.0,5.0,Black,Cloth,True,False,1.0
48633,11990,2015.0,Gasoline,Front Wheel Drive,Manual,6.0,116,1197.0,4.0,5.0,5.0,Grey,alcantara,True,True,1.0
225000,9000,2016.0,Diesel,Front Wheel Drive,Manual,6.0,110,1461.0,4.0,5.0,5.0,Grey,alcantara,False,False,1.663126188966392
52632,9990,2019.0,Gasoline,Front Wheel Drive,Manual,5.0,101,999.0,3.0,5.0,5.0,Grey,Cloth,False,False,1.663126188966392
100000,4500,2010.0,Gasoline,Front Wheel Drive,Automatic,6.0,80,1240.0,4.0,5.0,5.0,White,Cloth,True,False,1.0
193778,7950,2012.0,Gasoline,Front Wheel Drive,Manual,6.0,141,1997.0,4.0,5.0,5.0,Grey,Cloth,True,False,1.663126188966392
69500,14950,2019.0,Diesel,Front Wheel Drive,Manual,6.0,116,1461.0,4.0,5.0,5.0,Grey,Cloth,True,False,1.0
99475,14870,2017.0,Gasoline,Front Wheel Drive,Manual,6.0,163,1618.0,4.0,5.0,5.0,Green,Cloth,True,True,2.0
119543,12490,2013.0,Diesel,Front Wheel Drive,Manual,5.486510227130129,151,1539.94231635872,3.8257612141004707,5.0,5.0,Grey,Cloth,False,False,1.663126188966392
68203,12400,2022.0,Gasoline,Front Wheel Drive,Manual,5.0,92,999.0,3.0,5.0,5.0,Orange,Other,False,False,1.663126188966392
65106,10500,2021.0,Gasoline,Front Wheel Drive,Manual,5.486510227130129,92,1539.94231635872,3.8257612141004707,5.0,5.0,Grey,Other,False,False,1.663126188966392
81502,8900,2016.0,Gasoline,Front Wheel Drive,Manual,6.0,116,1197.0,4.0,5.0,5.0,Black,Cloth,True,False,1.663126188966392
40600,12800,2018.0,Diesel,Front Wheel Drive,Manual,6.0,110,1461.0,4.0,5.0,5.0,White,Cloth,False,False,1.663126188966392
160000,6700,2013.0,Diesel,Front Wheel Drive,Manual,6.0,131,1598.0,4.0,5.0,5.0,Black,Cloth,True,False,1.0
73386,13950,2017.0,Gasoline,Front Wheel Drive,Manual,5.486510227130129,116,1197.0,4.0,5.0,5.0,Grey,Full leather,False,False,1.663126188966392
118741,12450,2016.0,Gasoline,Front Wheel Drive,Manual,5.486510227130129,116,1197.0,4.0,5.0,5.0,White,Full leather,False,False,1.663126188966392
153419,8950,2017.0,Gasoline,Front Wheel Drive,Manual,5.486510227130129,73,998.0,3.0,5.0,5.0,White,Cloth,False,False,1.663126188966392
71918,8990,2009.0,Gasoline,Front Wheel Drive,Manual,6.0,141,1997.0,4.0,5.0,5.0,Brown,Cloth,False,False,1.663126188966392
66950,13500,2018.0,Gasoline,Front Wheel Drive,Manual,6.0,116,1197.0,4.0,5.0,5.0,Black,Cloth,False,False,1.663126188966392
180913,6950,2008.0,Gasoline,4WD,Manual,6.0,141,1997.0,4.0,5.0,5.0,Black,Full leather,True,False,1.0
102437,11950,2015.0,Gasoline,Front Wheel Drive,Automatic,5.486510227130129,116,1197.0,4.0,5.0,5.0,Red,Cloth,False,False,1.663126188966392
125812,10450,2014.0,Gasoline,Front Wheel Drive,Manual,6.0,116,1197.0,4.0,5.0,5.0,Grey,Cloth,True,False,1.0
84329,10500,2019.0,Gasoline,Front Wheel Drive,Manual,5.0,113,1598.0,4.0,5.0,5.0,White,Cloth,False,False,1.663126188966392
275000,5500,2009.0,Diesel,Front Wheel Drive,Manual,6.0,106,1461.0,4.0,5.0,5.0,White,Cloth,False,False,1.663126188966392
149745,11999,2015.0,Diesel,Front Wheel Drive,Automatic,6.0,131,1598.0,4.0,5.0,5.0,Grey,Cloth,False,False,1.663126188966392
120000,5300,2012.0,Gasoline,Front Wheel Drive,Manual,5.0,80,1198.0,3.0,5.0,5.0,White,Cloth,False,False,1.663126188966392
80140,14450,2014.0,Diesel,Front Wheel Drive,Automatic,6.0,131,1598.0,4.0,5.0,5.0,White,Cloth,False,False,1.663126188966392
299000,8500,2014.0,Diesel,Front Wheel Drive,Manual,6.0,110,1461.0,4.0,5.0,5.0,Grey,Cloth,False,False,1.663126188966392
43372,8944,2014.0,Gasoline,Front Wheel Drive,Automatic,5.486510227130129,82,1198.0,3.0,5.0,5.0,Silver,Cloth,True,False,1.663126188966392
159000,7399,2018.0,Gasoline,Front Wheel Drive,Manual,5.0,71,999.0,3.0,5.0,5.0,Red,Cloth,False,False,2.0
79900,14470,2019.0,Diesel,Front Wheel Drive,Manual,5.0,116,1461.0,4.0,5.0,5.0,White,Cloth,True,False,1.0
124642,9940,2018.0,Gasoline,Front Wheel Drive,Manual,5.486510227130129,90,898.0,3.0,5.0,5.0,Black,Cloth,True,False,1.0
48137,11900,2022.0,Gasoline,Front Wheel Drive,Manual,5.0,92,999.0,3.0,5.0,5.0,White,Other,False,False,1.0
126000,12990,2019.0,Diesel,4WD,Manual,6.0,131,1598.0,4.0,5.0,5.0,White,Cloth,False,False,1.663126188966392
121234,8900,2017.0,LPG,Front Wheel Drive,Manual,5.0,116,1598.0,4.0,5.0,5.0,White,Cloth,False,False,1.663126188966392
134000,5900,2013.0,Diesel,Front Wheel Drive,Manual,5.0,90,1461.0,4.0,5.0,5.0,White,Part leather,True,True,1.0
168000,4350,2007.0,Diesel,Front Wheel Drive,Manual,6.0,106,1461.0,4.0,5.0,5.0,Black,Cloth,False,True,1.663126188966392
46543,11845,2020.0,Electric,Front Wheel Drive,Automatic,5.486510227130129,150,1539.94231635872,3.8257612141004707,5.0,5.0,White,Cloth,True,False,1.663126188966392
85000,9990,2017.0,Diesel,Front Wheel Drive,Manual,6.0,110,1461.0,4.0,5.0,5.0,Black,Cloth,False,False,1.663126188966392
41807,13481,2021.0,Gasoline,Front Wheel Drive,Manual,6.0,114,999.0,3.0,5.0,5.0,White,Cloth,False,True,1.663126188966392
78543,10900,2018.0,Gasoline,Front Wheel Drive,Manual,5.0,90,999.0,3.0,5.0,5.0,White,Cloth,False,False,2.0
96814,10450,2018.0,Gasoline,Front Wheel Drive,Manual,5.486510227130129,90,898.0,3.0,5.0,5.0,Blue,Cloth,False,False,1.663126188966392
77589,13440,2015.0,Gasoline,Front Wheel Drive,Manual,5.486510227130129,116,1197.0,4.0,5.0,5.0,Grey,Cloth,True,False,1.663126188966392
161895,9200,2012.0,Diesel,Front Wheel Drive,Manual,6.0,131,1598.0,4.0,5.0,5.0,Grey,Cloth,False,False,1.663126188966392
151643,5650,2015.0,Electric,Front Wheel Drive,Automatic,5.486510227130129,109,1539.94231635872,3.8257612141004707,5.0,5.0,Blue,Cloth,True,False,1.663126188966392
70934,4990,2009.0,Gasoline,Front Wheel Drive,Manual,5.486510227130129,110,1598.0,4.0,5.0,5.0,Grey,Cloth,False,True,1.663126188966392
141074,12945,2017.0,Gasoline,Front Wheel Drive,Manual,6.0,116,1197.0,4.0,5.0,5.0,Grey,Full leather,True,False,1.663126188966392
96395,9400,2013.0,Diesel,4WD,Automatic,5.486510227130129,150,1995.0,4.0,5.0,5.0,Black,Cloth,True,False,1.0
96008,10990,2014.0,Diesel,Front Wheel Drive,Manual,6.0,110,1461.0,4.0,5.0,5.0,White,Cloth,False,False,1.0
73960,13590,2022.0,Gasoline,Front Wheel Drive,Manual,5.0,92,999.0,3.8257612141004707,5.0,5.0,Silver,Cloth,False,True,1.0
230000,7400,2014.0,Diesel,Front Wheel Drive,Manual,5.486510227130129,110,1461.0,4.0,5.0,5.0,White,Cloth,True,True,1.0
117223,5950,2008.0,Gasoline,Front Wheel Drive,Automatic,5.486510227130129,110,1598.0,4.0,5.0,5.0,Brown,Cloth,True,False,1.663126188966392
186158,4750,2014.0,Diesel,Front Wheel Drive,Manual,5.486510227130129,90,1461.0,4.0,5.0,5.0,Black,Part leather,True,False,1.663126188966392
47000,12400,2021.0,Gasoline,Front Wheel Drive,Automatic,5.0,101,999.0,3.0,5.0,5.0,Silver,Cloth,False,True,1.663126188966392
142549,11810,2021.0,Electric,Front Wheel Drive,Automatic,5.486510227130129,219,1539.94231635872,3.8257612141004707,5.0,5.0,Grey,Cloth,False,False,1.663126188966392
129604,13190,2021.0,Gasoline,Front Wheel Drive,Manual,6.0,140,1332.0,4.0,5.0,5.0,White,Cloth,False,False,1.663126188966392
43942,14800,2020.0,Gasoline,Front Wheel Drive,Manual,6.0,117,999.0,3.0,5.0,5.0,White,Cloth,False,False,1.663126188966392
196000,11500,2017.0,Diesel,Front Wheel Drive,Manual,6.0,110,1461.0,4.0,5.0,5.0,White,Cloth,True,False,2.0
124000,11100,2018.0,Diesel,Front Wheel Drive,Manual,6.0,110,1461.0,4.0,5.0,5.0,White,Cloth,False,False,1.663126188966392
106500,9400,2022.0,LPG,Front Wheel Drive,Manual,5.0,90,999.0,3.0,5.0,5.0,Grey,Other,False,False,1.663126188966392
57000,12900,2022.0,Gasoline,Front Wheel Drive,Manual,5.0,92,999.0,3.0,5.0,5.0,Orange,Cloth,False,False,1.0
82174,14490,2020.0,Diesel,Front Wheel Drive,Automatic,7.0,116,1461.0,4.0,5.0,5.0,Brown,Cloth,False,True,1.0
82267,9500,2019.0,Gasoline,Front Wheel Drive,Manual,5.0,71,999.0,3.0,5.0,5.0,Grey,Cloth,False,False,1.0
85746,14950,2018.0,Gasoline,Front Wheel Drive,Manual,5.486510227130129,116,1197.0,4.0,5.0,5.0,White,Cloth,True,False,1.663126188966392
86723,12900,2020.0,Gasoline,Front Wheel Drive,Manual,6.0,117,999.0,3.0,5.0,5.0,White,Cloth,False,False,1.663126188966392
250802,1944,2010.0,Gasoline,Front Wheel Drive,Manual,5.0,116,1598.0,4.0,5.0,5.0,Grey,Cloth,False,False,1.663126188966392
102239,9950,2017.0,Diesel,Front Wheel Drive,Automatic,6.0,136,1598.0,4.0,5.0,5.0,Black,Full leather,False,False,2.0
110424,9490,2020.0,Gasoline,Front Wheel Drive,Manual,5.486510227130129,102,1199.0,3.0,5.0,5.0,Black,Cloth,True,False,1.0
270327,5990,2016.0,Diesel,Front Wheel Drive,Automatic,6.0,131,1956.0,4.0,5.0,5.0,Grey,Cloth,True,True,1.0
140092,4743,2014.0,Gasoline,Front Wheel Drive,Manual,5.0,86,1229.0,4.0,5.0,5.0,Grey,Cloth,True,False,1.663126188966392
156000,5999,2017.0,Gasoline,Front Wheel Drive,Manual,5.0,90,1398.0,4.0,5.0,5.0,Grey,Cloth,True,True,1.0
248331,2249,2007.0,Gasoline,Front Wheel Drive,Manual,5.486510227130129,90,1364.0,4.0,5.0,5.0,Grey,Cloth,True,False,1.0
218800,5390,2018.0,Diesel,Front Wheel Drive,Manual,6.0,160,1598.0,3.8257612141004707,5.0,5.0,Black,Cloth,False,True,2.0
151400,7000,2016.0,Diesel,Front Wheel Drive,Manual,6.0,110,1598.0,4.0,5.0,5.0,Black,Cloth,False,False,1.663126188966392
210255,2149,2006.0,Gasoline,Front Wheel Drive,Manual,5.486510227130129,105,1598.0,4.0,5.0,5.0,Black,Cloth,False,False,1.0
17500,10500,2022.0,Gasoline,Front Wheel Drive,Manual,5.486510227130129,75,1199.0,3.0,5.0,5.0,Silver,Cloth,True,False,1.663126188966392
99000,12900,2019.0,Diesel,Front Wheel Drive,Manual,6.0,136,1598.0,4.0,5.0,5.0,Grey,Part leather,True,False,1.0
14501,10900,2021.0,Gasoline,Front Wheel Drive,Manual,6.0,101,1199.0,3.0,5.0,5.0,Black,Cloth,False,False,1.663126188966392
140103,7999,2018.0,Diesel,Front Wheel Drive,Automatic,5.486510227130129,136,1598.0,4.0,5.0,5.0,Black,Cloth,True,False,1.0
44998,7950,2017.0,Gasoline,Front Wheel Drive,Manual,6.0,101,1364.0,4.0,5.0,5.0,White,Cloth,True,False,1.663126188966392
201780,3450,2010.0,Gasoline,Front Wheel Drive,Manual,6.0,140,1364.0,4.0,5.0,5.0,Grey,Cloth,False,False,1.663126188966392
120000,6550,2016.0,Diesel,Front Wheel Drive,Manual,5.486510227130129,110,1598.0,4.0,5.0,5.0,Black,Cloth,False,False,1.663126188966392
85000,9900,2020.0,Gasoline,Front Wheel Drive,Manual,5.486510227130129,101,1199.0,3.0,5.0,5.0,Grey,Cloth,True,True,1.0
34287,13990,2020.0,Gasoline,Front Wheel Drive,Manual,6.0,131,1199.0,3.0,5.0,5.0,White,Part leather,False,False,1.663126188966392
146910,7990,2016.0,Gasoline,Front Wheel Drive,Manual,6.0,200,1598.0,3.8257612141004707,5.0,5.0,Red,Part leather,False,True,1.663126188966392
54915,13900,2022.0,Gasoline,Front Wheel Drive,Manual,6.0,101,1199.0,3.0,5.0,5.0,Grey,Cloth,False,False,1.0
225575,4482,2015.0,Gasoline,Front Wheel Drive,Manual,5.0,75,999.0,3.0,5.0,5.0,White,Cloth,False,True,1.0
182119,2350,2009.0,Gasoline,Front Wheel Drive,Manual,5.486510227130129,80,1229.0,4.0,5.0,5.0,Black,Cloth,False,False,1.663126188966392
211580,5490,2017.0,Gasoline,Front Wheel Drive,Manual,6.0,140,1364.0,4.0,5.0,5.0,Black,Cloth,True,False,1.663126188966392
113411,11950,2018.0,Gasoline,Front Wheel Drive,Manual,6.0,131,1199.0,3.0,5.0,5.0,Black,Cloth,True,False,1.663126188966392
254000,3500,2013.0,Diesel,Front Wheel Drive,Manual,6.0,110,1686.0,4.0,5.0,5.0,Silver,Cloth,True,False,1.0
75000,9895,2021.0,Gasoline,Front Wheel Drive,Manual,5.0,75,1199.0,3.0,5.0,5.0,Black,Cloth,True,True,1.0
128000,5990,2014.0,Diesel,Front Wheel Drive,Manual,6.0,110,1686.0,4.0,5.0,5.0,Grey,Part leather,False,True,1.663126188966392
105678,5995,2012.0,Diesel,Front Wheel Drive,Manual,6.0,110,1686.0,4.0,5.0,5.0,Black,Part leather,False,False,2.0
17400,10900,2023.0,Gasoline,Front Wheel Drive,Manual,6.0,75,1199.0,3.0,5.0,5.0,White,Cloth,True,True,1.0
126276,7995,2017.0,Gasoline,Front Wheel Drive,Manual,5.486510227130129,105,999.0,3.0,5.0,5.0,Black,Cloth,False,False,1.663126188966392
252753,6290,2016.0,Diesel,Front Wheel Drive,Automatic,6.0,131,1956.0,4.0,5.0,5.0,Grey,Cloth,True,True,1.0
54700,10490,2017.0,Gasoline,Front Wheel Drive,Manual,5.0,116,1598.0,4.0,5.0,5.0,Orange,Cloth,False,False,2.0
38000,11900,2022.0,Gasoline,Front Wheel Drive,Manual,5.0,83,1199.0,3.0,5.0,5.0,Grey,Cloth,True,True,1.663126188966392
53236,11750,2022.0,Gasoline,Front Wheel Drive,Manual,6.0,101,1199.0,3.0,5.0,5.0,Black,Cloth,True,True,1.0
57000,13900,2022.0,Gasoline,Front Wheel Drive,Manual,6.0,101,1199.0,3.0,5.0,5.0,Grey,Cloth,False,False,1.663126188966392
189000,5990,2016.0,Gasoline,Front Wheel Drive,Manual,6.0,125,1399.0,4.0,5.0,5.0,Black,Cloth,False,True,2.0
52158,9890,2021.0,Gasoline,Front Wheel Drive,Manual,6.0,101,1199.0,3.0,5.0,5.0,White,Cloth,False,False,1.663126188966392
89500,3999,2009.0,Gasoline,Front Wheel Drive,Manual,5.0,105,1539.94231635872,4.0,5.0,5.0,Blue,Cloth,True,True,2.0
80000,6999,2017.0,Gasoline,Front Wheel Drive,Manual,6.0,116,999.0,3.0,5.0,5.0,Grey,Cloth,True,True,2.0
29700,11990,2021.0,Gasoline,Front Wheel Drive,Manual,6.0,101,1199.0,3.0,5.0,5.0,Black,Cloth,True,True,1.0
45211,13590,2023.0,Gasoline,Front Wheel Drive,Manual,6.0,110,1199.0,3.0,5.0,5.0,White,Cloth,False,True,1.0
78646,13290,2019.0,Diesel,Front Wheel Drive,Automatic,6.0,136,1598.0,4.0,5.0,5.0,Black,Full leather,True,True,2.0
117000,4500,2012.0,Diesel,Front Wheel Drive,Manual,5.0,95,1248.0,4.0,5.0,5.0,Grey,Cloth,True,False,1.0
50000,14890,2022.0,Diesel,Front Wheel Drive,Manual,6.0,110,1499.0,4.0,5.0,5.0,Black,Cloth,False,True,1.0
15113,14990,2025.0,Gasoline,Front Wheel Drive,Manual,5.486510227130129,101,1199.0,3.0,5.0,5.0,Black,Cloth,False,False,1.663126188966392
139295,8250,2014.0,Gasoline,Front Wheel Drive,Manual,6.0,140,1364.0,4.0,5.0,5.0,Blue,Cloth,False,False,2.0
55550,12100,2021.0,Gasoline,Front Wheel Drive,Manual,5.0,110,1199.0,3.0,5.0,5.0,Grey,alcantara,True,True,1.0
167102,3200,2009.0,Gasoline,Front Wheel Drive,Automatic,5.486510227130129,105,1598.0,4.0,5.0,5.0,Grey,Part leather,True,True,1.663126188966392
153000,3300,2012.0,Diesel,Front Wheel Drive,Manual,6.0,110,1686.0,4.0,5.0,5.0,Black,Part leather,True,False,2.0
170398,5749,2015.0,Gasoline,Front Wheel Drive,Manual,6.0,120,1364.0,4.0,5.0,5.0,Black,Cloth,True,False,1.0
110000,6900,2016.0,Diesel,Front Wheel Drive,Manual,6.0,110,1598.0,4.0,5.0,5.0,Grey,Cloth,True,False,1.0
140000,6000,2015.0,LPG,Front Wheel Drive,Manual,5.0,90,1398.0,4.0,5.0,5.0,Grey,Cloth,False,False,1.663126188966392
42450,13980,2022.0,Gasoline,Front Wheel Drive,Manual,6.0,131,1199.0,3.0,5.0,5.0,Blue,Cloth,False,False,2.0
166000,6950,2019.0,CNG,Front Wheel Drive,Manual,6.0,110,1399.0,4.0,5.0,5.0,Silver,Cloth,True,True,1.0
49711,5699,2014.0,Gasoline,Front Wheel Drive,Manual,5.0,65,998.0,4.0,5.0,5.0,Blue,Cloth,True,True,1.0
83912,13149,2019.0,Gasoline,Front Wheel Drive,Manual,5.486510227130129,131,1199.0,3.8257612141004707,5.0,5.0,Grey,Cloth,False,True,2.0
66330,13990,2021.0,Gasoline,Front Wheel Drive,Manual,6.0,131,1199.0,3.8257612141004707,5.0,5.0,Grey,Cloth,True,True,2.0
161000,2800,2007.0,Gasoline,Front Wheel Drive,Manual,5.486510227130129,105,1598.0,4.0,5.0,5.0,Silver,Cloth,False,False,1.663126188966392
144000,5299,2010.0,Gasoline,Front Wheel Drive,Manual,6.0,179,1539.94231635872,4.0,5.0,5.0,Black,Cloth,True,True,2.0
154637,8500,2019.0,Diesel,Front Wheel Drive,Manual,6.0,150,1598.0,4.0,5.0,5.0,Grey,Cloth,False,True,1.0
132923,11899,2020.0,Diesel,Front Wheel Drive,Manual,6.0,136,1598.0,4.0,5.0,5.0,Grey,Cloth,False,False,2.0
200955,1900,2004.0,Gasoline,Front Wheel Drive,Manual,5.486510227130129,101,1598.0,4.0,5.0,5.0,Black,Cloth,False,True,2.0
69244,14999,2017.0,Gasoline,Front Wheel Drive,Manual,6.0,165,1490.0,4.0,5.0,5.0,Black,Part leather,True,True,1.0
246746,1390,2004.0,Diesel,Front Wheel Drive,Manual,5.0,101,1686.0,4.0,5.0,5.0,Grey,Part leather,False,False,1.663126188966392
51200,14890,2022.0,Gasoline,Front Wheel Drive,Manual,6.0,131,1199.0,3.0,5.0,5.0,White,Cloth,False,True,2.0
91177,8990,2021.0,Gasoline,Front Wheel Drive,Manual,5.0,83,1199.0,3.0,5.0,5.0,White,Other,False,False,1.663126188966392
114645,12499,2020.0,Diesel,Front Wheel Drive,Manual,5.486510227130129,136,1598.0,4.0,5.0,5.0,Grey,Part leather,False,False,1.0
130000,12900,2020.0,Diesel,Front Wheel Drive,Automatic,6.0,136,1598.0,4.0,5.0,5.0,Black,Cloth,False,False,1.0
68000,7450,2017.0,Gasoline,Front Wheel Drive,Manual,6.0,90,998.0,3.0,5.0,5.0,Grey,Cloth,False,False,1.663126188966392
80350,8489,2018.0,Gasoline,Front Wheel Drive,Manual,5.0,90,1398.0,4.0,5.0,5.0,Black,Cloth,True,True,2.0
103718,8500,2019.0,Diesel,Front Wheel Drive,Manual,5.486510227130129,102,1499.0,3.8257612141004707,5.0,5.0,Grey,Cloth,False,False,1.663126188966392
121556,7148,2017.0,Diesel,Front Wheel Drive,Manual,6.0,110,1598.0,4.0,5.0,5.0,Grey,Cloth,False,True,1.663126188966392
186098,6950,2016.0,Gasoline,Front Wheel Drive,Manual,5.0,105,999.0,3.0,5.0,5.0,Grey,Cloth,True,False,2.0
13000,4790,2009.0,Gasoline,Front Wheel Drive,Manual,5.0,86,1242.0,4.0,5.0,5.0,Silver,Cloth,False,True,1.0
100000,9600,2019.0,LPG,Front Wheel Drive,Manual,6.0,140,1364.0,4.0,5.0,5.0,Black,Cloth,False,True,1.663126188966392
125430,11490,2017.0,Gasoline,Front Wheel Drive,Automatic,5.486510227130129,140,1364.0,4.0,5.0,5.0,Black,Part leather,True,True,2.0
174969,7989,2016.0,Diesel,Front Wheel Drive,Automatic,6.0,136,1539.94231635872,4.0,5.0,5.0,Brown,Part leather,True,True,2.0
136636,4800,2007.0,Gasoline,Front Wheel Drive,Manual,5.0,105,1598.0,4.0,5.0,5.0,Grey,Cloth,False,False,1.663126188966392
62879,12990,2022.0,Gasoline,Front Wheel Drive,Manual,6.0,101,1199.0,3.0,5.0,5.0,Grey,Cloth,False,False,1.663126188966392
120141,6943,2014.0,Gasoline,Front Wheel Drive,Manual,6.0,120,1364.0,4.0,5.0,5.0,Grey,Cloth,True,False,2.0
81481,13500,2023.0,Gasoline,Front Wheel Drive,Manual,5.486510227130129,101,1199.0,3.0,5.0,5.0,White,Cloth,False,False,1.0
97000,13980,2019.0,Diesel,Front Wheel Drive,Automatic,6.0,136,1598.0,4.0,5.0,5.0,White,Cloth,True,True,1.0
96800,9490,2021.0,Gasoline,Front Wheel Drive,Manual,6.0,101,1199.0,3.0,5.0,5.0,Grey,Cloth,True,True,1.0
109486,9399,2018.0,Gasoline,Front Wheel Drive,Manual,5.486510227130129,140,1364.0,3.8257612141004707,5.0,5.0,White,Full leather,False,True,2.0
71200,9950,2016.0,Gasoline,Front Wheel Drive,Manual,5.486510227130129,105,999.0,3.8257612141004707,5.0,5.0,Grey,Cloth,False,True,1.0
73354,10900,2021.0,Gasoline,Front Wheel Drive,Manual,6.0,101,1539.94231635872,3.0,5.0,5.0,Black,Cloth,True,True,1.0
88781,9990,2019.0,Diesel,Front Wheel Drive,Automatic,6.0,120,1499.0,4.0,5.0,5.0,Blue,Part leather,False,False,1.0
121985,7000,2013.0,Gasoline,Front Wheel Drive,Manual,6.0,140,1364.0,4.0,5.0,5.0,Grey,Velour,True,False,1.663126188966392
15000,14995,2024.0,Gasoline,Front Wheel Drive,Manual,6.0,101,1199.0,3.0,5.0,5.0,Black,Cloth,True,True,1.663126188966392
91000,12900,2019.0,Gasoline,Front Wheel Drive,Manual,6.0,131,1199.0,3.0,5.0,5.0,Grey,Cloth,False,False,1.0
98769,12989,2019.0,Gasoline,Front Wheel Drive,Automatic,6.0,136,1598.0,4.0,5.0,5.0,White,Cloth,True,True,2.0
49255,11990,2019.0,Gasoline,Front Wheel Drive,Automatic,5.486510227130129,90,1398.0,4.0,5.0,5.0,Grey,Cloth,True,True,1.0
178000,3500,2011.0,Diesel,Front Wheel Drive,Manual,5.0,75,1248.0,4.0,5.0,5.0,Black,Cloth,True,False,1.0
108400,13995,2019.0,Gasoline,Front Wheel Drive,Automatic,6.0,131,1199.0,3.0,5.0,5.0,White,Full leather,False,False,2.0
42771,11378,2021.0,Gasoline,Front Wheel Drive,Manual,5.0,75,1199.0,3.0,5.0,5.0,Black,Cloth,True,True,2.0
118000,8980,2017.0,Gasoline,Front Wheel Drive,Manual,6.0,150,1399.0,4.0,5.0,5.0,Black,Other,True,True,2.0
168889,3950,2011.0,Gasoline,Front Wheel Drive,Manual,5.0,120,1364.0,4.0,5.0,5.0,Black,Part leather,True,False,1.0
74476,9990,2021.0,Gasoline,Front Wheel Drive,Manual,5.486510227130129,75,1199.0,3.0,5.0,5.0,Black,Cloth,False,False,1.663126188966392
71665,8450,2016.0,LPG,Front Wheel Drive,Manual,5.0,90,1398.0,4.0,5.0,5.0,Grey,Other,False,False,1.0
67839,13240,2019.0,Gasoline,Front Wheel Drive,Automatic,6.0,150,1399.0,4.0,5.0,5.0,White,Other,True,True,2.0
99857,10500,2019.0,Diesel,Front Wheel Drive,Manual,6.0,110,1598.0,4.0,5.0,5.0,Grey,Cloth,False,True,2.0
20210,14950,2024.0,Gasoline,Front Wheel Drive,Manual,5.0,75,1199.0,3.0,5.0,5.0,Silver,Part leather,False,False,1.663126188966392
74706,12990,2022.0,Gasoline,Front Wheel Drive,Manual,5.486510227130129,101,1199.0,3.0,5.0,5.0,Green,Cloth,False,False,1.0
41950,9990,2016.0,Gasoline,Front Wheel Drive,Manual,5.0,105,999.0,3.0,5.0,5.0,Green,Cloth,False,True,2.0
175920,6950,2016.0,Gasoline,Front Wheel Drive,Manual,5.486510227130129,105,999.0,3.0,5.0,5.0,Grey,Cloth,True,False,1.663126188966392
47700,12950,2021.0,Gasoline,Front Wheel Drive,Manual,5.486510227130129,110,1199.0,3.8257612141004707,5.0,5.0,White,Cloth,True,True,1.0
91784,9499,2022.0,Gasoline,Front Wheel Drive,Manual,5.0,75,1199.0,3.0,5.0,5.0,Red,Cloth,True,True,1.0
55842,12445,2017.0,Gasoline,Front Wheel Drive,Manual,6.0,150,1399.0,4.0,5.0,5.0,Grey,Cloth,True,False,1.663126188966392
93300,9900,2017.0,Gasoline,Front Wheel Drive,Manual,5.0,110,1199.0,3.0,5.0,5.0,Red,Cloth,False,False,1.0
52683,13890,2019.0,Gasoline,Front Wheel Drive,Manual,6.0,140,1364.0,4.0,5.0,5.0,White,Part leather,False,True,2.0
110696,9940,2018.0,Gasoline,Front Wheel Drive,Manual,6.0,131,1199.0,3.0,5.0,5.0,Grey,Cloth,True,False,1.663126188966392
135918,10500,2016.0,Diesel,Front Wheel Drive,Automatic,6.0,170,1956.0,4.0,5.0,5.0,Brown,Part leather,True,True,1.0
39000,13000,2021.0,Gasoline,Front Wheel Drive,Manual,6.0,110,1199.0,3.0,5.0,5.0,Blue,Cloth,True,True,1.0
108000,10950,2018.0,Gasoline,4WD,Manual,6.0,150,1399.0,4.0,5.0,5.0,Grey,Cloth,False,True,2.0
165744,8999,2019.0,Gasoline,Front Wheel Drive,Manual,6.0,111,1199.0,3.0,5.0,5.0,White,Cloth,True,False,1.663126188966392
11522,14200,2024.0,Gasoline,Front Wheel Drive,Manual,5.0,75,1199.0,3.0,5.0,5.0,Black,Cloth,False,False,1.663126188966392
54268,13190,2023.0,Gasoline,Front Wheel Drive,Manual,6.0,110,1199.0,3.0,5.0,5.0,White,Cloth,False,True,1.0
27538,14950,2020.0,Gasoline,Front Wheel Drive,Manual,6.0,110,1199.0,3.0,5.0,5.0,Grey,Cloth,False,False,1.0
96370,11000,2020.0,Diesel,Front Wheel Drive,Manual,6.0,122,1496.0,3.0,5.0,5.0,Blue,alcantara,False,True,2.0
42169,14990,2021.0,Diesel,Front Wheel Drive,Manual,6.0,131,1499.0,4.0,5.0,5.0,Grey,Cloth,False,False,1.663126188966392
131840,9490,2022.0,Gasoline,Front Wheel Drive,Manual,5.486510227130129,75,1199.0,3.0,5.0,5.0,Black,Cloth,False,False,1.663126188966392
29443,10288,2019.0,Gasoline,Front Wheel Drive,Manual,5.0,69,1229.0,4.0,5.0,5.0,White,Cloth,False,True,1.0
27225,13980,2021.0,Gasoline,Front Wheel Drive,Manual,6.0,110,1199.0,3.0,5.0,5.0,Grey,Cloth,False,False,1.0
91500,14890,2021.0,Gasoline,Front Wheel Drive,Manual,6.0,131,1199.0,3.0,5.0,5.0,Grey,Full leather,True,False,2.0
42576,14800,2022.0,Gasoline,Front Wheel Drive,Manual,6.0,101,1199.0,3.0,5.0,5.0,Red,Cloth,False,False,2.0
38000,14900,2022.0,Electric,Front Wheel Drive,Automatic,5.486510227130129,77,1539.94231635872,3.8257612141004707,5.0,5.0,White,Part leather,True,True,1.0
126000,8300,2017.0,Gasoline,Front Wheel Drive,Semi-automatic,5.0,105,999.0,3.0,5.0,5.0,Grey,Cloth,True,True,2.0
148392,7700,2019.0,Gasoline,Front Wheel Drive,Manual,5.0,73,999.0,3.0,5.0,5.0,Grey,Cloth,False,False,1.0
206552,2500,2008.0,Gasoline,Front Wheel Drive,Manual,5.0,80,1229.0,4.0,5.0,5.0,Grey,Cloth,True,False,1.663126188966392
162529,5750,2010.0,Gasoline,Front Wheel Drive,Manual,6.0,179,1598.0,4.0,5.0,5.0,Grey,Cloth,True,False,1.663126188966392
27000,12290,2021.0,Gasoline,Front Wheel Drive,Manual,6.0,101,1199.0,3.0,5.0,5.0,White,Cloth,True,True,1.0
1810,14990,2024.0,Gasoline,Front Wheel Drive,Manual,6.0,101,1199.0,3.0,5.0,5.0,Silver,Cloth,True,False,1.0
47968,11890,2019.0,Gasoline,Front Wheel Drive,Manual,6.0,110,1199.0,3.0,5.0,5.0,Grey,Cloth,True,False,1.663126188966392
132000,7500,2015.0,Diesel,Front Wheel Drive,Automatic,6.0,131,1686.0,4.0,5.0,5.0,Black,Cloth,False,False,1.0
21900,14990,2023.0,Gasoline,Front Wheel Drive,Manual,6.0,101,1199.0,3.0,5.0,5.0,White,Cloth,True,False,2.0
134046,11990,2020.0,Diesel,Front Wheel Drive,Automatic,6.0,120,1539.94231635872,4.0,5.0,5.0,White,Part leather,True,True,1.0
54004,9990,2019.0,Gasoline,Front Wheel Drive,Manual,5.0,73,999.0,3.0,5.0,5.0,Silver,Cloth,True,True,2.0
230750,1690,2003.0,Gasoline,Front Wheel Drive,Manual,5.0,101,1598.0,4.0,5.0,5.0,Blue,Cloth,True,True,1.0
75276,14900,2016.0,Gasoline,Front Wheel Drive,Manual,6.0,140,1364.0,4.0,5.0,5.0,Black,Cloth,True,True,1.0
75879,8140,2015.0,Gasoline,Front Wheel Drive,Manual,6.0,140,1364.0,4.0,5.0,5.0,Brown,Cloth,False,False,1.663126188966392
89563,14590,2022.0,Diesel,Front Wheel Drive,Manual,5.0,102,1499.0,4.0,5.0,5.0,Grey,Other,False,False,1.663126188966392
42358,14985,2021.0,Gasoline,Front Wheel Drive,Manual,6.0,110,1199.0,3.0,5.0,5.0,Blue,Part leather,True,True,1.0
150000,10490,2017.0,Gasoline,Front Wheel Drive,Manual,6.0,140,1490.0,4.0,5.0,5.0,White,Full leather,False,True,1.663126188966392
141640,7700,2015.0,Diesel,Front Wheel Drive,Manual,6.0,136,1598.0,4.0,5.0,5.0,Black,Full leather,False,True,1.0
59100,14250,2021.0,Gasoline,Front Wheel Drive,Manual,6.0,101,1199.0,3.0,5.0,5.0,Grey,Cloth,False,False,2.0
35000,14290,2021.0,Gasoline,Front Wheel Drive,Manual,6.0,101,1199.0,3.0,5.0,5.0,Black,Other,False,False,1.663126188966392
149000,6500,2016.0,Gasoline,Front Wheel Drive,Manual,5.0,69,1229.0,4.0,5.0,5.0,White,Cloth,True,True,1.0
77518,14940,2018.0,Gasoline,Front Wheel Drive,Manual,5.486510227130129,131,1199.0,3.0,5.0,5.0,Grey,Cloth,True,False,1.663126188966392
63999,10500,2019.0,Gasoline,Front Wheel Drive,Manual,6.0,131,1199.0,3.0,5.0,5.0,Grey,Cloth,False,False,1.663126188966392
88170,12950,2023.0,Gasoline,Front Wheel Drive,Manual,6.0,101,1199.0,3.0,5.0,5.0,White,Cloth,True,True,1.0
195300,4300,2013.0,Gasoline,Front Wheel Drive,Manual,5.486510227130129,86,1229.0,4.0,5.0,5.0,Black,Cloth,False,False,1.663126188966392
25000,12980,2023.0,Gasoline,Front Wheel Drive,Manual,5.0,75,1199.0,3.0,5.0,5.0,Silver,Cloth,False,True,1.0
104010,12750,2019.0,Gasoline,Front Wheel Drive,Manual,6.0,131,1199.0,3.8257612141004707,5.0,5.0,White,Part leather,False,False,1.663126188966392
45446,12890,2022.0,Gasoline,Front Wheel Drive,Manual,6.0,101,1199.0,3.0,5.0,5.0,White,Part leather,True,True,1.0
80884,12900,2020.0,Diesel,Front Wheel Drive,Manual,6.0,136,1598.0,4.0,5.0,5.0,Grey,Cloth,True,True,1.0
170000,7990,2017.0,Diesel,Front Wheel Drive,Manual,6.0,116,1560.0,4.0,5.0,5.0,Grey,Part leather,True,True,2.0
177800,6500,2015.0,Diesel,Front Wheel Drive,Manual,6.0,110,1598.0,4.0,5.0,5.0,Black,Part leather,False,True,1.663126188966392
42137,10690,2019.0,Gasoline,Front Wheel Drive,Manual,5.0,69,1229.0,4.0,5.0,5.0,Silver,Cloth,True,True,2.0
13213,13900,2024.0,Gasoline,Front Wheel Drive,Manual,6.0,101,1199.0,3.0,5.0,5.0,Black,Cloth,False,False,1.663126188966392
51500,6870,2012.0,Gasoline,Front Wheel Drive,Manual,5.0,87,1398.0,4.0,5.0,5.0,Grey,Cloth,False,True,2.0
248278,2195,2012.0,Diesel,Front Wheel Drive,Manual,5.486510227130129,95,1248.0,4.0,5.0,5.0,White,Cloth,True,False,1.663126188966392
94168,12980,2018.0,Gasoline,Front Wheel Drive,Automatic,6.0,140,1364.0,4.0,5.0,5.0,Brown,Cloth,False,True,2.0
23396,14490,2020.0,Gasoline,Front Wheel Drive,Manual,6.0,110,1199.0,3.0,5.0,5.0,White,Cloth,True,True,2.0
53800,11190,2021.0,Gasoline,Front Wheel Drive,Manual,6.0,110,1539.94231635872,3.0,5.0,5.0,Grey,Cloth,True,True,1.0
53500,11450,2021.0,Gasoline,Front Wheel Drive,Manual,6.0,110,1199.0,3.0,5.0,5.0,Blue,Cloth,True,True,1.0
102008,13380,2022.0,Gasoline,Front Wheel Drive,Automatic,5.486510227130129,131,1199.0,3.0,5.0,5.0,Blue,Cloth,False,False,1.0
215930,1490,2009.0,Diesel,Front Wheel Drive,Manual,5.0,75,1248.0,4.0,5.0,5.0,White,Cloth,False,False,1.663126188966392
85276,11900,2020.0,Gasoline,Front Wheel Drive,Manual,6.0,110,1199.0,3.0,5.0,5.0,Blue,Cloth,True,False,1.663126188966392
19492,12991,2025.0,Gasoline,Front Wheel Drive,Manual,6.0,101,1199.0,3.0,5.0,5.0,Black,Cloth,False,True,1.663126188966392
124500,8980,2016.0,Gasoline,Front Wheel Drive,Manual,6.0,140,1364.0,4.0,5.0,5.0,Grey,Other,False,True,2.0
146773,8450,2017.0,Gasoline,Front Wheel Drive,Manual,5.0,105,999.0,3.0,5.0,5.0,Black,Part leather,True,False,1.0
54314,8999,2017.0,Gasoline,Front Wheel Drive,Manual,5.0,69,1229.0,4.0,5.0,5.0,Grey,Cloth,True,False,1.0
100000,13900,2020.0,Diesel,Front Wheel Drive,Manual,6.0,102,1539.94231635872,4.0,5.0,5.0,Grey,Cloth,True,False,1.0
82200,12999,2021.0,Diesel,Front Wheel Drive,Manual,6.0,122,1496.0,3.0,5.0,5.0,Black,Cloth,True,True,1.0
97200,14900,2020.0,Diesel,Front Wheel Drive,Automatic,6.0,136,1598.0,4.0,5.0,5.0,Grey,Cloth,True,False,1.0
55327,14999,2019.0,Gasoline,Front Wheel Drive,Manual,6.0,110,1199.0,3.0,5.0,5.0,Blue,Cloth,True,True,1.0
94410,14900,2018.0,Diesel,Front Wheel Drive,Manual,5.0,102,1499.0,4.0,5.0,5.0,Grey,Cloth,False,False,1.663126188966392
51804,14590,2018.0,Gasoline,Front Wheel Drive,Automatic,6.0,131,1199.0,3.0,5.0,5.0,Grey,Cloth,True,True,1.0
62169,12412,2017.0,Gasoline,Front Wheel Drive,Manual,6.0,131,1199.0,3.0,5.0,5.0,White,Cloth,False,True,1.0
93394,10990,2021.0,Diesel,Front Wheel Drive,Manual,6.0,105,1496.0,3.0,5.0,5.0,Blue,Part leather,True,True,1.0
12638,13900,2024.0,Gasoline,Front Wheel Drive,Manual,6.0,101,1199.0,3.0,5.0,5.0,Red,Cloth,False,False,1.663126188966392
103700,4900,2010.0,Gasoline,Front Wheel Drive,Manual,5.0,101,1398.0,3.8257612141004707,5.0,5.0,Blue,Cloth,True,False,1.663126188966392
73822,11500,2022.0,Gasoline,Front Wheel Drive,Manual,5.486510227130129,110,1199.0,3.0,5.0,5.0,Red,Cloth,True,True,1.0
5169,14950,2023.0,Gasoline,Front Wheel Drive,Manual,6.0,101,1199.0,3.0,5.0,5.0,White,Cloth,False,False,1.663126188966392
173692,9450,2017.0,Gasoline,Front Wheel Drive,Manual,6.0,150,1398.0,4.0,5.0,5.0,Black,Part leather,True,False,2.0
165400,3980,2011.0,Gasoline,Front Wheel Drive,Manual,6.0,140,1364.0,4.0,5.0,5.0,Grey,Cloth,False,False,2.0
180100,7500,2015.0,Diesel,4WD,Manual,6.0,136,1598.0,4.0,5.0,5.0,White,Part leather,False,False,1.663126188966392
47392,11470,2022.0,Gasoline,Front Wheel Drive,Manual,5.0,75,1199.0,3.0,5.0,5.0,Red,Cloth,True,True,1.0
63197,12990,2021.0,Gasoline,Front Wheel Drive,Manual,5.0,83,1199.0,3.0,5.0,5.0,Blue,Full leather,True,True,1.0
127330,9450,2016.0,Gasoline,Front Wheel Drive,Manual,5.486510227130129,140,1364.0,4.0,5.0,5.0,Black,Full leather,True,False,1.663126188966392
55348,7990,2010.0,Diesel,Front Wheel Drive,Automatic,6.0,101,1686.0,4.0,5.0,5.0,Grey,Part leather,False,False,1.0
188496,4950,2011.0,Gasoline,Front Wheel Drive,Automatic,5.0,86,1229.0,4.0,5.0,5.0,Black,Part leather,True,False,1.663126188966392
39000,11900,2022.0,Gasoline,Front Wheel Drive,Manual,5.486510227130129,110,1199.0,3.0,5.0,5.0,Grey,Part leather,True,True,1.0
55799,12950,2018.0,Gasoline,Front Wheel Drive,Manual,5.486510227130129,150,1399.0,3.8257612141004707,5.0,5.0,Silver,Cloth,True,True,1.663126188966392
52789,11490,2022.0,Gasoline,Front Wheel Drive,Manual,5.486510227130129,101,1199.0,3.0,5.0,5.0,White,Cloth,False,False,1.663126188966392
75000,13777,2018.0,Gasoline,Front Wheel Drive,Manual,6.0,131,1539.94231635872,3.0,5.0,5.0,Black,Cloth,True,True,2.0
44400,14900,2020.0,Gasoline,Front Wheel Drive,Manual,6.0,145,1539.94231635872,3.0,5.0,5.0,White,Cloth,True,True,1.0
54000,14800,2019.0,Gasoline,Front Wheel Drive,Manual,6.0,131,1199.0,3.8257612141004707,5.0,5.0,Silver,Cloth,True,False,1.663126188966392
17000,14900,2024.0,Gasoline,Front Wheel Drive,Manual,6.0,110,1199.0,3.0,5.0,5.0,Black,Part leather,False,False,1.663126188966392
85453,9800,2019.0,Gasoline,Front Wheel Drive,Manual,5.486510227130129,110,1199.0,3.0,5.0,5.0,Blue,Cloth,False,True,1.0
112000,10990,2019.0,Diesel,Front Wheel Drive,Manual,6.0,110,1598.0,4.0,5.0,5.0,Black,Cloth,True,True,2.0
25756,14850,2024.0,Gasoline,Front Wheel Drive,Manual,6.0,101,1199.0,3.0,5.0,5.0,White,Part leather,True,True,1.0
61666,9450,2016.0,Gasoline,Front Wheel Drive,Manual,5.486510227130129,120,1364.0,3.8257612141004707,5.0,5.0,Blue,Cloth,False,True,1.0
137191,10900,2016.0,Diesel,4WD,Manual,6.0,136,1598.0,4.0,5.0,5.0,White,Part leather,False,False,1.663126188966392
39281,14650,2023.0,Gasoline,Front Wheel Drive,Manual,6.0,110,1199.0,3.0,5.0,5.0,Silver,Cloth,True,True,2.0
23000,12450,2022.0,Gasoline,Front Wheel Drive,Manual,5.0,75,1199.0,3.0,5.0,5.0,White,Cloth,False,True,1.0
68220,13990,2020.0,Gasoline,Front Wheel Drive,Automatic,5.486510227130129,145,1539.94231635872,3.0,5.0,5.0,Black,Cloth,True,False,2.0
66353,13990,2019.0,Diesel,Front Wheel Drive,Manual,6.0,136,1598.0,4.0,5.0,5.0,Grey,Cloth,False,False,1.663126188966392
112625,13900,2019.0,Diesel,Front Wheel Drive,Automatic,6.0,131,1499.0,4.0,5.0,5.0,Red,Part leather,False,False,1.0
25446,13100,2018.0,Gasoline,Front Wheel Drive,Manual,5.486510227130129,140,1364.0,3.8257612141004707,5.0,5.0,Brown,Cloth,False,True,2.0
22000,12900,2023.0,Gasoline,Front Wheel Drive,Manual,5.0,75,1199.0,3.0,5.0,5.0,Black,Part leather,True,False,1.663126188966392
63600,11700,2019.0,Diesel,Front Wheel Drive,Manual,6.0,110,1539.94231635872,3.0,5.0,5.0,Blue,Cloth,True,True,2.0
163500,14990,2022.0,Diesel,Front Wheel Drive,Manual,6.0,174,1995.0,3.8257612141004707,5.0,5.0,Silver,Velour,False,True,1.663126188966392
80197,10250,2021.0,Gasoline,Front Wheel Drive,Manual,5.0,75,1200.0,3.0,5.0,5.0,Grey,Cloth,False,False,1.0
81278,11250,2022.0,Gasoline,Front Wheel Drive,Manual,6.0,110,1199.0,3.0,5.0,5.0,Black,Cloth,True,True,1.0
60103,7990,2017.0,Gasoline,Front Wheel Drive,Manual,6.0,90,999.0,3.8257612141004707,5.0,5.0,Grey,Velour,False,False,1.0
184888,4849,2013.0,Gasoline,Front Wheel Drive,Manual,5.0,101,1398.0,4.0,5.0,5.0,Black,Cloth,True,False,1.663126188966392
15286,14950,2024.0,Gasoline,Front Wheel Drive,Manual,5.0,75,1199.0,3.8257612141004707,5.0,5.0,Grey,Cloth,True,True,1.0
80947,10140,2017.0,Gasoline,Front Wheel Drive,Manual,5.486510227130129,140,1364.0,3.8257612141004707,5.0,5.0,Blue,Cloth,False,True,2.0
61809,13950,2023.0,Gasoline,Front Wheel Drive,Manual,6.0,101,1199.0,3.0,5.0,5.0,White,Cloth,True,True,1.0
135823,9980,2017.0,Gasoline,Front Wheel Drive,Manual,6.0,140,1364.0,4.0,5.0,5.0,Orange,Cloth,False,False,1.0
95524,12000,2019.0,Diesel,Front Wheel Drive,Manual,6.0,110,1598.0,4.0,5.0,5.0,White,Cloth,False,True,1.0
45255,12450,2021.0,Gasoline,Front Wheel Drive,Manual,6.0,101,1199.0,3.0,5.0,5.0,Black,Cloth,False,False,1.0
42250,12450,2017.0,Gasoline,Front Wheel Drive,Manual,6.0,125,1399.0,4.0,5.0,5.0,Black,Cloth,False,True,2.0
9584,14990,2024.0,Gasoline,Front Wheel Drive,Manual,5.0,75,1199.0,3.0,5.0,5.0,White,Cloth,False,True,1.0
55006,12990,2022.0,Gasoline,Front Wheel Drive,Manual,6.0,110,1199.0,3.0,5.0,5.0,Black,Cloth,True,True,1.0
19999,14950,2024.0,Gasoline,Front Wheel Drive,Manual,6.0,101,1199.0,3.0,5.0,5.0,Grey,Cloth,True,True,1.0
176659,9700,2020.0,Gasoline,Front Wheel Drive,Manual,6.0,101,1199.0,3.0,5.0,5.0,Silver,Cloth,True,False,1.0
160772,8250,2014.0,Gasoline,Front Wheel Drive,Manual,5.486510227130129,140,1364.0,4.0,5.0,5.0,Black,Cloth,True,False,1.663126188966392
60000,14900,2023.0,Gasoline,Front Wheel Drive,Automatic,6.0,131,1199.0,3.0,5.0,5.0,Black,Part leather,True,True,1.0
62250,14900,2021.0,Gasoline,Front Wheel Drive,Manual,6.0,101,1199.0,3.0,5.0,5.0,White,Cloth,False,False,1.0
181400,7950,2018.0,Diesel,Front Wheel Drive,Automatic,6.0,131,1956.0,4.0,5.0,5.0,White,Cloth,True,True,2.0
141031,4980,2014.0,Diesel,Front Wheel Drive,Manual,5.0,75,1248.0,4.0,5.0,5.0,Silver,Cloth,False,True,1.663126188966392
249304,1150,2003.0,Gasoline,Front Wheel Drive,Manual,5.486510227130129,87,1598.0,4.0,5.0,5.0,Grey,Cloth,False,False,1.663126188966392
140000,8000,2019.0,Gasoline,Front Wheel Drive,Manual,5.0,83,1199.0,3.0,5.0,5.0,Grey,Other,False,False,1.663126188966392
6264,14990,2024.0,Gasoline,Front Wheel Drive,Manual,5.0,75,1199.0,3.0,5.0,5.0,Red,Cloth,False,False,1.0
93488,10950,2015.0,Gasoline,4WD,Manual,6.0,140,1364.0,4.0,5.0,5.0,Silver,Full leather,False,False,2.0
55895,14990,2017.0,Gasoline,4WD,Manual,5.486510227130129,140,1364.0,3.8257612141004707,5.0,5.0,Black,Full leather,True,True,1.663126188966392
46741,14490,2022.0,Gasoline,Front Wheel Drive,Manual,6.0,131,1199.0,3.0,5.0,5.0,Black,Part leather,False,True,1.0
89000,9500,2023.0,Gasoline,Front Wheel Drive,Manual,5.486510227130129,110,1199.0,3.0,5.0,5.0,White,Part leather,False,False,1.663126188966392
124126,10149,2020.0,Gasoline,Front Wheel Drive,Manual,5.486510227130129,101,1199.0,3.8257612141004707,5.0,5.0,Grey,Cloth,False,True,1.0
52200,10980,2020.0,Gasoline,Front Wheel Drive,Manual,5.0,75,1199.0,3.0,5.0,5.0,Red,Cloth,False,True,2.0
31326,11990,2022.0,Gasoline,Front Wheel Drive,Manual,5.486510227130129,75,1199.0,3.0,5.0,5.0,Red,Cloth,False,False,1.663126188966392
76281,9995,2016.0,Gasoline,Front Wheel Drive,Manual,6.0,140,1364.0,3.8257612141004707,5.0,5.0,Grey,Cloth,True,True,1.0
154935,3950,2011.0,Gasoline,Front Wheel Drive,Manual,5.486510227130129,120,1364.0,4.0,5.0,5.0,Brown,Part leather,True,False,1.0
58000,12990,2020.0,Gasoline,Front Wheel Drive,Manual,6.0,145,1199.0,3.0,5.0,5.0,Grey,Cloth,False,False,1.663126188966392
72202,10899,2022.0,Gasoline,Front Wheel Drive,Manual,5.0,83,1199.0,3.0,5.0,5.0,White,Cloth,True,True,1.0
31348,13549,2022.0,Gasoline,Front Wheel Drive,Manual,5.486510227130129,101,1199.0,3.8257612141004707,5.0,5.0,Blue,Cloth,False,True,2.0
79083,11950,2018.0,Gasoline,Front Wheel Drive,Automatic,5.0,90,1398.0,4.0,5.0,5.0,Blue,Cloth,True,False,2.0
50934,10990,2020.0,Gasoline,Front Wheel Drive,Manual,5.0,75,1199.0,3.8257612141004707,5.0,5.0,Grey,Cloth,False,True,1.0
35610,11149,2020.0,Gasoline,Front Wheel Drive,Manual,5.486510227130129,75,1199.0,3.8257612141004707,5.0,5.0,Grey,Cloth,True,True,1.0
69406,13890,2020.0,Gasoline,Front Wheel Drive,Manual,6.0,131,1199.0,3.8257612141004707,5.0,5.0,Grey,Cloth,True,True,2.0
46543,14911,2022.0,Diesel,Front Wheel Drive,Manual,6.0,105,1539.94231635872,3.0,5.0,5.0,White,Cloth,False,True,1.0
42900,12990,2021.0,Gasoline,Front Wheel Drive,Manual,6.0,110,1539.94231635872,3.0,5.0,5.0,Black,Cloth,True,True,1.0
63775,14990,2020.0,Gasoline,Front Wheel Drive,Manual,6.0,131,1199.0,3.0,5.0,5.0,Grey,Cloth,False,False,2.0
91420,10990,2021.0,Gasoline,Front Wheel Drive,Manual,6.0,101,1199.0,3.0,5.0,5.0,Orange,Other,True,True,1.0
23800,12990,2022.0,Gasoline,Front Wheel Drive,Manual,5.0,75,1199.0,3.0,5.0,5.0,White,Cloth,True,True,2.0
31996,14500,2022.0,Gasoline,Front Wheel Drive,Manual,6.0,110,1199.0,3.0,5.0,5.0,Black,Part leather,True,True,1.0
85804,13900,2018.0,Gasoline,Front Wheel Drive,Manual,6.0,166,1490.0,4.0,5.0,5.0,White,Cloth,False,False,1.0
70500,13650,2018.0,Gasoline,Front Wheel Drive,Manual,6.0,131,1199.0,3.0,5.0,5.0,Grey,Cloth,False,False,1.0
74231,13500,2020.0,Gasoline,Front Wheel Drive,Automatic,6.0,131,1199.0,3.0,5.0,5.0,Grey,Part leather,True,True,1.0
61409,10745,2019.0,Gasoline,Front Wheel Drive,Manual,5.0,90,1398.0,4.0,5.0,5.0,White,Cloth,True,True,2.0
35000,11890,2022.0,Gasoline,Front Wheel Drive,Manual,5.0,75,1199.0,3.0,5.0,5.0,Silver,Cloth,True,True,1.0
82000,12880,2016.0,Gasoline,Front Wheel Drive,Automatic,6.0,140,1364.0,4.0,5.0,5.0,White,Cloth,True,True,2.0
84738,11960,2022.0,Diesel,Front Wheel Drive,Manual,6.0,102,1499.0,4.0,5.0,5.0,Grey,Cloth,False,True,1.0
116000,11990,2015.0,Diesel,Front Wheel Drive,Manual,6.0,140,1956.0,3.8257612141004707,5.0,5.0,Black,Cloth,False,True,1.663126188966392
78921,12490,2021.0,Gasoline,Front Wheel Drive,Manual,5.0,75,1199.0,3.0,5.0,5.0,Black,Cloth,True,True,1.0
83600,14490,2023.0,Gasoline,Front Wheel Drive,Automatic,6.0,131,1199.0,3.0,5.0,5.0,Black,Cloth,True,True,1.0
111248,12500,2018.0,Gasoline,Front Wheel Drive,Manual,6.0,131,1539.94231635872,3.0,5.0,5.0,White,Part leather,False,False,1.663126188966392
101686,8990,2013.0,Gasoline,Front Wheel Drive,Manual,5.0,116,1598.0,4.0,5.0,5.0,Grey,Cloth,False,True,2.0
55876,11490,2021.0,Gasoline,Front Wheel Drive,Manual,5.0,75,1199.0,3.0,5.0,5.0,Blue,Cloth,False,False,2.0
34175,10500,2022.0,Gasoline,Front Wheel Drive,Manual,5.0,75,1199.0,3.0,5.0,5.0,Grey,Cloth,False,False,1.663126188966392
72904,13950,2019.0,Gasoline,Front Wheel Drive,Manual,6.0,150,1398.0,4.0,5.0,5.0,Grey,Cloth,True,False,1.663126188966392
51375,11490,2022.0,Gasoline,Front Wheel Drive,Manual,5.486510227130129,101,1199.0,3.0,5.0,5.0,Blue,Cloth,False,False,1.663126188966392
89859,11690,2019.0,Gasoline,Front Wheel Drive,Manual,6.0,125,1399.0,4.0,5.0,5.0,Silver,Cloth,True,True,2.0
10,13990,2024.0,Gasoline,Front Wheel Drive,Manual,5.0,75,1199.0,3.0,5.0,5.0,Silver,Cloth,False,False,1.663126188966392
189603,5950,2016.0,Diesel,Front Wheel Drive,Manual,6.0,110,1598.0,4.0,5.0,5.0,White,Cloth,False,False,1.663126188966392
67503,14900,2021.0,Diesel,Front Wheel Drive,Manual,6.0,110,1499.0,4.0,5.0,5.0,Grey,Part leather,False,False,1.0
100000,13450,2023.0,Gasoline,Front Wheel Drive,Automatic,6.0,131,1199.0,3.0,5.0,5.0,Black,Part leather,True,True,1.0
38838,12500,2022.0,Gasoline,Front Wheel Drive,Manual,5.486510227130129,101,1199.0,3.0,5.0,5.0,Black,Part leather,False,False,1.0
221786,995,2005.0,Gasoline,Front Wheel Drive,Manual,5.486510227130129,105,1598.0,4.0,5.0,5.0,Grey,Part leather,True,False,1.663126188966392
99800,9900,2018.0,Gasoline,Front Wheel Drive,Manual,5.0,95,1368.0,4.0,5.0,5.0,White,Cloth,False,True,1.663126188966392
100000,7990,2020.0,Gasoline,Front Wheel Drive,Manual,6.0,101,1199.0,3.0,5.0,5.0,Orange,Cloth,True,True,1.0
18900,11990,2021.0,Gasoline,Front Wheel Drive,Manual,5.0,75,1199.0,3.0,5.0,5.0,Orange,Cloth,False,False,1.0
22996,11950,2022.0,Gasoline,Front Wheel Drive,Manual,5.0,75,1199.0,3.0,5.0,5.0,White,Cloth,True,True,1.0
83000,11495,2016.0,Gasoline,Front Wheel Drive,Manual,5.486510227130129,140,1364.0,4.0,5.0,5.0,Silver,Cloth,False,False,1.0
110200,11950,2020.0,Diesel,Front Wheel Drive,Automatic,5.486510227130129,122,1496.0,3.0,5.0,5.0,Black,Cloth,True,True,1.0
93700,10977,2017.0,Gasoline,Front Wheel Drive,Manual,6.0,140,1364.0,3.8257612141004707,5.0,5.0,Red,Cloth,True,True,2.0
126349,9890,2016.0,Gasoline,Front Wheel Drive,Manual,6.0,150,1399.0,4.0,5.0,5.0,Grey,Cloth,False,False,2.0
16042,13690,2023.0,Gasoline,Front Wheel Drive,Manual,6.0,101,1199.0,3.0,5.0,5.0,White,alcantara,True,True,2.0
67900,14450,2022.0,Gasoline,Front Wheel Drive,Manual,6.0,110,1199.0,3.0,5.0,5.0,Blue,Cloth,True,True,2.0
108480,8990,2017.0,Gasoline,Front Wheel Drive,Manual,5.0,90,1398.0,4.0,5.0,5.0,Grey,Cloth,False,True,2.0
199900,8990,2019.0,Diesel,Front Wheel Drive,Manual,6.0,102,1499.0,4.0,5.0,5.0,White,Cloth,False,False,1.663126188966392
59917,8780,2016.0,Gasoline,Front Wheel Drive,Manual,5.0,116,1598.0,4.0,5.0,5.0,White,Cloth,True,True,2.0
22446,14975,2024.0,Gasoline,Front Wheel Drive,Manual,6.0,110,1199.0,3.0,5.0,5.0,Grey,Cloth,True,True,1.0
60105,13490,2020.0,Gasoline,Front Wheel Drive,Automatic,5.486510227130129,101,1199.0,3.0,5.0,5.0,Black,Cloth,True,True,1.0
47426,13990,2021.0,Gasoline,Front Wheel Drive,Manual,5.486510227130129,110,1199.0,3.8257612141004707,5.0,5.0,Red,Cloth,False,False,1.0
73097,11886,2021.0,Diesel,Front Wheel Drive,Manual,6.0,110,1499.0,4.0,5.0,5.0,Silver,Other,False,False,1.0
80093,10900,2020.0,Gasoline,Front Wheel Drive,Manual,5.0,83,1199.0,3.0,5.0,5.0,Black,Cloth,False,False,1.663126188966392
69850,12990,2018.0,Gasoline,Front Wheel Drive,Manual,6.0,131,1539.94231635872,3.0,5.0,5.0,Grey,Cloth,True,True,1.0
85000,7000,2014.0,Diesel,Front Wheel Drive,Manual,6.0,131,1686.0,4.0,5.0,5.0,Silver,Cloth,False,False,1.663126188966392
53000,13970,2022.0,Gasoline,Front Wheel Drive,Manual,6.0,110,1199.0,3.0,5.0,5.0,Red,Cloth,True,True,1.663126188966392
196015,3250,2013.0,Gasoline,Front Wheel Drive,Manual,5.486510227130129,68,996.0,3.0,5.0,5.0,Grey,Part leather,False,False,1.663126188966392
166000,8900,2020.0,Diesel,Front Wheel Drive,Automatic,5.486510227130129,122,1496.0,3.0,5.0,5.0,White,Cloth,True,False,1.0
171222,1998,2004.0,Gasoline,Front Wheel Drive,Manual,5.486510227130129,101,1598.0,4.0,5.0,5.0,Grey,Cloth,False,False,1.663126188966392
66509,13950,2017.0,Gasoline,Front Wheel Drive,Automatic,6.0,150,1398.0,4.0,5.0,5.0,Grey,Cloth,True,False,1.0
15100,11900,2023.0,Gasoline,Front Wheel Drive,Manual,5.0,75,1199.0,3.0,5.0,5.0,Blue,Other,False,False,1.663126188966392
9459,12450,2022.0,Gasoline,Front Wheel Drive,Manual,6.0,75,1199.0,3.0,5.0,5.0,Grey,Cloth,True,True,1.0
85970,12480,2018.0,Gasoline,Front Wheel Drive,Automatic,6.0,110,1199.0,3.0,5.0,5.0,Grey,Cloth,False,False,1.663126188966392
59965,13500,2022.0,Diesel,Front Wheel Drive,Manual,6.0,101,1499.0,4.0,5.0,5.0,Red,Other,False,False,1.0
23100,11490,2022.0,Gasoline,Front Wheel Drive,Manual,5.0,75,1199.0,3.0,5.0,5.0,Yellow,Cloth,True,True,1.0
179786,3499,2014.0,Gasoline,Front Wheel Drive,Manual,5.486510227130129,82,1199.0,3.0,5.0,5.0,Grey,Cloth,True,False,1.663126188966392
167000,5390,2012.0,Diesel,Front Wheel Drive,Manual,5.0,92,1560.0,4.0,5.0,5.0,Grey,Cloth,True,True,2.0
185000,5450,2014.0,Diesel,Front Wheel Drive,Manual,6.0,150,1997.0,4.0,5.0,5.0,Grey,Cloth,True,True,1.0
74258,6995,2016.0,Gasoline,Front Wheel Drive,Manual,5.0,82,1199.0,3.0,5.0,5.0,Grey,Cloth,False,False,1.0
116901,5888,2013.0,Gasoline,Front Wheel Drive,Automatic,5.486510227130129,156,1598.0,4.0,5.0,5.0,Grey,Full leather,False,False,1.663126188966392
16796,14990,2024.0,Gasoline,Front Wheel Drive,Manual,6.0,102,1199.0,3.0,5.0,5.0,Grey,Part leather,False,True,1.0
280000,990,2010.0,Diesel,Front Wheel Drive,Manual,5.0,109,1560.0,4.0,5.0,5.0,Grey,Cloth,True,True,1.663126188966392
180302,2950,2011.0,Gasoline,Front Wheel Drive,Manual,5.0,120,1598.0,4.0,5.0,5.0,Blue,Cloth,True,False,1.663126188966392
83122,12990,2021.0,Gasoline,Front Wheel Drive,Manual,6.0,131,1199.0,3.0,5.0,5.0,Blue,Cloth,False,True,2.0
100000,8800,2020.0,Diesel,Front Wheel Drive,Manual,6.0,131,1499.0,4.0,5.0,5.0,Grey,Cloth,True,False,1.663126188966392
84479,7249,2018.0,Gasoline,Front Wheel Drive,Manual,5.0,82,1199.0,3.0,5.0,5.0,Grey,Cloth,False,False,1.663126188966392
143560,5500,2016.0,Gasoline,Front Wheel Drive,Manual,5.0,110,1589.0,4.0,5.0,5.0,Silver,Cloth,True,False,1.0
32000,10900,2021.0,Gasoline,Front Wheel Drive,Manual,5.0,75,1199.0,3.0,5.0,5.0,Yellow,Cloth,False,False,1.0
205887,1945,2009.0,Gasoline,Front Wheel Drive,Manual,5.486510227130129,120,1598.0,4.0,5.0,5.0,Grey,Cloth,False,False,1.663126188966392
6,14990,2025.0,Gasoline,Front Wheel Drive,Manual,6.0,101,1199.0,3.0,5.0,5.0,Grey,Cloth,False,False,1.663126188966392
245535,1249,2000.0,Gasoline,Front Wheel Drive,Manual,5.486510227130129,88,1587.0,4.0,5.0,5.0,Grey,Cloth,False,False,1.663126188966392
36497,7950,2014.0,Gasoline,Front Wheel Drive,Manual,5.0,82,1199.0,3.0,5.0,5.0,Grey,Part leather,False,True,1.0
134483,5949,2014.0,Gasoline,Front Wheel Drive,Manual,5.0,82,1199.0,3.0,5.0,5.0,Grey,Part leather,True,False,1.663126188966392
9,13900,2025.0,Gasoline,Front Wheel Drive,Manual,6.0,101,1199.0,3.0,5.0,5.0,White,Cloth,False,False,1.663126188966392
10,12870,2024.0,Gasoline,Front Wheel Drive,Manual,6.0,101,1199.0,3.0,5.0,5.0,Black,Cloth,False,False,1.663126188966392
150231,2299,2008.0,Gasoline,Front Wheel Drive,Manual,5.486510227130129,95,1397.0,4.0,5.0,5.0,Red,Cloth,False,False,2.0
201436,1450,2009.0,Gasoline,Front Wheel Drive,Manual,5.486510227130129,95,1397.0,4.0,5.0,5.0,Grey,Cloth,True,False,1.663126188966392
182000,2700,2010.0,Diesel,Front Wheel Drive,Manual,5.0,90,1560.0,4.0,5.0,5.0,Grey,Cloth,False,False,1.663126188966392
143437,7799,2016.0,Gasoline,Front Wheel Drive,Automatic,5.486510227130129,110,1199.0,3.0,5.0,5.0,Red,Full leather,True,False,1.663126188966392
288000,1990,2010.0,Diesel,Front Wheel Drive,Manual,6.0,150,1997.0,4.0,5.0,5.0,Grey,Cloth,False,False,1.663126188966392
18300,11490,2019.0,Gasoline,Front Wheel Drive,Automatic,6.0,110,1199.0,3.8257612141004707,5.0,5.0,Grey,Cloth,True,True,1.0
140000,7490,2015.0,Diesel,Front Wheel Drive,Manual,6.0,114,1560.0,4.0,5.0,5.0,Grey,Cloth,False,False,1.663126188966392
53766,14490,2022.0,Gasoline,Front Wheel Drive,Manual,6.0,131,1199.0,3.8257612141004707,5.0,5.0,Grey,Cloth,True,True,2.0
46735,14888,2022.0,Gasoline,Front Wheel Drive,Manual,6.0,102,1199.0,3.0,5.0,5.0,Grey,Cloth,True,False,1.663126188966392
61000,14900,2022.0,Gasoline,Front Wheel Drive,Manual,6.0,131,1199.0,3.0,5.0,5.0,Green,Cloth,True,True,1.0
123622,9450,2020.0,Gasoline,Front Wheel Drive,Manual,5.0,75,1199.0,3.0,5.0,5.0,Black,Cloth,True,False,1.0
123000,4199,2012.0,Gasoline,Front Wheel Drive,Manual,6.0,156,1598.0,4.0,5.0,5.0,Black,Cloth,True,True,1.0
117290,9980,2017.0,Diesel,Front Wheel Drive,Manual,6.0,120,1560.0,4.0,5.0,5.0,White,Cloth,False,False,2.0
89821,6743,2015.0,Gasoline,Front Wheel Drive,Manual,5.0,82,1199.0,3.0,5.0,5.0,Grey,Cloth,True,False,2.0
18847,14790,2024.0,Gasoline,Front Wheel Drive,Manual,5.486510227130129,101,1199.0,3.0,5.0,5.0,Grey,Cloth,False,False,1.663126188966392
45782,14947,2021.0,Gasoline,Front Wheel Drive,Manual,6.0,131,1199.0,3.0,5.0,5.0,Grey,Part leather,True,True,1.0
72427,9990,2022.0,Gasoline,Front Wheel Drive,Manual,5.486510227130129,75,1199.0,3.0,5.0,5.0,White,Cloth,False,False,1.0
149550,13990,2018.0,Diesel,Front Wheel Drive,Automatic,7.0,131,1499.0,4.0,5.0,5.0,Bronze,Cloth,True,True,1.0
88000,7490,2014.0,Gasoline,Front Wheel Drive,Automatic,5.486510227130129,120,1598.0,4.0,5.0,5.0,Grey,Cloth,False,False,1.0
93387,5999,2012.0,Gasoline,Front Wheel Drive,Manual,5.0,95,1397.0,4.0,5.0,5.0,Grey,Cloth,True,False,1.663126188966392
88700,14590,2020.0,Gasoline,Front Wheel Drive,Manual,6.0,131,1199.0,3.0,5.0,5.0,Black,Full leather,False,False,2.0
24000,12900,2024.0,Gasoline,Front Wheel Drive,Manual,6.0,101,1199.0,3.0,5.0,5.0,Grey,Part leather,False,False,1.663126188966392
41921,12990,2021.0,Gasoline,Front Wheel Drive,Manual,6.0,102,1199.0,3.0,5.0,5.0,Grey,Other,False,False,1.663126188966392
83920,14990,2020.0,Diesel,4WD,Manual,6.0,131,1599.0,3.0,5.0,5.0,Brown,Other,True,True,1.0
61700,13490,2021.0,Gasoline,Front Wheel Drive,Manual,6.0,101,1199.0,3.0,5.0,5.0,Red,Cloth,True,True,1.0
158421,8990,2014.0,Gasoline,Front Wheel Drive,Automatic,6.0,165,1598.0,4.0,5.0,5.0,Blue,Part leather,True,True,2.0
62900,13000,2020.0,Gasoline,Front Wheel Drive,Manual,6.0,131,1199.0,3.0,5.0,5.0,Orange,Part leather,False,True,1.0
64058,12995,2018.0,Gasoline,Front Wheel Drive,Manual,6.0,131,1199.0,3.8257612141004707,5.0,5.0,Blue,Cloth,False,True,1.0
88933,8990,2016.0,Gasoline,Front Wheel Drive,Manual,6.0,131,1539.94231635872,3.0,5.0,5.0,Grey,Cloth,True,True,1.0
150318,7450,2018.0,Gasoline,Front Wheel Drive,Manual,5.0,83,1199.0,3.0,5.0,5.0,Grey,Cloth,True,False,1.663126188966392
106859,6745,2016.0,Gasoline,Front Wheel Drive,Manual,5.0,82,1199.0,3.0,5.0,5.0,White,Cloth,False,False,1.663126188966392
58000,11900,2020.0,Gasoline,Front Wheel Drive,Manual,6.0,101,1199.0,3.0,5.0,5.0,White,Part leather,False,True,1.663126188966392
152950,11745,2017.0,Gasoline,Front Wheel Drive,Automatic,6.0,131,1199.0,3.0,5.0,5.0,Brown,Part leather,True,False,1.0
49999,11990,2023.0,Gasoline,Front Wheel Drive,Manual,6.0,101,1199.0,3.0,5.0,5.0,Black,Cloth,False,False,1.0
7416,13990,2023.0,Gasoline,Front Wheel Drive,Manual,5.0,75,1199.0,3.8257612141004707,5.0,5.0,White,Cloth,False,True,1.0
130000,2990,2007.0,Diesel,Front Wheel Drive,Manual,5.486510227130129,68,1398.0,4.0,5.0,5.0,Black,Cloth,False,False,1.663126188966392
104000,3500,2007.0,Gasoline,Front Wheel Drive,Manual,5.0,120,1598.0,4.0,5.0,5.0,Blue,Cloth,False,False,1.663126188966392
124999,4445,2011.0,Gasoline,Front Wheel Drive,Manual,5.0,120,1598.0,4.0,5.0,5.0,Black,Cloth,False,False,1.663126188966392
99889,7990,2018.0,Gasoline,Front Wheel Drive,Manual,5.0,110,1199.0,3.8257612141004707,5.0,5.0,Red,Cloth,False,True,2.0
115000,13390,2021.0,Gasoline,Front Wheel Drive,Manual,6.0,131,1199.0,3.0,5.0,5.0,White,Full leather,False,False,2.0
145897,3500,2012.0,Gasoline,Front Wheel Drive,Manual,5.0,95,1397.0,4.0,5.0,5.0,Grey,Cloth,False,False,2.0
79000,6490,2014.0,Diesel,Front Wheel Drive,Manual,6.0,114,1560.0,4.0,5.0,5.0,White,Cloth,False,True,1.0
158657,5443,2014.0,Gasoline,Front Wheel Drive,Manual,5.0,120,1598.0,4.0,5.0,5.0,Brown,Cloth,False,False,1.663126188966392
10216,12870,2024.0,Gasoline,Front Wheel Drive,Manual,6.0,101,1199.0,3.0,5.0,5.0,Blue,Cloth,False,False,1.663126188966392
92396,6200,2019.0,Gasoline,Front Wheel Drive,Manual,5.0,68,1199.0,3.0,5.0,5.0,Black,Cloth,False,True,1.0
63677,12950,2022.0,Gasoline,Front Wheel Drive,Manual,5.486510227130129,75,1199.0,3.0,5.0,5.0,Grey,Cloth,True,False,2.0
153305,5999,2016.0,Gasoline,Front Wheel Drive,Manual,5.0,82,1199.0,3.0,5.0,5.0,Orange,Cloth,True,False,1.663126188966392
96786,7995,2015.0,Gasoline,Front Wheel Drive,Manual,5.0,110,1199.0,3.8257612141004707,5.0,5.0,Beige,Full leather,True,True,1.663126188966392
67297,9999,2019.0,Gasoline,Front Wheel Drive,Manual,5.0,83,1199.0,3.0,5.0,5.0,Grey,Cloth,True,True,1.0
40754,10990,2019.0,Gasoline,Front Wheel Drive,Manual,6.0,110,1199.0,3.8257612141004707,5.0,5.0,Grey,Cloth,True,True,1.0
58830,7499,2016.0,Gasoline,Front Wheel Drive,Manual,5.486510227130129,82,1199.0,3.0,5.0,5.0,Green,Cloth,True,False,1.0
62693,8399,2018.0,Gasoline,Front Wheel Drive,Manual,5.0,82,1199.0,3.0,5.0,5.0,Red,Cloth,False,True,1.0
230509,3950,2016.0,Gasoline,Front Wheel Drive,Manual,5.0,69,998.0,3.0,5.0,5.0,White,Cloth,True,False,1.663126188966392
126514,5490,2013.0,Gasoline,Front Wheel Drive,Manual,5.486510227130129,82,1199.0,3.0,5.0,5.0,White,Cloth,False,False,1.663126188966392
83498,14745,2018.0,Gasoline,Front Wheel Drive,Manual,6.0,131,1199.0,3.0,5.0,5.0,Black,Full leather,True,False,1.663126188966392
57428,3850,2002.0,Gasoline,Front Wheel Drive,Manual,5.0,75,1360.0,4.0,5.0,5.0,Blue,Cloth,True,True,1.0
49500,11950,2021.0,Gasoline,Front Wheel Drive,Manual,5.486510227130129,75,1199.0,3.0,5.0,5.0,Grey,Cloth,False,True,1.0
104257,8749,2018.0,Gasoline,Front Wheel Drive,Manual,5.0,110,1199.0,3.0,5.0,5.0,Black,Full leather,True,False,1.663126188966392
71468,12900,2020.0,Diesel,Front Wheel Drive,Manual,5.486510227130129,102,1499.0,4.0,5.0,5.0,Grey,Cloth,True,True,1.0
90474,7743,2016.0,Gasoline,Front Wheel Drive,Manual,5.0,110,1199.0,3.0,5.0,5.0,Green,Cloth,True,False,2.0
46170,10490,2020.0,Gasoline,Front Wheel Drive,Manual,5.0,75,1199.0,3.0,5.0,5.0,White,Cloth,False,False,2.0
128530,10950,2022.0,Diesel,Front Wheel Drive,Manual,6.0,102,1499.0,4.0,5.0,5.0,Silver,Cloth,True,True,1.0
96924,8889,2016.0,Gasoline,Front Wheel Drive,Automatic,5.0,82,1199.0,3.0,5.0,5.0,White,Cloth,True,False,2.0
125900,9900,2017.0,Diesel,Front Wheel Drive,Manual,6.0,120,1560.0,4.0,5.0,5.0,White,Part leather,False,False,1.0
20029,14590,2024.0,Gasoline,Front Wheel Drive,Manual,6.0,101,1199.0,3.0,5.0,5.0,Grey,Cloth,False,False,1.0
107490,7500,2017.0,Gasoline,Front Wheel Drive,Manual,5.0,82,1199.0,3.0,5.0,5.0,Grey,Other,False,False,1.663126188966392
136203,11990,2020.0,Diesel,Front Wheel Drive,Manual,6.0,131,1499.0,4.0,5.0,5.0,Grey,alcantara,True,True,1.0
152313,5950,2015.0,Gasoline,Front Wheel Drive,Manual,5.486510227130129,110,1199.0,3.0,5.0,5.0,Grey,Part leather,True,False,1.663126188966392
66607,13990,2018.0,Gasoline,Front Wheel Drive,Manual,6.0,131,1199.0,3.8257612141004707,5.0,5.0,Black,Cloth,True,True,1.0
137055,14890,2019.0,Diesel,Front Wheel Drive,Manual,6.0,131,1499.0,4.0,5.0,5.0,White,Cloth,True,True,1.0
24000,12900,2024.0,Gasoline,Front Wheel Drive,Manual,6.0,101,1199.0,3.0,5.0,5.0,Black,Part leather,False,False,1.663126188966392
93392,10750,2016.0,Gasoline,Front Wheel Drive,Manual,6.0,131,1199.0,3.0,5.0,5.0,White,Other,False,False,1.663126188966392
200000,4800,2017.0,Gasoline,Front Wheel Drive,Manual,5.0,110,1199.0,3.0,5.0,5.0,Black,Cloth,False,False,1.663126188966392
82500,14877,2020.0,Gasoline,Front Wheel Drive,Manual,6.0,131,1199.0,3.0,5.0,5.0,Black,Cloth,False,True,1.0
108125,11980,2020.0,Diesel,Front Wheel Drive,Manual,6.0,101,1499.0,4.0,5.0,5.0,White,Cloth,True,True,1.0
65782,11300,2019.0,Gasoline,Front Wheel Drive,Automatic,6.0,131,1199.0,3.0,5.0,5.0,Grey,Cloth,False,False,1.663126188966392
187007,2749,2012.0,Gasoline,Front Wheel Drive,Manual,5.0,95,1397.0,4.0,5.0,5.0,Grey,Cloth,False,False,1.0
192879,3950,2010.0,Gasoline,Front Wheel Drive,Manual,5.0,75,1360.0,4.0,5.0,5.0,Grey,Cloth,True,False,1.663126188966392
111400,8490,2015.0,Diesel,Front Wheel Drive,Manual,6.0,120,1560.0,4.0,5.0,5.0,Grey,Part leather,False,False,2.0
76001,8743,2016.0,Gasoline,Front Wheel Drive,Automatic,5.0,82,1199.0,3.0,5.0,5.0,White,Cloth,True,False,1.0
104000,7900,2011.0,Gasoline,Front Wheel Drive,Manual,6.0,200,1598.0,4.0,5.0,5.0,White,Part leather,True,True,2.0
95778,11200,2020.0,Gasoline,Front Wheel Drive,Manual,5.0,75,1199.0,3.0,5.0,5.0,Grey,Part leather,False,False,2.0
34477,14490,2021.0,Diesel,Front Wheel Drive,Manual,6.0,131,1499.0,4.0,5.0,5.0,Grey,Full leather,True,True,1.0
49950,10700,2018.0,Gasoline,Front Wheel Drive,Manual,5.0,82,1199.0,3.0,5.0,5.0,Green,Cloth,True,True,2.0
52350,12977,2021.0,Electric,Front Wheel Drive,Automatic,5.486510227130129,136,1539.94231635872,3.8257612141004707,5.0,5.0,White,Cloth,False,True,1.663126188966392
223000,13790,2018.0,Diesel,Front Wheel Drive,Manual,6.0,120,1539.94231635872,4.0,5.0,5.0,Blue,Full leather,True,False,1.0
241254,2000,2011.0,Diesel,Front Wheel Drive,Manual,5.0,90,1560.0,4.0,5.0,5.0,Grey,Cloth,True,False,2.0
115226,6500,2014.0,Gasoline,Front Wheel Drive,Manual,5.0,82,1199.0,3.0,5.0,5.0,White,Other,False,False,1.0
30000,14490,2021.0,Diesel,Front Wheel Drive,Manual,6.0,131,1499.0,4.0,5.0,5.0,Black,Other,False,True,1.663126188966392
159426,5749,2016.0,Gasoline,Front Wheel Drive,Manual,5.0,82,1199.0,3.0,5.0,5.0,Black,Cloth,True,False,1.663126188966392
94396,11490,2017.0,Gasoline,Front Wheel Drive,Manual,6.0,205,1598.0,3.8257612141004707,5.0,5.0,Grey,Part leather,True,True,1.0
61968,11950,2020.0,Gasoline,Front Wheel Drive,Manual,6.0,101,1199.0,3.0,5.0,5.0,Grey,Cloth,True,True,1.0
118312,15000,2022.0,Diesel,Front Wheel Drive,Manual,6.0,131,1499.0,4.0,5.0,5.0,Green,Part leather,False,False,1.0
129300,8800,2015.0,Diesel,Front Wheel Drive,Manual,6.0,114,1560.0,4.0,5.0,5.0,White,Part leather,True,True,1.0
41179,12050,2020.0,Gasoline,Front Wheel Drive,Manual,5.486510227130129,101,1199.0,3.8257612141004707,5.0,5.0,Yellow,Cloth,False,True,1.0
39000,14300,2023.0,Gasoline,Front Wheel Drive,Manual,6.0,101,1199.0,3.0,5.0,5.0,Grey,Part leather,True,False,1.0
60774,14490,2022.0,Gasoline,Front Wheel Drive,Manual,6.0,101,1199.0,3.0,5.0,5.0,Orange,Cloth,False,True,1.0
116900,14490,2018.0,Diesel,Front Wheel Drive,Manual,5.486510227130129,120,1560.0,4.0,5.0,5.0,Grey,Part leather,False,False,1.0
91976,13499,2017.0,Gasoline,Front Wheel Drive,Manual,6.0,131,1199.0,3.0,5.0,5.0,Grey,Full leather,False,True,1.0
49730,10990,2016.0,Gasoline,Front Wheel Drive,Automatic,6.0,110,1199.0,3.0,5.0,5.0,Grey,Cloth,False,False,1.663126188966392
127529,8900,2017.0,Diesel,Front Wheel Drive,Manual,6.0,120,1560.0,4.0,5.0,5.0,White,Part leather,False,False,2.0
24514,14940,2021.0,Gasoline,Front Wheel Drive,Manual,6.0,101,1199.0,3.0,5.0,5.0,Black,Cloth,False,True,1.663126188966392
99780,13495,2019.0,Diesel,Front Wheel Drive,Manual,6.0,131,1499.0,4.0,5.0,5.0,Bronze,Cloth,True,True,1.0
91287,10400,2018.0,Gasoline,Front Wheel Drive,Manual,5.0,110,1199.0,3.0,5.0,5.0,Grey,Cloth,False,False,1.663126188966392
110548,14400,2018.0,Gasoline,Front Wheel Drive,Automatic,6.0,131,1199.0,3.0,5.0,5.0,Black,Velour,True,False,1.0
30000,12900,2024.0,Gasoline,Front Wheel Drive,Manual,6.0,101,1199.0,3.0,5.0,5.0,Grey,Part leather,False,False,1.663126188966392
113404,14750,2022.0,Diesel,Front Wheel Drive,Manual,6.0,131,1499.0,4.0,5.0,5.0,Black,Part leather,True,True,1.0
154000,5990,2015.0,Diesel,Front Wheel Drive,Manual,5.486510227130129,92,1560.0,4.0,5.0,5.0,White,Cloth,True,True,1.0
47350,11000,2020.0,Gasoline,Front Wheel Drive,Manual,5.486510227130129,75,1199.0,3.0,5.0,5.0,Grey,Cloth,True,True,1.0
162690,1250,2007.0,Gasoline,Front Wheel Drive,Manual,5.0,120,1598.0,4.0,5.0,5.0,Grey,Part leather,True,False,1.663126188966392
156000,13800,2021.0,Diesel,Front Wheel Drive,Automatic,5.486510227130129,131,1499.0,4.0,5.0,5.0,Grey,Cloth,False,False,1.0
44900,12900,2019.0,Gasoline,Front Wheel Drive,Manual,6.0,131,1199.0,3.0,5.0,5.0,Grey,Part leather,True,True,1.663126188966392
61224,11990,2022.0,Gasoline,Front Wheel Drive,Manual,5.486510227130129,101,1199.0,3.0,5.0,5.0,Grey,Cloth,False,True,1.663126188966392
148591,6900,2015.0,Gasoline,Front Wheel Drive,Manual,5.0,110,1199.0,3.0,5.0,5.0,White,Part leather,True,False,1.663126188966392
133514,6999,2016.0,Gasoline,Front Wheel Drive,Manual,5.486510227130129,110,1199.0,3.0,5.0,5.0,Blue,Cloth,True,False,1.663126188966392
63920,13500,2020.0,Gasoline,Front Wheel Drive,Manual,5.486510227130129,102,1199.0,3.0,5.0,5.0,Black,Part leather,False,False,1.663126188966392
62564,14000,2017.0,Gasoline,Front Wheel Drive,Automatic,6.0,131,1199.0,3.8257612141004707,5.0,5.0,Grey,Cloth,False,True,1.0
36400,12990,2021.0,Electric,Front Wheel Drive,Automatic,5.486510227130129,77,1539.94231635872,3.8257612141004707,5.0,5.0,White,Part leather,False,True,1.0
72000,10500,2020.0,Diesel,Front Wheel Drive,Manual,6.0,102,1499.0,4.0,5.0,5.0,Black,Cloth,True,True,1.0
122674,13449,2018.0,Gasoline,Front Wheel Drive,Automatic,6.0,131,1199.0,3.0,5.0,5.0,Brown,Part leather,True,False,2.0
17521,13890,2023.0,Gasoline,Front Wheel Drive,Manual,5.486510227130129,75,1199.0,3.8257612141004707,5.0,5.0,White,Cloth,False,True,1.663126188966392
42122,13990,2022.0,Gasoline,Front Wheel Drive,Manual,6.0,101,1199.0,3.8257612141004707,5.0,5.0,White,Cloth,True,True,1.0
61790,13250,2016.0,Gasoline,Front Wheel Drive,Manual,6.0,131,1199.0,3.0,5.0,5.0,Grey,Part leather,True,True,1.0
79210,7790,2017.0,Diesel,Front Wheel Drive,Manual,5.0,75,1560.0,4.0,5.0,5.0,Black,Cloth,False,True,1.0
120000,12950,2017.0,Gasoline,Front Wheel Drive,Manual,6.0,131,1199.0,3.0,5.0,5.0,White,alcantara,True,True,1.0
86107,10890,2021.0,Gasoline,Front Wheel Drive,Manual,6.0,101,1199.0,3.0,5.0,5.0,Yellow,Cloth,True,True,1.0
114000,7950,2014.0,Diesel,Front Wheel Drive,Automatic,5.486510227130129,92,1560.0,4.0,5.0,5.0,White,Cloth,False,False,1.663126188966392
161398,6450,2017.0,Gasoline,Front Wheel Drive,Manual,5.0,110,1199.0,3.0,5.0,5.0,Grey,Cloth,False,False,1.663126188966392
13700,14700,2023.0,Gasoline,Front Wheel Drive,Manual,5.486510227130129,101,1199.0,3.0,5.0,5.0,Grey,Part leather,False,False,1.0
99999,11999,2015.0,Gasoline,Front Wheel Drive,Automatic,6.0,131,1199.0,3.0,5.0,5.0,White,Part leather,True,False,1.663126188966392
46936,11995,2019.0,Gasoline,Front Wheel Drive,Manual,6.0,131,1199.0,3.8257612141004707,5.0,5.0,Grey,Cloth,True,True,1.0
57180,14990,2022.0,Gasoline,Front Wheel Drive,Manual,6.0,131,1199.0,3.0,5.0,5.0,Grey,Cloth,False,False,1.0
10000,12890,2024.0,Gasoline,Front Wheel Drive,Manual,6.0,101,1199.0,3.0,5.0,5.0,Grey,Cloth,False,False,1.0
51429,11620,2019.0,Gasoline,Front Wheel Drive,Manual,6.0,110,1199.0,3.0,5.0,5.0,Grey,Cloth,False,False,1.0
72681,13900,2023.0,Diesel,Front Wheel Drive,Manual,6.0,102,1499.0,4.0,5.0,5.0,Black,Cloth,False,False,1.0
65650,11990,2019.0,Gasoline,Front Wheel Drive,Manual,5.486510227130129,131,1199.0,3.8257612141004707,5.0,5.0,Grey,Full leather,False,False,1.0
95986,13945,2020.0,Gasoline,Front Wheel Drive,Manual,6.0,131,1199.0,3.0,5.0,5.0,Grey,Cloth,False,False,1.663126188966392
35450,12900,2023.0,Gasoline,Front Wheel Drive,Manual,5.0,75,1199.0,3.0,5.0,5.0,Grey,Cloth,False,False,1.663126188966392
149900,14490,2021.0,Diesel,Front Wheel Drive,Manual,5.486510227130129,131,1499.0,3.8257612141004707,5.0,5.0,Brown,Cloth,True,False,2.0
92139,9950,2018.0,Gasoline,Front Wheel Drive,Automatic,6.0,110,1199.0,3.0,5.0,5.0,Grey,Cloth,True,False,1.663126188966392
99000,8990,2016.0,Diesel,Front Wheel Drive,Automatic,6.0,120,1560.0,3.8257612141004707,5.0,5.0,Grey,Cloth,False,False,1.663126188966392
62088,13549,2020.0,Gasoline,Front Wheel Drive,Manual,5.486510227130129,101,1199.0,3.8257612141004707,5.0,5.0,Blue,Part leather,False,True,2.0
20379,14490,2024.0,Gasoline,Front Wheel Drive,Manual,5.486510227130129,101,1199.0,3.0,5.0,5.0,Grey,Cloth,False,False,1.663126188966392
84265,12990,2020.0,Gasoline,Front Wheel Drive,Manual,6.0,101,1199.0,3.8257612141004707,5.0,5.0,Orange,Cloth,True,True,1.0
55100,13990,2021.0,Diesel,Front Wheel Drive,Manual,6.0,131,1499.0,3.8257612141004707,5.0,5.0,White,Full leather,False,True,1.0
138807,8999,2017.0,Diesel,Front Wheel Drive,Manual,5.0,99,1560.0,4.0,5.0,5.0,Silver,Cloth,False,False,1.663126188966392
199487,11900,2018.0,Gasoline,Front Wheel Drive,Manual,5.486510227130129,131,1199.0,3.0,5.0,5.0,Grey,Part leather,True,False,1.663126188966392
13000,12890,2024.0,Gasoline,Front Wheel Drive,Manual,6.0,101,1199.0,3.0,5.0,5.0,Black,Cloth,False,False,1.0
86000,10950,2016.0,Gasoline,Front Wheel Drive,Automatic,6.0,110,1199.0,3.0,5.0,5.0,White,Part leather,True,True,1.0
145244,5249,2013.0,Gasoline,Front Wheel Drive,Manual,5.0,120,1598.0,4.0,5.0,5.0,Black,Part leather,True,False,1.663126188966392
44015,13995,2021.0,Diesel,Front Wheel Drive,Manual,5.486510227130129,131,1499.0,4.0,5.0,5.0,Black,Cloth,True,True,1.0
62502,12495,2018.0,Gasoline,Front Wheel Drive,Automatic,6.0,111,1199.0,3.0,5.0,5.0,Black,Cloth,False,False,2.0
120905,8500,2016.0,Gasoline,Front Wheel Drive,Automatic,5.486510227130129,82,1199.0,3.0,5.0,5.0,White,Cloth,False,False,2.0
48500,14700,2021.0,Gasoline,Front Wheel Drive,Manual,6.0,101,1199.0,3.0,5.0,5.0,Black,Part leather,True,True,1.663126188966392
99624,13990,2021.0,Diesel,Front Wheel Drive,Manual,6.0,110,1499.0,4.0,5.0,5.0,Orange,Cloth,True,False,1.0
100387,10990,2017.0,Diesel,Front Wheel Drive,Manual,6.0,116,1599.0,3.8257612141004707,5.0,5.0,Red,Part leather,False,True,2.0
151500,7990,2017.0,Diesel,Front Wheel Drive,Manual,6.0,105,1595.0,4.0,5.0,5.0,Grey,Full leather,True,False,2.0
88000,6850,2010.0,Diesel,Front Wheel Drive,Automatic,6.0,109,1560.0,4.0,5.0,5.0,Grey,Full leather,False,False,2.0
66079,13990,2020.0,Gasoline,Front Wheel Drive,Manual,6.0,101,1199.0,3.0,5.0,5.0,Grey,Part leather,False,False,1.663126188966392
131793,6950,2016.0,Gasoline,Front Wheel Drive,Manual,6.0,131,1199.0,3.0,5.0,5.0,Grey,Part leather,False,False,1.0
53892,11980,2023.0,Gasoline,Front Wheel Drive,Manual,5.0,75,1199.0,3.0,5.0,5.0,Black,Cloth,False,False,1.663126188966392
77875,13900,2020.0,Gasoline,Front Wheel Drive,Manual,6.0,131,1199.0,3.0,5.0,5.0,Black,Other,False,False,1.0
160000,11500,2018.0,Diesel,Front Wheel Drive,Manual,6.0,150,1997.0,4.0,5.0,5.0,Grey,Part leather,False,False,1.0
71651,11390,2019.0,Gasoline,Front Wheel Drive,Manual,6.0,131,1199.0,3.0,5.0,5.0,Grey,Full leather,True,True,1.663126188966392
77168,12990,2021.0,Gasoline,Front Wheel Drive,Manual,6.0,101,1199.0,3.8257612141004707,5.0,5.0,White,Cloth,True,True,1.0
183997,7450,2017.0,Gasoline,Front Wheel Drive,Manual,5.0,110,1199.0,3.0,5.0,5.0,Grey,Cloth,True,True,1.663126188966392
10968,14697,2025.0,Gasoline,Front Wheel Drive,Manual,6.0,101,1199.0,3.0,5.0,5.0,Black,Cloth,False,True,1.663126188966392
210000,4600,2013.0,Diesel,Front Wheel Drive,Manual,5.0,68,1398.0,4.0,5.0,5.0,Grey,Cloth,False,False,1.0
60993,13950,2019.0,Gasoline,Front Wheel Drive,Automatic,6.0,110,1199.0,3.8257612141004707,5.0,5.0,Black,Cloth,True,False,2.0
44381,14900,2020.0,Gasoline,Front Wheel Drive,Manual,5.486510227130129,131,1199.0,3.0,5.0,5.0,Red,Part leather,True,True,1.0
143560,12995,2019.0,Gasoline,Front Wheel Drive,Manual,6.0,110,1199.0,3.8257612141004707,5.0,5.0,Grey,Cloth,True,True,2.0
86742,9945,2019.0,Gasoline,Front Wheel Drive,Manual,5.0,131,1199.0,3.0,5.0,5.0,Grey,Part leather,True,False,1.663126188966392
172000,7950,2018.0,Diesel,Front Wheel Drive,Manual,6.0,102,1499.0,4.0,5.0,5.0,Black,Cloth,False,False,1.663126188966392
89468,6980,2019.0,Gasoline,Front Wheel Drive,Manual,5.486510227130129,68,1199.0,3.0,5.0,5.0,Silver,Cloth,False,True,1.0
62203,12390,2018.0,Gasoline,Front Wheel Drive,Automatic,6.0,110,1199.0,3.0,5.0,5.0,Grey,Full leather,False,False,2.0
70100,11990,2017.0,Gasoline,Front Wheel Drive,Manual,6.0,131,1199.0,3.0,5.0,5.0,Red,Full leather,False,False,2.0
44099,13900,2023.0,Gasoline,Front Wheel Drive,Manual,5.486510227130129,75,1199.0,3.0,5.0,5.0,White,Full leather,True,False,1.663126188966392
173674,6300,2014.0,Diesel,Front Wheel Drive,Manual,5.0,92,1560.0,4.0,5.0,5.0,Blue,Full leather,True,False,1.0
72800,10900,2019.0,Gasoline,Front Wheel Drive,Manual,6.0,110,1199.0,3.8257612141004707,5.0,5.0,Red,Part leather,True,True,2.0
77999,14990,2021.0,Gasoline,Front Wheel Drive,Manual,6.0,131,1199.0,3.8257612141004707,5.0,5.0,White,Part leather,True,True,2.0
66000,8490,2020.0,Gasoline,Front Wheel Drive,Manual,5.486510227130129,110,1199.0,3.0,5.0,5.0,White,Cloth,False,True,1.663126188966392
91293,8445,2016.0,Gasoline,Front Wheel Drive,Automatic,5.0,82,1199.0,3.0,5.0,5.0,White,Cloth,True,False,1.663126188966392
70400,7980,2016.0,Gasoline,Front Wheel Drive,Manual,5.0,68,999.0,3.0,5.0,5.0,Black,Cloth,True,True,1.663126188966392
123100,14499,2017.0,Gasoline,Front Wheel Drive,Automatic,6.0,165,1598.0,4.0,5.0,5.0,White,Cloth,True,True,2.0
11500,12900,2024.0,Gasoline,Front Wheel Drive,Manual,5.486510227130129,75,1199.0,3.0,5.0,5.0,Grey,Cloth,True,True,1.0
25827,14490,2024.0,Gasoline,Front Wheel Drive,Manual,6.0,101,1199.0,3.0,5.0,5.0,Green,Part leather,False,True,1.0
80000,13990,2020.0,Diesel,Front Wheel Drive,Manual,6.0,101,1499.0,4.0,5.0,5.0,Grey,Cloth,True,False,1.0
13633,12870,2024.0,Gasoline,Front Wheel Drive,Manual,6.0,101,1199.0,3.0,5.0,5.0,Black,Cloth,False,False,1.663126188966392
112400,13900,2018.0,Diesel,4WD,Manual,5.0,99,1560.0,4.0,5.0,5.0,White,Cloth,False,True,1.0
103178,13845,2021.0,Gasoline,Front Wheel Drive,Manual,6.0,101,1199.0,3.0,5.0,5.0,Black,Cloth,True,False,1.0
93628,7500,2018.0,Gasoline,Front Wheel Drive,Automatic,5.0,83,1199.0,3.0,5.0,5.0,White,Part leather,False,False,1.663126188966392
152167,5750,2016.0,Gasoline,Front Wheel Drive,Manual,5.0,110,1199.0,3.0,5.0,5.0,Black,Cloth,False,True,1.663126188966392
83494,11990,2020.0,Diesel,Front Wheel Drive,Manual,6.0,131,1499.0,4.0,5.0,5.0,Blue,Cloth,True,True,2.0
93500,9900,2015.0,Diesel,Front Wheel Drive,Manual,6.0,150,1997.0,4.0,5.0,5.0,Blue,Cloth,False,False,1.663126188966392
108000,10990,2017.0,Gasoline,Front Wheel Drive,Automatic,5.486510227130129,110,1199.0,3.0,5.0,5.0,Red,Full leather,False,False,2.0
140000,6000,2012.0,Diesel,Front Wheel Drive,Manual,5.0,75,1248.0,4.0,5.0,5.0,Grey,Cloth,True,True,1.663126188966392
79474,9500,2018.0,Gasoline,Front Wheel Drive,Manual,6.0,110,1199.0,3.0,5.0,5.0,Red,Part leather,True,True,1.0
90000,14950,2021.0,Diesel,Front Wheel Drive,Manual,6.0,102,1499.0,4.0,5.0,5.0,White,Cloth,False,True,1.0
222681,5950,2009.0,Gasoline,Front Wheel Drive,Automatic,5.486510227130129,140,1997.0,4.0,5.0,5.0,Grey,Full leather,False,False,1.663126188966392
43500,14950,2021.0,Gasoline,Front Wheel Drive,Manual,6.0,102,1199.0,3.0,5.0,5.0,Grey,Part leather,True,True,1.0
132334,4750,2013.0,Gasoline,Front Wheel Drive,Manual,5.486510227130129,68,999.0,3.0,5.0,5.0,White,Part leather,True,False,1.663126188966392
167029,1990,2010.0,Gasoline,Front Wheel Drive,Manual,5.0,73,1360.0,3.8257612141004707,5.0,5.0,Red,Cloth,True,False,1.663126188966392
291296,1450,2005.0,Gasoline,Front Wheel Drive,Manual,5.486510227130129,136,1997.0,4.0,5.0,5.0,Black,Cloth,False,False,1.663126188966392
15373,14750,2023.0,Gasoline,Front Wheel Drive,Manual,6.0,101,1199.0,3.0,5.0,5.0,Grey,Part leather,True,True,1.0
168000,6490,2014.0,Diesel,Front Wheel Drive,Manual,6.0,116,1560.0,4.0,5.0,5.0,Black,Cloth,True,True,1.0
63801,8490,2019.0,Gasoline,Front Wheel Drive,Manual,5.0,68,1199.0,3.0,5.0,5.0,Grey,Cloth,True,False,2.0
102000,8190,2016.0,Gasoline,Front Wheel Drive,Manual,5.0,110,1199.0,3.0,5.0,5.0,Black,Cloth,False,True,1.0
60200,14100,2019.0,Gasoline,Front Wheel Drive,Manual,6.0,131,1539.94231635872,3.0,5.0,5.0,Black,alcantara,True,True,1.0
113950,8949,2017.0,Gasoline,Front Wheel Drive,Automatic,5.486510227130129,82,1199.0,3.8257612141004707,5.0,5.0,Blue,Cloth,True,True,2.0
185173,3950,2014.0,Gasoline,Front Wheel Drive,Manual,6.0,131,1199.0,3.0,5.0,5.0,Blue,Cloth,False,False,1.663126188966392
98446,12400,2020.0,Gasoline,Front Wheel Drive,Manual,5.0,75,1199.0,3.0,5.0,5.0,Grey,Cloth,True,False,1.663126188966392
86795,7945,2016.0,Gasoline,Front Wheel Drive,Manual,5.486510227130129,131,1199.0,3.0,5.0,5.0,White,Cloth,True,False,1.663126188966392
34709,12990,2023.0,Gasoline,Front Wheel Drive,Manual,5.0,75,1199.0,3.8257612141004707,5.0,5.0,White,Other,False,False,1.0
206847,1595,2008.0,Gasoline,Front Wheel Drive,Manual,5.486510227130129,95,1397.0,4.0,5.0,5.0,Black,Cloth,True,False,1.663126188966392
56560,13900,2021.0,Gasoline,Front Wheel Drive,Manual,6.0,101,1199.0,3.0,5.0,5.0,Orange,Cloth,False,False,1.663126188966392
1,13300,2024.0,Gasoline,Front Wheel Drive,Manual,5.0,75,1199.0,3.0,5.0,5.0,White,Cloth,False,False,1.663126188966392
38431,11990,2021.0,Gasoline,Front Wheel Drive,Manual,5.0,75,1199.0,3.0,5.0,5.0,Yellow,Cloth,False,False,1.663126188966392
110500,3950,2008.0,Gasoline,Front Wheel Drive,Automatic,4.0,120,1598.0,4.0,5.0,5.0,Grey,Cloth,False,False,1.663126188966392
41577,13280,2018.0,Gasoline,Front Wheel Drive,Automatic,6.0,110,1199.0,3.0,5.0,5.0,Black,Cloth,True,True,2.0
39000,12900,2019.0,Diesel,Front Wheel Drive,Manual,5.0,75,1499.0,4.0,5.0,5.0,White,Cloth,False,False,1.663126188966392
56260,14987,2020.0,Gasoline,Front Wheel Drive,Automatic,6.0,101,1199.0,3.0,5.0,5.0,Blue,Cloth,True,True,1.663126188966392
157480,7800,2016.0,Diesel,Front Wheel Drive,Manual,5.0,75,1560.0,4.0,5.0,5.0,White,Cloth,False,False,1.663126188966392
57800,6400,2015.0,Gasoline,Front Wheel Drive,Manual,5.0,68,999.0,3.8257612141004707,5.0,5.0,Blue,Cloth,True,False,1.663126188966392
210288,6499,2017.0,Diesel,Front Wheel Drive,Automatic,6.0,120,1560.0,4.0,5.0,5.0,Blue,Full leather,False,False,1.663126188966392
128450,14990,2019.0,Diesel,Front Wheel Drive,Manual,5.0,102,1499.0,3.8257612141004707,5.0,5.0,Grey,Cloth,True,False,1.663126188966392
76983,8199,2016.0,Gasoline,Front Wheel Drive,Manual,5.0,82,1199.0,3.0,5.0,5.0,Black,Cloth,True,False,1.663126188966392
221395,1495,2009.0,Gasoline,Front Wheel Drive,Manual,5.486510227130129,95,1397.0,4.0,5.0,5.0,Black,Cloth,False,False,1.663126188966392
17652,13810,2023.0,Gasoline,Front Wheel Drive,Manual,6.0,101,1199.0,3.0,5.0,5.0,Grey,Part leather,False,False,1.663126188966392
182000,5950,2016.0,Diesel,Front Wheel Drive,Manual,5.0,101,1560.0,4.0,5.0,5.0,White,Cloth,True,True,2.0
130506,13450,2022.0,Gasoline,Front Wheel Drive,Manual,6.0,101,1199.0,3.0,5.0,5.0,Grey,Cloth,True,False,1.663126188966392
175000,10500,2021.0,Diesel,Front Wheel Drive,Manual,6.0,110,1499.0,4.0,5.0,5.0,White,Cloth,False,False,1.663126188966392
138000,3490,2008.0,Gasoline,Front Wheel Drive,Manual,5.0,120,1598.0,4.0,5.0,5.0,Black,Cloth,False,False,1.663126188966392
16123,14900,2024.0,Gasoline,Front Wheel Drive,Manual,6.0,101,1199.0,3.0,5.0,5.0,Grey,Cloth,False,False,1.663126188966392
85000,8990,2018.0,Gasoline,Front Wheel Drive,Manual,5.0,110,1199.0,3.0,5.0,5.0,Grey,Cloth,False,False,1.663126188966392
72120,12900,2019.0,Diesel,Front Wheel Drive,Manual,6.0,102,1499.0,4.0,5.0,5.0,Grey,Cloth,False,False,1.663126188966392
26789,14700,2024.0,Gasoline,Front Wheel Drive,Manual,6.0,101,1199.0,3.0,5.0,5.0,Black,Other,False,False,2.0
234000,6800,2018.0,Diesel,Front Wheel Drive,Manual,5.0,99,1560.0,4.0,5.0,5.0,White,Full leather,False,False,1.663126188966392
139900,8900,2014.0,Diesel,Front Wheel Drive,Manual,5.486510227130129,92,1560.0,3.8257612141004707,5.0,5.0,Black,Cloth,True,True,1.663126188966392
78000,9600,2018.0,Gasoline,Front Wheel Drive,Manual,5.0,82,1199.0,3.0,5.0,5.0,Grey,Cloth,True,True,2.0
147893,2950,2010.0,Gasoline,Front Wheel Drive,Manual,5.486510227130129,75,1360.0,4.0,5.0,5.0,Grey,Cloth,False,False,1.663126188966392
200000,3500,2013.0,Diesel,4WD,Manual,5.486510227130129,90,1461.0,4.0,5.0,5.0,Grey,Full leather,True,True,1.663126188966392
208982,3885,2015.0,Diesel,Front Wheel Drive,Manual,5.486510227130129,90,1461.0,4.0,5.0,5.0,Red,Full leather,False,False,1.663126188966392
221000,3885,2015.0,Diesel,Front Wheel Drive,Manual,5.486510227130129,90,1461.0,4.0,5.0,5.0,Black,Full leather,False,False,1.663126188966392
244419,7400,2017.0,Gasoline,Front Wheel Drive,Automatic,5.486510227130129,132,1198.0,4.0,5.0,5.0,Blue,Full leather,True,False,1.663126188966392
276957,7950,2016.0,Diesel,Front Wheel Drive,Manual,6.0,111,1461.0,4.0,5.0,5.0,Grey,Cloth,True,False,1.0
206077,1499,2009.0,Gasoline,Front Wheel Drive,Manual,6.0,131,1397.0,4.0,5.0,5.0,Brown,Cloth,False,False,1.663126188966392
50988,11900,2021.0,Gasoline,Front Wheel Drive,Manual,6.0,91,999.0,3.0,5.0,5.0,Grey,Cloth,True,True,1.0
124243,3950,2013.0,Electric,Front Wheel Drive,Automatic,5.486510227130129,88,1539.94231635872,3.8257612141004707,5.0,5.0,Black,Cloth,False,False,1.663126188966392
269547,2200,2011.0,Gasoline,Front Wheel Drive,Manual,6.0,131,1397.0,4.0,5.0,5.0,Grey,Cloth,True,False,1.663126188966392
102037,10990,2019.0,Gasoline,Front Wheel Drive,Manual,6.0,140,1333.0,4.0,5.0,5.0,Black,Cloth,True,True,2.0
216000,7900,2017.0,Diesel,Front Wheel Drive,Manual,6.0,131,1598.0,4.0,5.0,5.0,Grey,Part leather,True,False,1.0
181200,5900,2015.0,LPG,Front Wheel Drive,Manual,5.486510227130129,73,1149.0,4.0,5.0,5.0,Black,Other,False,False,1.663126188966392
98921,10444,2020.0,Gasoline,Front Wheel Drive,Manual,5.0,101,999.0,3.0,5.0,5.0,White,Cloth,True,False,1.663126188966392
84547,12460,2020.0,Gasoline,Front Wheel Drive,Manual,6.0,140,1333.0,4.0,5.0,5.0,Black,Cloth,False,False,2.0
98191,8743,2017.0,Gasoline,Front Wheel Drive,Manual,5.0,90,898.0,3.0,5.0,5.0,Black,Cloth,False,False,1.0
72775,13900,2021.0,Electric/Gasoline,Front Wheel Drive,Automatic,4.0,94,1598.0,4.0,5.0,5.0,White,Other,False,False,1.663126188966392
140378,6395,2014.0,Gasoline,Front Wheel Drive,Manual,5.486510227130129,90,898.0,3.0,5.0,5.0,Grey,Cloth,False,False,1.663126188966392
56546,4980,2005.0,Gasoline,Front Wheel Drive,Manual,5.486510227130129,75,1149.0,4.0,5.0,5.0,Blue,Cloth,False,True,1.0
65548,10990,2019.0,Gasoline,Front Wheel Drive,Manual,6.0,132,1198.0,4.0,5.0,5.0,White,Cloth,False,False,1.663126188966392
70062,9992,2019.0,Gasoline,Front Wheel Drive,Manual,6.0,116,1332.0,4.0,5.0,5.0,White,Cloth,False,True,2.0
255555,2999,2011.0,Diesel,Front Wheel Drive,Manual,6.0,150,1995.0,4.0,5.0,5.0,Grey,Cloth,False,False,1.663126188966392
154020,9990,2016.0,Diesel,Front Wheel Drive,Manual,6.0,110,1461.0,4.0,5.0,5.0,Grey,Cloth,False,False,1.0
160000,6900,2016.0,Diesel,Front Wheel Drive,Manual,5.0,75,1461.0,4.0,5.0,5.0,Red,Cloth,True,False,1.0
184654,4749,2013.0,Gasoline,Front Wheel Drive,Manual,5.486510227130129,116,1198.0,4.0,5.0,5.0,Black,Part leather,True,False,2.0
115000,15000,2018.0,Diesel,4WD,Automatic,6.0,177,1995.0,4.0,5.0,5.0,Black,Full leather,True,False,1.0
25184,8770,2019.0,Electric,Front Wheel Drive,Automatic,5.486510227130129,58,1539.94231635872,3.8257612141004707,5.0,5.0,Grey,Cloth,False,False,1.0
139000,11990,2017.0,Diesel,Front Wheel Drive,Manual,6.0,131,1598.0,4.0,5.0,5.0,Grey,Part leather,False,True,1.663126188966392
78000,8700,2013.0,Diesel,Front Wheel Drive,Manual,5.0,90,1461.0,4.0,5.0,5.0,Black,Part leather,True,True,1.0
143929,7950,2018.0,Gasoline,Front Wheel Drive,Manual,6.0,116,1332.0,4.0,5.0,5.0,Grey,Cloth,False,False,1.663126188966392
91010,6950,2019.0,Electric,Front Wheel Drive,Automatic,5.486510227130129,0,1539.94231635872,3.8257612141004707,5.0,5.0,White,Cloth,False,False,1.663126188966392
50936,10690,2020.0,Gasoline,Front Wheel Drive,Manual,5.0,90,898.0,3.0,5.0,5.0,Black,Cloth,False,True,2.0
68995,10450,2018.0,Gasoline,Front Wheel Drive,Manual,6.0,101,1197.0,4.0,5.0,5.0,White,Part leather,True,True,1.0
140000,2990,2014.0,Diesel,Front Wheel Drive,Manual,5.0,90,1461.0,4.0,5.0,5.0,White,Cloth,False,False,1.663126188966392
15000,12990,2024.0,LPG,Front Wheel Drive,Manual,6.0,91,999.0,3.0,5.0,5.0,Black,Cloth,True,True,1.0
74000,13500,2022.0,LPG,Front Wheel Drive,Manual,5.486510227130129,101,999.0,3.0,5.0,5.0,Blue,Cloth,True,True,1.0
134346,13400,2019.0,Diesel,Front Wheel Drive,Automatic,6.0,160,1997.0,4.0,5.0,5.0,Grey,Cloth,True,False,1.0
140000,5500,2014.0,Gasoline,Front Wheel Drive,Manual,5.0,90,898.0,3.0,5.0,5.0,Black,Cloth,False,False,1.0
97065,10900,2018.0,Diesel,Front Wheel Drive,Manual,6.0,110,1461.0,3.8257612141004707,5.0,5.0,Blue,Other,False,False,1.0
65200,10790,2017.0,Gasoline,Front Wheel Drive,Manual,6.0,101,1197.0,4.0,5.0,5.0,Black,Cloth,True,True,1.0
125000,11000,2017.0,Gasoline,Front Wheel Drive,Automatic,7.0,131,1197.0,4.0,5.0,5.0,Red,Part leather,True,True,2.0
162000,4200,2015.0,Diesel,Front Wheel Drive,Manual,5.0,75,1461.0,4.0,5.0,5.0,White,Other,False,False,1.663126188966392
104600,10990,2018.0,Gasoline,Front Wheel Drive,Manual,6.0,131,1539.94231635872,4.0,5.0,5.0,Blue,Part leather,True,False,1.663126188966392
81669,8995,2018.0,Gasoline,Front Wheel Drive,Manual,5.0,73,1149.0,4.0,5.0,5.0,Grey,Cloth,False,True,1.663126188966392
42000,10990,2021.0,Electric,Front Wheel Drive,Automatic,5.486510227130129,136,1539.94231635872,3.8257612141004707,5.0,5.0,Black,Part leather,True,True,2.0
114318,6950,2011.0,Diesel,Front Wheel Drive,Manual,6.0,150,1995.0,4.0,5.0,5.0,Black,Part leather,False,False,1.663126188966392
38762,13500,2019.0,Diesel,Front Wheel Drive,Manual,5.0,90,1461.0,4.0,5.0,5.0,White,Cloth,False,False,1.0
128727,9445,2016.0,Gasoline,Front Wheel Drive,Manual,6.0,132,1197.0,4.0,5.0,5.0,Grey,Part leather,True,False,1.663126188966392
37498,11800,2015.0,Gasoline,Front Wheel Drive,Automatic,5.486510227130129,120,1197.0,4.0,5.0,5.0,Black,Full leather,True,True,1.0
12250,13490,2023.0,Gasoline,Front Wheel Drive,Manual,5.0,67,999.0,3.0,5.0,5.0,Grey,Cloth,False,True,2.0
65548,10990,2019.0,Gasoline,Front Wheel Drive,Manual,6.0,132,1198.0,4.0,5.0,5.0,White,Cloth,False,False,1.663126188966392
70500,14900,2020.0,Gasoline,Front Wheel Drive,Automatic,7.0,140,1332.0,4.0,5.0,5.0,Blue,Part leather,True,True,1.663126188966392
54340,12900,2023.0,LPG,Front Wheel Drive,Manual,6.0,101,999.0,3.0,5.0,5.0,White,Other,False,False,1.663126188966392
75695,9950,2020.0,Gasoline,Front Wheel Drive,Manual,5.486510227130129,90,898.0,3.0,5.0,5.0,White,Cloth,False,False,1.663126188966392
105245,8500,2014.0,Diesel,Front Wheel Drive,Manual,6.0,110,1461.0,4.0,5.0,5.0,White,Cloth,True,False,1.0
91831,11950,2020.0,Gasoline,Front Wheel Drive,Manual,6.0,101,999.0,3.0,5.0,5.0,Grey,Cloth,False,False,1.0
39892,14910,2018.0,Gasoline,Front Wheel Drive,Automatic,7.0,131,1197.0,4.0,5.0,5.0,Black,Part leather,False,True,1.0
14099,13990,2024.0,Gasoline,Front Wheel Drive,Manual,5.486510227130129,67,999.0,3.0,5.0,5.0,Grey,Cloth,False,False,1.663126188966392
62134,10999,2018.0,Gasoline,Front Wheel Drive,Manual,5.0,90,898.0,3.0,5.0,5.0,White,Part leather,True,False,1.663126188966392
193971,6945,2015.0,Gasoline,Front Wheel Drive,Manual,5.0,90,898.0,3.0,5.0,5.0,Red,Part leather,True,True,2.0
129500,7999,2021.0,Gasoline,Front Wheel Drive,Manual,5.0,67,1539.94231635872,3.0,5.0,5.0,White,Cloth,True,True,1.0
182150,9990,2013.0,Gasoline,Front Wheel Drive,Automatic,6.0,200,1618.0,4.0,5.0,5.0,Red,Full leather,False,True,2.0
124900,8200,2014.0,Diesel,Front Wheel Drive,Manual,5.0,90,1461.0,4.0,5.0,5.0,Red,Cloth,False,True,1.0
31368,8750,2020.0,Electric,Front Wheel Drive,Automatic,5.486510227130129,69,1539.94231635872,3.8257612141004707,5.0,5.0,White,Cloth,False,True,1.0
69000,14900,2019.0,Diesel,Front Wheel Drive,Automatic,5.486510227130129,116,1461.0,4.0,5.0,5.0,Bronze,Part leather,False,False,1.663126188966392
87175,11950,2022.0,Gasoline,Front Wheel Drive,Manual,6.0,131,1333.0,4.0,5.0,5.0,Black,Part leather,False,False,1.663126188966392
119000,14500,2022.0,Diesel,Front Wheel Drive,Automatic,7.0,116,1461.0,4.0,5.0,5.0,White,Other,False,False,1.663126188966392
58880,12890,2017.0,Gasoline,Front Wheel Drive,Automatic,6.0,120,1197.0,4.0,5.0,5.0,Grey,Part leather,False,False,1.663126188966392
126100,6999,2017.0,Gasoline,Front Wheel Drive,Manual,5.0,73,1149.0,4.0,5.0,5.0,Grey,Part leather,False,True,1.663126188966392
49997,14900,2020.0,LPG,Front Wheel Drive,Manual,5.0,101,999.0,3.0,5.0,5.0,Grey,Other,False,False,1.663126188966392
63500,14977,2021.0,Gasoline,Front Wheel Drive,Manual,6.0,140,1333.0,4.0,5.0,5.0,Red,Cloth,False,True,1.0
95643,9374,2020.0,LPG,Front Wheel Drive,Manual,5.0,101,999.0,3.0,5.0,5.0,White,Cloth,False,True,1.663126188966392
52929,10039,2020.0,Gasoline,Front Wheel Drive,Manual,5.0,90,898.0,3.0,5.0,5.0,White,Cloth,True,True,1.0
171968,4500,2009.0,Diesel,Front Wheel Drive,Manual,5.0,90,1461.0,4.0,5.0,5.0,Blue,Cloth,False,False,1.0
138782,7212,2014.0,Gasoline,Front Wheel Drive,Manual,5.0,90,898.0,3.0,5.0,5.0,Beige,Cloth,True,True,1.0
183870,1698,2009.0,Gasoline,Front Wheel Drive,Manual,5.486510227130129,75,1539.94231635872,4.0,5.0,5.0,Red,Cloth,False,False,1.663126188966392
33024,11500,2022.0,Electric,Front Wheel Drive,Automatic,5.486510227130129,69,1539.94231635872,3.8257612141004707,5.0,5.0,Grey,Cloth,False,False,1.0
106488,8445,2019.0,Gasoline,Front Wheel Drive,Manual,5.0,90,898.0,3.0,5.0,5.0,Black,Cloth,True,False,1.663126188966392
43000,9900,2015.0,Diesel,Front Wheel Drive,Manual,5.0,90,1461.0,4.0,5.0,5.0,Grey,Cloth,True,False,1.0
68233,7599,2017.0,Gasoline,Front Wheel Drive,Manual,5.486510227130129,73,1149.0,3.8257612141004707,5.0,5.0,Red,Cloth,False,True,2.0
2,14900,2024.0,Gasoline,Front Wheel Drive,Manual,6.0,91,999.0,3.0,5.0,5.0,Black,Other,False,False,1.663126188966392
46468,14999,2024.0,Gasoline,Front Wheel Drive,Manual,6.0,91,999.0,3.0,5.0,5.0,Grey,Part leather,False,False,1.0
175942,5999,2014.0,Diesel,Front Wheel Drive,Manual,5.486510227130129,131,1598.0,4.0,5.0,5.0,Blue,Part leather,True,False,1.663126188966392
30885,12990,2021.0,Gasoline,Front Wheel Drive,Manual,6.0,91,1539.94231635872,3.0,5.0,5.0,Blue,Cloth,True,True,2.0
44000,7950,2012.0,Gasoline,Front Wheel Drive,Automatic,5.486510227130129,111,1539.94231635872,4.0,5.0,5.0,Bronze,Part leather,True,True,2.0
55000,10500,2017.0,Diesel,Front Wheel Drive,Manual,5.0,90,1461.0,4.0,5.0,5.0,Bronze,Cloth,False,False,1.0
102877,9890,2016.0,Gasoline,Front Wheel Drive,Manual,5.0,90,898.0,3.0,5.0,5.0,Black,Cloth,False,False,1.663126188966392
85001,10101,2019.0,Gasoline,Rear Wheel Drive,Manual,6.0,116,1332.0,4.0,5.0,5.0,Black,Cloth,False,True,1.0
129265,10480,2016.0,Gasoline,Rear Wheel Drive,Manual,6.0,131,1197.0,4.0,5.0,5.0,Grey,Cloth,False,True,2.0
168043,9900,2016.0,Diesel,Front Wheel Drive,Manual,6.0,131,1598.0,4.0,5.0,5.0,Blue,Cloth,False,False,1.663126188966392
66163,13150,2020.0,Gasoline,Front Wheel Drive,Manual,5.0,101,999.0,3.0,5.0,5.0,Silver,Cloth,False,False,1.0
301868,2425,2006.0,Gasoline,Front Wheel Drive,Manual,5.486510227130129,95,1598.0,4.0,5.0,5.0,Green,Cloth,False,False,1.663126188966392
96010,8801,2019.0,Diesel,Front Wheel Drive,Manual,6.0,95,1461.0,4.0,5.0,5.0,White,Cloth,False,False,1.663126188966392
117000,10995,2020.0,Diesel,Front Wheel Drive,Manual,6.0,120,1749.0,4.0,5.0,5.0,Grey,Cloth,True,True,1.0
30768,13900,2024.0,Gasoline,Front Wheel Drive,Manual,6.0,91,999.0,3.0,5.0,5.0,Grey,Other,False,False,1.663126188966392
214000,3800,2013.0,Diesel,Front Wheel Drive,Manual,5.0,90,1461.0,4.0,5.0,5.0,White,Other,False,False,1.663126188966392
99718,13980,2016.0,Diesel,Front Wheel Drive,Automatic,6.0,160,1598.0,4.0,5.0,5.0,Blue,Part leather,True,True,1.0
28923,12500,2023.0,Gasoline,Front Wheel Drive,Manual,5.0,67,999.0,3.0,5.0,5.0,Orange,Cloth,True,True,1.0
66069,12880,2019.0,Gasoline,Front Wheel Drive,Manual,6.0,131,1197.0,4.0,5.0,5.0,White,Cloth,True,False,2.0
185000,6700,2016.0,Diesel,Front Wheel Drive,Manual,6.0,131,1598.0,4.0,5.0,5.0,Black,Full leather,False,False,2.0
206000,5950,2016.0,Gasoline,Front Wheel Drive,Manual,6.0,116,1197.0,4.0,5.0,5.0,White,Cloth,False,False,1.663126188966392
67309,11795,2021.0,Gasoline,Front Wheel Drive,Manual,6.0,91,999.0,3.0,5.0,5.0,White,Cloth,True,False,1.663126188966392
98472,14900,2020.0,Diesel,Front Wheel Drive,Automatic,5.486510227130129,116,1461.0,4.0,5.0,5.0,White,Part leather,False,True,1.0
246932,3750,2013.0,Gasoline,Front Wheel Drive,Manual,5.486510227130129,90,898.0,3.0,5.0,5.0,White,Part leather,False,False,1.663126188966392
94462,8950,2019.0,Gasoline,Front Wheel Drive,Manual,5.486510227130129,90,898.0,3.0,5.0,5.0,Grey,Part leather,False,False,1.663126188966392
71519,12495,2018.0,Gasoline,Front Wheel Drive,Manual,6.0,140,1332.0,4.0,5.0,5.0,Grey,Cloth,False,False,2.0
61989,12460,2017.0,Gasoline,Front Wheel Drive,Manual,5.486510227130129,132,1197.0,3.8257612141004707,5.0,5.0,Gold,Part leather,False,True,2.0
84470,9450,2021.0,Electric,Front Wheel Drive,Automatic,5.486510227130129,69,1539.94231635872,3.8257612141004707,5.0,5.0,White,Cloth,False,True,1.0
158000,10600,2018.0,Diesel,Front Wheel Drive,Manual,6.0,110,1461.0,4.0,5.0,5.0,Black,Cloth,False,False,1.663126188966392
138400,12799,2016.0,Diesel,Front Wheel Drive,Automatic,7.0,110,1461.0,4.0,5.0,5.0,Black,Cloth,True,True,1.0
140628,5999,2013.0,Gasoline,Front Wheel Drive,Manual,5.0,90,898.0,3.0,5.0,5.0,Grey,Cloth,True,False,1.663126188966392
47986,12988,2019.0,Gasoline,Front Wheel Drive,Manual,6.0,131,1332.0,4.0,5.0,5.0,Orange,Cloth,True,False,2.0
128020,11444,2019.0,Gasoline,Front Wheel Drive,Manual,6.0,159,1332.0,4.0,5.0,5.0,Grey,Part leather,True,False,2.0
187000,3500,2011.0,LPG,Front Wheel Drive,Manual,5.0,75,1149.0,4.0,5.0,5.0,White,Cloth,True,False,1.0
90445,8990,2015.0,Diesel,Front Wheel Drive,Manual,6.0,90,1461.0,4.0,5.0,5.0,White,Cloth,False,False,1.663126188966392
77900,8490,2014.0,Gasoline,Front Wheel Drive,Manual,5.0,90,898.0,3.0,5.0,5.0,Silver,Cloth,False,False,2.0
109808,9999,2018.0,Gasoline,Front Wheel Drive,Manual,5.486510227130129,101,1198.0,4.0,5.0,5.0,White,Cloth,False,False,1.663126188966392
91150,9999,2017.0,Gasoline,Front Wheel Drive,Automatic,6.0,118,1197.0,4.0,5.0,5.0,Grey,Cloth,True,True,1.0
79999,9912,2018.0,Gasoline,Rear Wheel Drive,Manual,5.0,90,898.0,3.0,5.0,5.0,Blue,Cloth,True,True,1.0
291352,990,2008.0,Gasoline,Front Wheel Drive,Manual,5.0,75,1149.0,4.0,5.0,5.0,Grey,Cloth,True,False,1.663126188966392
94261,9790,2022.0,Diesel,Front Wheel Drive,Manual,6.0,101,1461.0,4.0,5.0,5.0,Grey,Cloth,False,True,1.0
29919,12530,2021.0,Gasoline,Front Wheel Drive,Manual,5.486510227130129,91,999.0,3.8257612141004707,5.0,5.0,Grey,Cloth,True,True,1.0
62150,13900,2018.0,Gasoline,Front Wheel Drive,Automatic,7.0,140,1330.0,4.0,5.0,5.0,Grey,Cloth,False,False,1.663126188966392
69200,9995,2018.0,Gasoline,Front Wheel Drive,Manual,5.0,90,898.0,3.0,5.0,5.0,Grey,Cloth,True,True,1.0
13980,11712,2021.0,Gasoline,Front Wheel Drive,Manual,6.0,91,999.0,3.0,5.0,5.0,Grey,Cloth,False,False,1.0
102000,4700,2009.0,Gasoline,Front Wheel Drive,Manual,5.0,101,1149.0,4.0,5.0,5.0,Black,Cloth,True,True,1.0
73492,11990,2020.0,Gasoline,Front Wheel Drive,Manual,5.0,101,999.0,3.0,5.0,5.0,Grey,Cloth,False,True,1.0
38211,13970,2021.0,Gasoline,Front Wheel Drive,Manual,6.0,116,1332.0,4.0,5.0,5.0,Grey,Cloth,True,True,2.0
58808,11999,2019.0,Gasoline,Front Wheel Drive,Manual,6.0,116,1332.0,4.0,5.0,5.0,Grey,Cloth,True,True,1.0
85161,11500,2016.0,Diesel,Front Wheel Drive,Automatic,6.0,110,1461.0,4.0,5.0,5.0,Grey,Cloth,False,False,1.663126188966392
81785,10888,2019.0,Gasoline,Front Wheel Drive,Manual,5.0,90,898.0,3.0,5.0,5.0,Silver,Cloth,True,True,2.0
26191,14980,2018.0,Gasoline,Front Wheel Drive,Automatic,5.486510227130129,118,1197.0,4.0,5.0,5.0,White,Cloth,False,False,2.0
41750,11990,2017.0,Gasoline,Front Wheel Drive,Manual,6.0,131,1197.0,4.0,5.0,5.0,Blue,Cloth,False,True,2.0
103953,9500,2015.0,Diesel,Front Wheel Drive,Manual,6.0,110,1461.0,4.0,5.0,5.0,White,Cloth,False,True,1.663126188966392
90000,12490,2018.0,Gasoline,Front Wheel Drive,Manual,6.0,131,1197.0,3.8257612141004707,5.0,5.0,Blue,Full leather,False,True,2.0
30654,13900,2024.0,Gasoline,Front Wheel Drive,Manual,6.0,91,999.0,3.0,5.0,5.0,Grey,Other,False,False,1.663126188966392
153823,5950,2013.0,Gasoline,Front Wheel Drive,Manual,5.486510227130129,131,1198.0,4.0,5.0,5.0,Grey,Part leather,True,True,1.663126188966392
157416,13990,2015.0,Diesel,Front Wheel Drive,Automatic,6.0,160,1598.0,3.8257612141004707,5.0,5.0,Black,Full leather,True,False,1.663126188966392
94754,5499,2005.0,Gasoline,Front Wheel Drive,Automatic,5.0,135,1998.0,4.0,5.0,5.0,Blue,Part leather,True,True,2.0
93092,12400,2019.0,Diesel,Front Wheel Drive,Automatic,7.0,110,1461.0,4.0,5.0,5.0,Grey,Cloth,False,False,1.0
51051,13750,2018.0,Gasoline,Front Wheel Drive,Automatic,6.0,118,1197.0,3.8257612141004707,5.0,5.0,Silver,Cloth,False,True,1.0
109852,14520,2023.0,Gasoline,Front Wheel Drive,Manual,5.486510227130129,140,1333.0,4.0,5.0,5.0,Blue,Part leather,True,True,1.0
44697,14990,2020.0,Gasoline,Front Wheel Drive,Manual,5.0,101,999.0,3.0,5.0,5.0,Black,Cloth,False,True,1.0
115000,11900,2016.0,Diesel,Front Wheel Drive,Automatic,6.0,160,1598.0,4.0,5.0,5.0,Blue,Part leather,False,False,1.0
38259,8945,2020.0,Electric,Front Wheel Drive,Automatic,5.486510227130129,109,1539.94231635872,3.8257612141004707,5.0,5.0,Blue,Cloth,False,True,1.0
26061,14450,2020.0,Gasoline,Front Wheel Drive,Manual,6.0,140,1333.0,4.0,5.0,5.0,Red,Cloth,True,True,1.0
98312,8450,2017.0,Gasoline,Front Wheel Drive,Manual,5.0,90,898.0,3.0,5.0,5.0,Grey,Cloth,False,False,1.663126188966392
112900,8690,2018.0,Gasoline,Front Wheel Drive,Manual,5.0,90,898.0,3.0,5.0,5.0,Black,Cloth,True,True,1.0
90000,14890,2020.0,Diesel,Front Wheel Drive,Automatic,6.0,120,1749.0,4.0,5.0,5.0,Grey,Cloth,False,False,1.663126188966392
215215,10950,2015.0,Gasoline,Front Wheel Drive,Automatic,7.0,200,1618.0,4.0,5.0,5.0,Grey,Cloth,False,False,1.663126188966392
114528,12600,2020.0,LPG,Front Wheel Drive,Manual,5.0,101,999.0,3.0,5.0,5.0,Blue,Other,False,False,1.0
140260,7999,2018.0,Gasoline,Front Wheel Drive,Manual,5.0,90,898.0,3.0,5.0,5.0,Black,Cloth,True,False,1.663126188966392
79413,11900,2020.0,Gasoline,Front Wheel Drive,Manual,5.0,101,999.0,3.0,5.0,5.0,White,Cloth,True,True,1.0
144451,13600,2020.0,Diesel,Front Wheel Drive,Automatic,6.0,160,1997.0,4.0,5.0,5.0,Silver,Cloth,True,False,1.0
96304,12222,2020.0,Gasoline,Front Wheel Drive,Manual,5.0,101,999.0,3.0,5.0,5.0,Red,Cloth,False,False,2.0
145000,9900,2015.0,Diesel,Front Wheel Drive,Manual,6.0,131,1598.0,4.0,5.0,5.0,Bronze,Part leather,True,False,1.0
181060,3945,2004.0,Gasoline,Front Wheel Drive,Automatic,5.0,165,1998.0,4.0,5.0,5.0,Blue,Velour,True,False,2.0
36027,14249,2021.0,Gasoline,Front Wheel Drive,Manual,5.486510227130129,91,999.0,3.8257612141004707,5.0,5.0,Blue,Cloth,False,True,1.0
119867,12950,2019.0,Gasoline,Front Wheel Drive,Manual,6.0,141,1332.0,4.0,5.0,5.0,Grey,Part leather,True,False,1.0
62090,8270,2019.0,Electric,Front Wheel Drive,Automatic,5.486510227130129,109,1539.94231635872,3.8257612141004707,5.0,5.0,Grey,Cloth,True,True,1.0
50700,13880,2021.0,Electric/Gasoline,Front Wheel Drive,Automatic,6.0,91,1598.0,4.0,5.0,5.0,Blue,Cloth,True,True,1.663126188966392
37210,13940,2018.0,Gasoline,Front Wheel Drive,Manual,6.0,116,1332.0,4.0,5.0,5.0,Grey,Cloth,True,False,2.0
114360,12500,2018.0,Diesel,Front Wheel Drive,Manual,6.0,131,1598.0,4.0,5.0,5.0,Grey,Cloth,False,False,1.663126188966392
35500,11222,2020.0,Gasoline,Front Wheel Drive,Manual,5.0,76,898.0,3.0,5.0,5.0,Black,Cloth,False,True,2.0
66817,11730,2019.0,Gasoline,Front Wheel Drive,Manual,5.0,90,898.0,3.0,5.0,5.0,Orange,Cloth,True,True,2.0
45000,10880,2020.0,Electric,Front Wheel Drive,Automatic,5.486510227130129,69,1539.94231635872,3.8257612141004707,5.0,5.0,White,Cloth,True,True,1.0
65768,14920,2020.0,Gasoline,Front Wheel Drive,Manual,5.0,101,999.0,3.0,5.0,5.0,Blue,Cloth,False,False,1.0
79102,11700,2020.0,LPG,Front Wheel Drive,Manual,5.0,91,999.0,3.0,5.0,5.0,White,Other,False,False,1.663126188966392
47659,14692,2022.0,Gasoline,Front Wheel Drive,Manual,6.0,114,999.0,3.0,5.0,5.0,White,Cloth,True,True,2.0
65336,13888,2019.0,Gasoline,Front Wheel Drive,Manual,6.0,140,1332.0,3.8257612141004707,5.0,5.0,Grey,Cloth,True,False,2.0
85000,10499,2016.0,Gasoline,Front Wheel Drive,Manual,6.0,101,1539.94231635872,4.0,5.0,5.0,White,Cloth,True,True,1.663126188966392
149430,7490,2017.0,Gasoline,Front Wheel Drive,Manual,6.0,116,1197.0,4.0,5.0,5.0,Grey,Cloth,False,False,2.0
104051,13999,2018.0,Gasoline,Front Wheel Drive,Automatic,7.0,131,1198.0,4.0,5.0,5.0,Blue,Cloth,False,False,1.663126188966392
151303,6999,2015.0,Gasoline,Front Wheel Drive,Manual,6.0,116,1198.0,4.0,5.0,5.0,Grey,Cloth,False,False,1.663126188966392
85015,14950,2020.0,Gasoline,Front Wheel Drive,Manual,5.486510227130129,140,1332.0,3.8257612141004707,5.0,5.0,Blue,Cloth,True,True,1.663126188966392
296218,1000,2008.0,Gasoline,Front Wheel Drive,Manual,5.486510227130129,135,1998.0,4.0,5.0,5.0,Beige,Part leather,True,False,1.663126188966392
74346,14290,2020.0,Gasoline,Front Wheel Drive,Manual,5.0,101,999.0,3.0,5.0,5.0,Grey,Cloth,False,True,2.0
103915,2950,2008.0,Gasoline,Front Wheel Drive,Manual,5.486510227130129,75,1149.0,4.0,5.0,5.0,Black,Cloth,True,False,1.663126188966392
218000,3990,2014.0,Diesel,Front Wheel Drive,Manual,6.0,110,1461.0,4.0,5.0,5.0,Silver,Cloth,True,True,1.0
48255,10595,2019.0,Electric,Front Wheel Drive,Automatic,5.486510227130129,109,1539.94231635872,3.8257612141004707,5.0,5.0,Grey,Cloth,False,False,1.0
122974,11490,2021.0,Diesel,Front Wheel Drive,Manual,6.0,116,1461.0,4.0,5.0,5.0,Grey,Cloth,False,False,1.663126188966392
37816,14500,2022.0,Gasoline,Front Wheel Drive,Manual,6.0,91,999.0,3.0,5.0,5.0,Grey,Cloth,False,False,1.0
28546,12980,2017.0,Gasoline,Front Wheel Drive,Automatic,5.486510227130129,118,1197.0,4.0,5.0,5.0,Silver,Cloth,False,False,1.0
114944,9995,2016.0,Diesel,Front Wheel Drive,Manual,5.486510227130129,110,1461.0,4.0,5.0,5.0,Black,Cloth,False,True,1.663126188966392
56782,11500,2021.0,Gasoline,Front Wheel Drive,Manual,5.0,67,999.0,3.0,5.0,5.0,Grey,Other,False,False,1.663126188966392
79747,12990,2020.0,Gasoline,Front Wheel Drive,Manual,6.0,140,1333.0,4.0,5.0,5.0,Black,Cloth,False,False,2.0
121000,6900,2015.0,Gasoline,Front Wheel Drive,Manual,5.0,90,898.0,3.0,5.0,5.0,White,Cloth,False,False,1.0
18200,12990,2021.0,Gasoline,Front Wheel Drive,Manual,6.0,91,999.0,3.0,5.0,5.0,White,Cloth,True,True,1.0
86451,11000,2019.0,Diesel,Front Wheel Drive,Manual,5.0,90,1461.0,4.0,5.0,5.0,Silver,Cloth,True,False,1.0
48569,12450,2020.0,Gasoline,Front Wheel Drive,Manual,5.0,101,999.0,3.0,5.0,5.0,White,Cloth,False,False,1.663126188966392
125961,8900,2018.0,Diesel,Front Wheel Drive,Manual,5.0,75,1461.0,4.0,5.0,5.0,Beige,Part leather,False,False,2.0
39851,14950,2024.0,Gasoline,Front Wheel Drive,Manual,6.0,90,999.0,3.0,5.0,5.0,Black,Cloth,False,False,1.663126188966392
46698,11960,2020.0,Gasoline,Front Wheel Drive,Manual,5.486510227130129,101,999.0,3.8257612141004707,5.0,5.0,Grey,Cloth,True,True,2.0
107343,12999,2018.0,Gasoline,Front Wheel Drive,Manual,5.486510227130129,131,1197.0,4.0,5.0,5.0,Blue,Full leather,True,False,1.663126188966392
79800,13780,2020.0,Diesel,Front Wheel Drive,Manual,6.0,116,1461.0,4.0,5.0,5.0,Red,Cloth,True,True,2.0
56189,14900,2020.0,Diesel,Front Wheel Drive,Manual,6.0,116,1461.0,4.0,5.0,5.0,Black,Part leather,False,False,1.663126188966392
94000,9880,2015.0,Diesel,Front Wheel Drive,Automatic,6.0,110,1461.0,3.8257612141004707,5.0,5.0,Black,Cloth,True,True,1.663126188966392
41500,13450,2022.0,Gasoline,Front Wheel Drive,Manual,6.0,91,1539.94231635872,3.0,5.0,5.0,Orange,Cloth,True,True,1.0
30000,11990,2021.0,Gasoline,Front Wheel Drive,Manual,5.0,73,989.0,3.0,5.0,5.0,White,alcantara,True,True,1.0
77000,14900,2022.0,Electric/Gasoline,Front Wheel Drive,Automatic,4.0,143,1598.0,4.0,5.0,5.0,Blue,Other,False,False,1.663126188966392
21297,14950,2020.0,Gasoline,Front Wheel Drive,Manual,5.486510227130129,101,999.0,3.0,5.0,5.0,White,Part leather,True,False,1.0
77036,14995,2020.0,Gasoline,Front Wheel Drive,Manual,6.0,140,1332.0,4.0,5.0,5.0,Blue,Cloth,True,True,1.0
226418,1450,2007.0,Gasoline,Front Wheel Drive,Manual,5.0,75,1149.0,4.0,5.0,5.0,Red,Cloth,True,False,1.663126188966392
172875,2999,2011.0,Gasoline,Front Wheel Drive,Manual,5.486510227130129,75,1149.0,4.0,5.0,5.0,Black,Cloth,False,False,1.663126188966392
117000,10500,2020.0,Diesel,Front Wheel Drive,Automatic,6.0,116,1461.0,4.0,5.0,5.0,Blue,Cloth,True,False,1.0
147000,6999,2013.0,Gasoline,Front Wheel Drive,Manual,5.486510227130129,75,1149.0,4.0,5.0,5.0,Grey,Cloth,True,True,1.0
188981,1250,2008.0,Gasoline,Front Wheel Drive,Manual,5.486510227130129,111,1598.0,4.0,5.0,5.0,Grey,Cloth,True,False,1.663126188966392
17035,13990,2019.0,Gasoline,Front Wheel Drive,Manual,5.486510227130129,116,1332.0,3.8257612141004707,5.0,5.0,Blue,Cloth,True,True,1.663126188966392
238409,3950,2010.0,Gasoline,Front Wheel Drive,Automatic,5.486510227130129,140,1997.0,4.0,5.0,5.0,Grey,Cloth,True,False,1.663126188966392
150975,12990,2016.0,Diesel,Front Wheel Drive,Semi-automatic,7.0,110,1461.0,4.0,5.0,5.0,Grey,Other,False,False,1.663126188966392
69117,10990,2017.0,Gasoline,Front Wheel Drive,Manual,6.0,118,1197.0,4.0,5.0,5.0,Black,Cloth,True,True,1.0
94500,7400,2013.0,Gasoline,Front Wheel Drive,Manual,5.0,90,898.0,3.8257612141004707,5.0,5.0,Brown,Cloth,True,False,1.663126188966392
131720,10888,2017.0,Gasoline,Front Wheel Drive,Manual,6.0,131,1198.0,4.0,5.0,5.0,Grey,Cloth,False,False,2.0
90449,11990,2018.0,Gasoline,Front Wheel Drive,Automatic,6.0,118,1197.0,4.0,5.0,5.0,Red,Cloth,False,False,2.0
77000,11990,2018.0,Diesel,Front Wheel Drive,Manual,6.0,110,1461.0,4.0,5.0,5.0,Grey,Cloth,False,False,1.663126188966392
38621,14250,2020.0,Gasoline,Front Wheel Drive,Manual,5.0,101,999.0,3.8257612141004707,5.0,5.0,Grey,Cloth,False,False,1.663126188966392
90940,11995,2016.0,Gasoline,Front Wheel Drive,Manual,6.0,132,1197.0,4.0,5.0,5.0,Blue,Cloth,True,False,1.663126188966392
115382,6750,2013.0,Gasoline,Front Wheel Drive,Manual,5.486510227130129,90,898.0,3.0,5.0,5.0,Grey,Cloth,True,False,2.0
44900,14389,2019.0,Gasoline,Front Wheel Drive,Manual,6.0,140,1539.94231635872,4.0,5.0,5.0,Blue,Cloth,True,True,2.0
64701,9900,2015.0,Gasoline,Front Wheel Drive,Manual,5.0,90,898.0,3.0,5.0,5.0,Brown,Cloth,True,False,1.0
104000,10900,2017.0,Diesel,Front Wheel Drive,Manual,5.0,90,1461.0,4.0,5.0,5.0,Blue,Part leather,False,False,1.0
125394,8149,2015.0,Gasoline,Front Wheel Drive,Manual,5.486510227130129,90,898.0,3.8257612141004707,5.0,5.0,Black,Cloth,False,True,2.0
97029,14300,2021.0,Electric/Gasoline,Front Wheel Drive,Automatic,4.0,94,1598.0,4.0,5.0,5.0,White,Cloth,True,True,1.0
157900,2900,2005.0,Gasoline,Front Wheel Drive,Manual,5.0,113,1598.0,3.8257612141004707,5.0,5.0,Beige,Cloth,True,False,1.663126188966392
46553,14500,2022.0,Electric/Gasoline,Front Wheel Drive,Automatic,4.0,140,1598.0,4.0,5.0,5.0,Blue,Other,False,False,1.0
48643,14900,2024.0,Gasoline,Front Wheel Drive,Manual,6.0,91,999.0,3.0,5.0,5.0,Grey,Other,False,False,1.663126188966392
122000,10800,2017.0,Diesel,Front Wheel Drive,Automatic,6.0,110,1461.0,4.0,5.0,5.0,Grey,Part leather,True,True,1.0
59000,13945,2018.0,Gasoline,Front Wheel Drive,Manual,5.486510227130129,140,1332.0,3.8257612141004707,5.0,5.0,Red,Cloth,False,False,2.0
134370,11500,2018.0,Diesel,Front Wheel Drive,Automatic,7.0,110,1461.0,4.0,5.0,5.0,Grey,Other,False,False,1.663126188966392
101973,13888,2020.0,Gasoline,Front Wheel Drive,Manual,6.0,140,1332.0,4.0,5.0,5.0,Blue,Cloth,True,True,2.0
113997,11950,2017.0,Gasoline,Front Wheel Drive,Manual,6.0,131,1197.0,4.0,5.0,5.0,Grey,Cloth,True,False,1.0
23291,14990,2022.0,Electric/Gasoline,Front Wheel Drive,Automatic,4.0,91,1598.0,4.0,5.0,5.0,Blue,Cloth,False,False,1.663126188966392
134777,8499,2019.0,Gasoline,Front Wheel Drive,Manual,5.0,90,898.0,3.0,5.0,5.0,Blue,Cloth,False,False,1.663126188966392
87132,13490,2018.0,Diesel,Front Wheel Drive,Manual,6.0,116,1461.0,4.0,5.0,5.0,White,Other,False,False,1.663126188966392
80446,7900,2013.0,Diesel,4WD,Automatic,6.0,150,1995.0,4.0,5.0,5.0,Black,Other,False,False,1.0
48029,14950,2024.0,Gasoline,Front Wheel Drive,Manual,6.0,90,999.0,3.0,5.0,5.0,Grey,Cloth,False,False,1.663126188966392
22649,13900,2022.0,Gasoline,Front Wheel Drive,Manual,6.0,91,999.0,3.0,5.0,5.0,Grey,Cloth,False,False,1.663126188966392
138000,9900,2017.0,Diesel,Front Wheel Drive,Manual,6.0,131,1598.0,4.0,5.0,5.0,White,Part leather,True,False,1.0
45318,10980,2020.0,Electric,Front Wheel Drive,Automatic,5.486510227130129,69,1539.94231635872,3.8257612141004707,5.0,5.0,White,Cloth,False,False,1.0
23047,10290,2020.0,Gasoline,Front Wheel Drive,Manual,5.486510227130129,72,999.0,3.8257612141004707,5.0,5.0,Red,Cloth,False,True,1.0
160000,11000,2014.0,Gasoline,Front Wheel Drive,Automatic,5.486510227130129,200,1618.0,4.0,5.0,5.0,Black,Cloth,False,False,2.0
129676,13950,2018.0,Diesel,Front Wheel Drive,Automatic,6.0,110,1461.0,3.8257612141004707,5.0,5.0,Red,Part leather,False,False,1.663126188966392
124436,11995,2020.0,Gasoline,Front Wheel Drive,Manual,5.486510227130129,116,1332.0,4.0,5.0,5.0,Grey,Cloth,False,True,1.663126188966392
112322,10890,2016.0,Diesel,Front Wheel Drive,Manual,6.0,131,1598.0,4.0,5.0,5.0,White,Full leather,False,False,2.0
126057,11950,2015.0,Diesel,Front Wheel Drive,Semi-automatic,6.0,160,1598.0,4.0,5.0,5.0,White,Part leather,True,False,1.663126188966392
90000,14800,2022.0,LPG,Front Wheel Drive,Manual,6.0,101,999.0,3.0,5.0,5.0,Blue,Part leather,True,True,1.0
119000,7990,2016.0,Diesel,Front Wheel Drive,Semi-automatic,6.0,110,1461.0,4.0,5.0,5.0,Black,Cloth,False,False,1.663126188966392
209585,1699,2006.0,Gasoline,Front Wheel Drive,Manual,5.486510227130129,135,1998.0,4.0,5.0,5.0,Black,Cloth,False,False,1.663126188966392
155000,5490,2014.0,LPG,Front Wheel Drive,Manual,5.0,73,1149.0,4.0,5.0,5.0,White,Cloth,True,True,1.0
30000,12800,2021.0,Gasoline,Front Wheel Drive,Manual,5.486510227130129,67,999.0,3.0,5.0,5.0,Red,Cloth,False,True,1.663126188966392
57912,14390,2019.0,Gasoline,Front Wheel Drive,Manual,6.0,131,1333.0,4.0,5.0,5.0,Grey,Cloth,True,True,1.0
30183,10490,2021.0,Electric,Front Wheel Drive,Automatic,5.486510227130129,82,1539.94231635872,3.8257612141004707,5.0,5.0,Grey,Cloth,False,False,1.0
40779,13500,2022.0,LPG,Front Wheel Drive,Manual,6.0,101,999.0,3.0,5.0,5.0,Orange,Other,False,False,1.663126188966392
108423,11400,2022.0,Electric/Gasoline,Front Wheel Drive,Automatic,4.0,94,1598.0,4.0,5.0,5.0,Grey,Other,False,False,1.663126188966392
63419,8450,2014.0,Electric,Front Wheel Drive,Automatic,6.0,58,1539.94231635872,3.8257612141004707,5.0,5.0,White,Cloth,False,False,1.663126188966392
43175,13489,2018.0,Gasoline,Front Wheel Drive,Manual,6.0,140,1332.0,4.0,5.0,5.0,Black,Part leather,True,True,2.0
39312,14850,2023.0,Gasoline,Front Wheel Drive,Manual,6.0,91,999.0,3.0,5.0,5.0,Blue,Cloth,False,True,1.663126188966392
119000,5990,2014.0,Gasoline,Front Wheel Drive,Manual,6.0,116,1197.0,4.0,5.0,5.0,White,Cloth,False,False,1.663126188966392
56325,14790,2020.0,Gasoline,Front Wheel Drive,Manual,6.0,140,1300.0,3.8257612141004707,5.0,5.0,Grey,Cloth,False,True,2.0
37470,10911,2021.0,Electric,Rear Wheel Drive,Automatic,5.486510227130129,82,1539.94231635872,3.8257612141004707,5.0,5.0,Grey,Part leather,False,True,1.0
67347,13900,2023.0,Electric/Gasoline,Front Wheel Drive,Automatic,4.0,94,1598.0,4.0,5.0,5.0,Blue,Part leather,False,False,1.663126188966392
94000,9880,2015.0,Diesel,Front Wheel Drive,Automatic,6.0,110,1461.0,3.8257612141004707,5.0,5.0,Black,Cloth,True,True,1.663126188966392
113102,9890,2021.0,Diesel,Front Wheel Drive,Manual,6.0,116,1461.0,4.0,5.0,5.0,Grey,Full leather,True,False,1.0
108445,11490,2022.0,Electric/Gasoline,Front Wheel Drive,Automatic,4.0,140,1598.0,4.0,5.0,5.0,Grey,Cloth,False,True,1.0
125000,9800,2020.0,Diesel,Front Wheel Drive,Manual,5.0,90,1461.0,4.0,5.0,5.0,Black,Cloth,True,False,1.0
72512,10995,2016.0,Gasoline,Front Wheel Drive,Manual,6.0,131,1198.0,4.0,5.0,5.0,Black,Cloth,False,False,1.663126188966392
184251,6190,2018.0,Gasoline,Front Wheel Drive,Manual,5.486510227130129,90,898.0,3.0,5.0,5.0,White,Cloth,False,False,1.663126188966392
26189,14888,2019.0,Gasoline,Front Wheel Drive,Manual,6.0,131,1332.0,4.0,5.0,5.0,Grey,Cloth,False,False,2.0
198811,4950,2013.0,Gasoline,Front Wheel Drive,Manual,5.0,90,898.0,3.0,5.0,5.0,Black,Cloth,False,False,2.0
221587,3650,2011.0,Gasoline,Front Wheel Drive,Manual,5.486510227130129,131,1397.0,4.0,5.0,5.0,Grey,Part leather,True,False,1.663126188966392
127136,11900,2017.0,Gasoline,Front Wheel Drive,Manual,6.0,132,1198.0,4.0,5.0,5.0,Red,Part leather,True,False,1.663126188966392
110557,7307,2016.0,Diesel,Front Wheel Drive,Manual,5.0,75,1461.0,4.0,5.0,5.0,White,Part leather,False,False,1.663126188966392
66000,14990,2022.0,Gasoline,Front Wheel Drive,Manual,6.0,91,999.0,3.0,5.0,5.0,Blue,Cloth,True,True,1.0
99344,11890,2017.0,Gasoline,Front Wheel Drive,Manual,6.0,163,1618.0,4.0,5.0,5.0,Grey,Part leather,False,False,2.0
72186,13490,2021.0,Gasoline,Front Wheel Drive,Manual,7.0,140,1333.0,4.0,5.0,5.0,Grey,Cloth,False,False,1.663126188966392
76261,7990,2019.0,Gasoline,Front Wheel Drive,Manual,6.0,91,999.0,3.0,5.0,5.0,Grey,Cloth,False,False,1.663126188966392
123000,6700,2015.0,Gasoline,Front Wheel Drive,Manual,5.0,73,1149.0,4.0,5.0,5.0,Black,Cloth,True,True,1.663126188966392
97451,10386,2018.0,Diesel,Front Wheel Drive,Automatic,6.0,90,1461.0,4.0,5.0,5.0,Grey,Other,False,False,1.0
219801,3975,2013.0,Diesel,Front Wheel Drive,Manual,5.486510227130129,90,1461.0,4.0,5.0,5.0,Red,Cloth,True,False,1.663126188966392
88120,11760,2016.0,Diesel,Front Wheel Drive,Manual,6.0,110,1461.0,4.0,5.0,5.0,Red,Cloth,False,False,1.663126188966392
149000,13290,2017.0,Gasoline,Front Wheel Drive,Automatic,7.0,205,1618.0,4.0,5.0,5.0,Blue,Cloth,True,False,2.0
45466,9950,2020.0,CNG,Front Wheel Drive,Manual,6.0,131,1498.0,4.0,5.0,5.0,Grey,alcantara,True,False,1.0
178000,2999,2009.0,Gasoline,Front Wheel Drive,Manual,5.486510227130129,86,1390.0,4.0,5.0,5.0,Green,Cloth,True,False,1.663126188966392
53000,10950,2020.0,CNG,Front Wheel Drive,Manual,5.486510227130129,90,999.0,3.0,5.0,5.0,Black,Cloth,False,True,1.0
183290,6995,2013.0,Gasoline,Front Wheel Drive,Manual,5.486510227130129,122,1395.0,4.0,5.0,5.0,Grey,Cloth,True,False,1.663126188966392
16400,14990,2021.0,Gasoline,Front Wheel Drive,Manual,6.0,110,999.0,3.0,5.0,5.0,White,Cloth,True,True,1.0
110000,5500,2011.0,Diesel,Front Wheel Drive,Manual,5.0,90,1598.0,4.0,5.0,5.0,White,Cloth,False,False,1.663126188966392
31178,12521,2022.0,Gasoline,Front Wheel Drive,Manual,5.0,95,999.0,3.0,5.0,5.0,Black,Cloth,False,True,1.663126188966392
103328,8250,2013.0,Gasoline,Front Wheel Drive,Automatic,5.486510227130129,150,1390.0,4.0,5.0,5.0,Black,Cloth,True,False,1.663126188966392
108500,13990,2017.0,Gasoline,Front Wheel Drive,Manual,6.0,150,1539.94231635872,4.0,5.0,5.0,Beige,Cloth,True,True,1.0
120821,10480,2016.0,Gasoline,Front Wheel Drive,Manual,6.0,150,1395.0,4.0,5.0,5.0,Grey,Part leather,True,True,2.0
62000,9499,2014.0,Gasoline,Front Wheel Drive,Manual,6.0,105,1197.0,4.0,5.0,5.0,Grey,Cloth,True,True,1.0
104339,13995,2014.0,Gasoline,Front Wheel Drive,Automatic,6.0,150,1395.0,4.0,5.0,5.0,Black,Part leather,True,False,1.663126188966392
138728,11990,2018.0,Gasoline,Front Wheel Drive,Manual,6.0,116,999.0,3.0,5.0,5.0,Silver,Cloth,True,True,1.0
64262,10990,2014.0,Diesel,Front Wheel Drive,Manual,6.0,105,1598.0,4.0,5.0,5.0,Grey,Cloth,True,True,1.0
157100,9980,2015.0,Diesel,Front Wheel Drive,Automatic,6.0,184,1968.0,4.0,5.0,5.0,Grey,Part leather,True,True,1.0
164293,7499,2013.0,Gasoline,Front Wheel Drive,Manual,6.0,105,1197.0,4.0,5.0,5.0,Black,Cloth,True,False,1.663126188966392
57900,14950,2021.0,Gasoline,Front Wheel Drive,Manual,6.0,116,999.0,3.0,5.0,5.0,Grey,Cloth,False,True,2.0
55542,11390,2023.0,CNG,Front Wheel Drive,Manual,6.0,90,999.0,3.0,5.0,5.0,Green,Cloth,False,True,1.0
152600,10480,2018.0,Gasoline,Front Wheel Drive,Automatic,7.0,116,999.0,3.0,5.0,5.0,Silver,Cloth,True,False,2.0
77073,14990,2021.0,Gasoline,Front Wheel Drive,Manual,6.0,110,999.0,3.0,5.0,5.0,Grey,Cloth,True,True,1.0
65268,11999,2021.0,Gasoline,Front Wheel Drive,Manual,5.0,82,999.0,3.0,5.0,5.0,Grey,Cloth,True,False,1.663126188966392
120035,5900,2012.0,Diesel,Front Wheel Drive,Automatic,6.0,105,1598.0,4.0,5.0,5.0,Grey,Cloth,False,False,1.663126188966392
81336,14945,2020.0,Gasoline,Front Wheel Drive,Manual,5.486510227130129,116,999.0,3.0,5.0,5.0,Grey,alcantara,False,False,1.663126188966392
50000,14900,2022.0,Electric/Gasoline,Front Wheel Drive,Semi-automatic,7.0,110,999.0,3.0,5.0,5.0,Silver,Cloth,False,True,1.0
115000,3300,2007.0,Diesel,Front Wheel Drive,Manual,5.0,80,1422.0,3.0,5.0,5.0,Grey,Cloth,False,True,1.663126188966392
167475,9950,2014.0,Gasoline,Front Wheel Drive,Manual,5.486510227130129,125,1395.0,4.0,5.0,5.0,Black,Cloth,True,False,1.663126188966392
79900,12490,2021.0,Gasoline,Front Wheel Drive,Manual,6.0,110,999.0,3.0,5.0,5.0,White,Part leather,True,True,1.0
233750,8990,2014.0,Diesel,4WD,Manual,6.0,140,1968.0,4.0,5.0,5.0,White,Cloth,False,False,1.663126188966392
103000,9800,2020.0,CNG,Front Wheel Drive,Manual,6.0,90,999.0,3.0,5.0,5.0,White,Cloth,True,False,1.663126188966392
143000,14980,2015.0,Diesel,Front Wheel Drive,Manual,6.0,150,1968.0,4.0,5.0,5.0,Black,Other,True,True,2.0
143536,9945,2017.0,Gasoline,Front Wheel Drive,Manual,5.0,95,999.0,3.0,5.0,5.0,Blue,Cloth,True,False,1.663126188966392
99000,6900,2015.0,LPG,Front Wheel Drive,Manual,5.0,102,1595.0,4.0,5.0,5.0,Grey,Cloth,True,False,1.0
33339,11730,2021.0,Gasoline,Front Wheel Drive,Manual,5.0,80,999.0,3.8257612141004707,5.0,5.0,Black,Cloth,True,False,1.0
67000,11980,2014.0,Gasoline,Front Wheel Drive,Automatic,5.486510227130129,110,1197.0,4.0,5.0,5.0,Blue,Cloth,True,True,2.0
85322,9190,2022.0,Gasoline,Front Wheel Drive,Manual,5.0,95,999.0,3.0,5.0,5.0,Silver,Cloth,False,True,1.0
164000,7990,2014.0,Gasoline,Front Wheel Drive,Manual,6.0,105,1197.0,4.0,5.0,5.0,Black,Cloth,False,True,2.0
123300,6970,2015.0,Gasoline,Front Wheel Drive,Manual,5.0,105,1197.0,4.0,5.0,5.0,Red,Cloth,False,False,1.663126188966392
53186,13500,2019.0,Gasoline,Front Wheel Drive,Manual,5.486510227130129,116,999.0,3.0,5.0,5.0,Grey,Cloth,True,True,1.0
113468,7990,2017.0,Gasoline,Front Wheel Drive,Manual,5.486510227130129,75,999.0,3.8257612141004707,5.0,5.0,White,Cloth,True,True,2.0
117700,8950,2014.0,Diesel,Front Wheel Drive,Manual,6.0,110,1598.0,3.8257612141004707,5.0,5.0,Grey,Cloth,True,False,1.0
168301,5499,2011.0,Gasoline,Front Wheel Drive,Manual,6.0,125,1390.0,4.0,5.0,5.0,Black,Cloth,False,False,1.663126188966392
80976,10690,2020.0,CNG,Front Wheel Drive,Automatic,7.0,131,1498.0,4.0,5.0,5.0,White,Cloth,False,True,1.0
126362,14950,2021.0,Diesel,Front Wheel Drive,Manual,5.486510227130129,116,1968.0,3.8257612141004707,5.0,5.0,Grey,alcantara,True,True,1.0
82354,11790,2019.0,CNG,Front Wheel Drive,Manual,6.0,90,999.0,3.0,5.0,5.0,White,Cloth,False,False,2.0
181000,11690,2015.0,Diesel,Front Wheel Drive,Manual,6.0,140,1539.94231635872,4.0,5.0,5.0,Black,Cloth,True,True,1.663126188966392
93409,7950,2012.0,Gasoline,Front Wheel Drive,Manual,5.0,105,1197.0,4.0,5.0,5.0,Blue,Cloth,False,True,1.663126188966392
54529,11650,2018.0,Gasoline,Front Wheel Drive,Manual,5.486510227130129,95,999.0,3.8257612141004707,5.0,5.0,Grey,Cloth,False,True,2.0
53781,9850,2017.0,Gasoline,Front Wheel Drive,Manual,5.0,75,999.0,3.0,5.0,5.0,Grey,Cloth,False,True,1.0
96243,9499,2014.0,Gasoline,Front Wheel Drive,Manual,5.0,86,1197.0,4.0,5.0,5.0,Grey,Cloth,True,False,1.0
39700,12480,2017.0,Gasoline,Front Wheel Drive,Manual,5.0,95,999.0,3.0,5.0,5.0,Grey,Cloth,True,True,2.0
69336,10950,2014.0,Gasoline,Front Wheel Drive,Manual,6.0,140,1395.0,4.0,5.0,5.0,Grey,Cloth,True,True,1.0
79900,11490,2019.0,CNG,Front Wheel Drive,Manual,6.0,90,999.0,3.0,5.0,5.0,Grey,Cloth,True,True,1.0
174995,8750,2015.0,Gasoline,Front Wheel Drive,Manual,5.486510227130129,150,1395.0,4.0,5.0,5.0,Grey,Cloth,True,False,1.663126188966392
85390,12990,2019.0,Gasoline,Front Wheel Drive,Manual,5.486510227130129,95,999.0,3.8257612141004707,5.0,5.0,Beige,Cloth,True,True,1.0
130018,12950,2017.0,Diesel,Front Wheel Drive,Manual,5.0,116,1598.0,4.0,5.0,5.0,White,Cloth,False,True,1.663126188966392
114000,9900,2016.0,Diesel,Front Wheel Drive,Manual,5.0,105,1539.94231635872,3.8257612141004707,5.0,5.0,White,Cloth,False,True,1.663126188966392
31650,14950,2022.0,CNG,Front Wheel Drive,Manual,6.0,90,999.0,3.0,5.0,5.0,Grey,Cloth,False,False,2.0
200216,2945,2010.0,Gasoline,Front Wheel Drive,Manual,5.486510227130129,125,1390.0,4.0,5.0,5.0,Blue,Cloth,True,False,1.663126188966392
161239,11700,2017.0,Gasoline,Front Wheel Drive,Manual,6.0,126,1395.0,4.0,5.0,5.0,Black,Cloth,True,False,1.0
94308,10950,2017.0,Gasoline,Front Wheel Drive,Automatic,5.486510227130129,110,999.0,3.0,5.0,5.0,Red,Cloth,True,False,1.663126188966392
52700,14990,2022.0,Gasoline,Front Wheel Drive,Manual,5.0,95,999.0,3.0,5.0,5.0,Black,Cloth,True,True,1.0
116000,13490,2019.0,Gasoline,Front Wheel Drive,Automatic,5.486510227130129,116,999.0,4.0,5.0,5.0,Black,Cloth,False,True,1.663126188966392
62285,13900,2019.0,Gasoline,Front Wheel Drive,Automatic,7.0,116,999.0,3.0,5.0,5.0,Red,Cloth,False,False,1.0
209116,8500,2015.0,Gasoline,Front Wheel Drive,Manual,6.0,179,1798.0,4.0,5.0,5.0,White,Cloth,True,True,1.663126188966392
113468,7990,2017.0,Gasoline,Front Wheel Drive,Manual,5.486510227130129,75,999.0,3.8257612141004707,5.0,5.0,White,Cloth,True,True,2.0
84761,12450,2014.0,Gasoline,Front Wheel Drive,Manual,6.0,122,1395.0,4.0,5.0,5.0,White,Cloth,True,False,1.0
18500,14995,2020.0,Gasoline,Front Wheel Drive,Manual,5.0,95,999.0,3.0,5.0,5.0,Black,Cloth,True,True,2.0
226300,3980,2012.0,Diesel,Front Wheel Drive,Manual,5.0,105,1598.0,4.0,5.0,5.0,Red,Other,False,False,2.0
99809,4950,2010.0,Gasoline,Front Wheel Drive,Manual,5.0,86,1390.0,4.0,5.0,5.0,Blue,Cloth,True,False,1.663126188966392
60450,14950,2022.0,Gasoline,Front Wheel Drive,Manual,6.0,110,999.0,3.0,5.0,5.0,Grey,Other,False,False,1.663126188966392
77141,12490,2022.0,Gasoline,Front Wheel Drive,Manual,5.486510227130129,80,999.0,3.8257612141004707,5.0,5.0,White,Other,True,True,1.0
74884,11990,2021.0,Gasoline,Front Wheel Drive,Manual,5.486510227130129,80,999.0,3.8257612141004707,5.0,5.0,Grey,Cloth,True,True,1.0
88528,14900,2021.0,Electric/Gasoline,Front Wheel Drive,Automatic,7.0,150,1498.0,4.0,5.0,5.0,Silver,Cloth,False,False,1.663126188966392
26500,14950,2021.0,Gasoline,Front Wheel Drive,Manual,5.0,90,999.0,3.0,5.0,5.0,Red,Cloth,True,True,1.0
123510,13485,2021.0,Diesel,Front Wheel Drive,Manual,5.0,95,1598.0,4.0,5.0,5.0,Black,Cloth,True,True,2.0
154000,9999,2014.0,Diesel,Front Wheel Drive,Manual,6.0,150,1968.0,4.0,5.0,5.0,Black,Part leather,True,True,1.663126188966392
142600,6650,2015.0,Gasoline,Front Wheel Drive,Automatic,7.0,110,1197.0,4.0,5.0,5.0,Silver,Cloth,False,True,2.0
31108,12790,2022.0,Gasoline,Front Wheel Drive,Manual,5.0,90,999.0,3.0,5.0,5.0,White,Other,False,False,1.663126188966392
232728,3500,2013.0,Gasoline,Front Wheel Drive,Manual,5.486510227130129,105,1197.0,4.0,5.0,5.0,Black,Other,False,False,1.663126188966392
121195,14490,2022.0,Diesel,Front Wheel Drive,Manual,6.0,116,1968.0,4.0,5.0,5.0,Black,Cloth,True,True,1.0
165973,9499,2017.0,Gasoline,Front Wheel Drive,Automatic,5.486510227130129,110,999.0,3.0,5.0,5.0,Black,Cloth,True,False,1.663126188966392
137769,12701,2018.0,Diesel,Front Wheel Drive,Manual,6.0,116,1598.0,4.0,5.0,5.0,Blue,Cloth,False,True,2.0
98500,8900,2015.0,Gasoline,Front Wheel Drive,Manual,5.0,105,1539.94231635872,4.0,5.0,5.0,Red,Part leather,True,True,1.0
113000,14780,2019.0,Gasoline,Front Wheel Drive,Manual,6.0,179,1798.0,4.0,5.0,5.0,White,Cloth,False,False,2.0
131925,11950,2017.0,Gasoline,Front Wheel Drive,Manual,6.0,150,1395.0,4.0,5.0,5.0,White,Full leather,True,False,1.663126188966392
70000,8990,2016.0,Diesel,Front Wheel Drive,Manual,5.0,90,1422.0,3.0,5.0,5.0,White,Full leather,False,False,1.663126188966392
147143,14999,2019.0,Gasoline,Front Wheel Drive,Manual,5.486510227130129,116,999.0,3.0,5.0,5.0,Grey,Full leather,True,False,1.663126188966392
99940,13950,2018.0,Gasoline,Front Wheel Drive,Automatic,5.486510227130129,116,999.0,3.8257612141004707,5.0,5.0,Blue,Cloth,True,True,1.0
50290,12950,2021.0,CNG,Front Wheel Drive,Manual,6.0,90,999.0,3.0,5.0,5.0,Black,Cloth,False,False,2.0
55700,14400,2023.0,Gasoline,Front Wheel Drive,Automatic,7.0,110,999.0,3.0,5.0,5.0,White,Cloth,False,False,1.0
153981,11814,2018.0,Gasoline,Front Wheel Drive,Manual,6.0,116,999.0,3.0,5.0,5.0,White,Cloth,False,False,1.663126188966392
169448,7450,2016.0,Gasoline,Front Wheel Drive,Manual,5.0,90,1197.0,4.0,5.0,5.0,Grey,Cloth,True,False,2.0
44688,12750,2022.0,CNG,Front Wheel Drive,Manual,6.0,90,999.0,3.0,5.0,5.0,Grey,Cloth,False,False,1.0
190755,9450,2015.0,Gasoline,Front Wheel Drive,Automatic,5.486510227130129,110,999.0,3.0,5.0,5.0,White,Cloth,True,False,1.663126188966392
81350,13890,2020.0,Gasoline,Front Wheel Drive,Manual,6.0,116,999.0,3.0,5.0,5.0,White,Cloth,True,True,2.0
103731,9400,2017.0,Gasoline,Front Wheel Drive,Manual,5.0,90,1197.0,4.0,5.0,5.0,White,Cloth,False,False,1.663126188966392
121000,14800,2018.0,Gasoline,Front Wheel Drive,Automatic,7.0,150,1395.0,4.0,5.0,5.0,Blue,alcantara,True,True,2.0
199000,9500,2017.0,Diesel,Front Wheel Drive,Manual,6.0,116,1598.0,4.0,5.0,5.0,Beige,Cloth,False,False,1.663126188966392
242000,1900,2007.0,Diesel,Front Wheel Drive,Manual,5.0,105,1896.0,4.0,5.0,5.0,Black,Cloth,False,False,1.0
86051,12990,2020.0,CNG,Front Wheel Drive,Automatic,5.486510227130129,131,1498.0,3.8257612141004707,5.0,5.0,Grey,Cloth,True,True,1.0
50000,13950,2023.0,Gasoline,Front Wheel Drive,Manual,6.0,110,999.0,3.0,5.0,5.0,Grey,Cloth,False,False,1.663126188966392
154064,13990,2017.0,Gasoline,Front Wheel Drive,Manual,6.0,116,999.0,3.0,5.0,5.0,Grey,Cloth,False,False,1.663126188966392
68300,10490,2022.0,Gasoline,Front Wheel Drive,Manual,5.0,80,999.0,3.0,5.0,5.0,White,Cloth,False,True,1.0
187277,12390,2019.0,Gasoline,Front Wheel Drive,Manual,6.0,116,999.0,3.0,5.0,5.0,White,Cloth,False,False,1.663126188966392
65047,8750,2015.0,Diesel,Front Wheel Drive,Manual,5.0,90,1598.0,4.0,5.0,5.0,Red,Cloth,False,False,1.663126188966392
103972,5950,2015.0,Gasoline,Front Wheel Drive,Manual,5.0,86,1197.0,4.0,5.0,5.0,Silver,Cloth,True,True,1.663126188966392
81500,11990,2019.0,Gasoline,Front Wheel Drive,Manual,5.486510227130129,116,999.0,3.0,5.0,5.0,Blue,Cloth,False,False,1.0
140000,13990,2017.0,Diesel,4WD,Automatic,7.0,190,1968.0,4.0,5.0,5.0,White,alcantara,False,True,1.663126188966392
144000,8990,2018.0,Diesel,Front Wheel Drive,Manual,5.0,80,1598.0,4.0,5.0,5.0,White,Cloth,False,False,1.663126188966392
88448,13727,2018.0,Gasoline,Front Wheel Drive,Manual,6.0,116,999.0,3.0,5.0,5.0,Black,Cloth,False,False,1.663126188966392
133292,10945,2021.0,Gasoline,Front Wheel Drive,Manual,5.486510227130129,95,999.0,3.0,5.0,5.0,White,Cloth,True,False,1.663126188966392
220666,2350,2006.0,Gasoline,Front Wheel Drive,Manual,5.0,102,1595.0,4.0,5.0,5.0,Grey,Cloth,False,False,1.663126188966392
198900,3990,2005.0,Diesel,4WD,Manual,6.0,116,1896.0,4.0,5.0,5.0,Grey,Cloth,False,False,1.663126188966392
133541,6890,2017.0,Gasoline,Front Wheel Drive,Manual,5.0,90,1197.0,4.0,5.0,5.0,Black,Cloth,False,False,1.663126188966392
72942,12950,2018.0,Gasoline,Front Wheel Drive,Manual,6.0,116,999.0,3.0,5.0,5.0,Red,Cloth,True,False,1.663126188966392
98834,14300,2021.0,Electric/Gasoline,Front Wheel Drive,Automatic,7.0,150,1498.0,4.0,5.0,5.0,White,Cloth,False,False,1.663126188966392
99427,12250,2016.0,Gasoline,Front Wheel Drive,Manual,6.0,150,1395.0,3.8257612141004707,5.0,5.0,Blue,Part leather,False,False,2.0
31484,14990,2019.0,Gasoline,Front Wheel Drive,Manual,6.0,116,999.0,3.8257612141004707,5.0,5.0,Grey,Cloth,True,False,1.0
154691,4950,2007.0,Gasoline,Front Wheel Drive,Automatic,5.486510227130129,150,1984.0,4.0,5.0,5.0,Black,Full leather,False,False,1.663126188966392
210317,8945,2019.0,Gasoline,Front Wheel Drive,Manual,6.0,95,999.0,3.0,5.0,5.0,Grey,Cloth,True,False,1.663126188966392
160000,3399,2006.0,Diesel,Front Wheel Drive,Manual,5.0,75,1422.0,3.0,5.0,5.0,Grey,Cloth,False,False,1.663126188966392
107192,9999,2016.0,Gasoline,Front Wheel Drive,Manual,6.0,110,999.0,3.0,5.0,5.0,White,Part leather,True,False,1.663126188966392
183215,12950,2017.0,Gasoline,Front Wheel Drive,Automatic,7.0,150,1395.0,4.0,5.0,5.0,Grey,Part leather,False,False,1.663126188966392
116774,8199,2017.0,Gasoline,Front Wheel Drive,Manual,5.0,90,1197.0,4.0,5.0,5.0,White,Part leather,False,False,1.663126188966392
113064,6899,2015.0,Diesel,Front Wheel Drive,Manual,5.0,90,1598.0,4.0,5.0,5.0,White,Part leather,False,False,1.663126188966392
63101,11950,2020.0,Gasoline,Front Wheel Drive,Manual,6.0,90,999.0,3.8257612141004707,5.0,5.0,Black,Cloth,False,True,1.0
150418,12950,2020.0,Gasoline,Front Wheel Drive,Manual,5.0,97,999.0,3.0,5.0,5.0,Black,Cloth,False,False,1.0
110000,8999,2016.0,Diesel,Front Wheel Drive,Manual,6.0,110,1598.0,4.0,5.0,5.0,White,Cloth,False,False,1.663126188966392
40500,12480,2021.0,CNG,Front Wheel Drive,Manual,6.0,90,999.0,3.0,5.0,5.0,Black,alcantara,True,True,2.0
76038,7400,2016.0,Gasoline,Front Wheel Drive,Manual,5.0,90,1197.0,4.0,5.0,5.0,Blue,Cloth,True,False,1.663126188966392
28356,14490,2019.0,Gasoline,Front Wheel Drive,Manual,5.486510227130129,116,999.0,3.8257612141004707,5.0,5.0,Black,Part leather,False,True,2.0
163432,7750,2016.0,Gasoline,Front Wheel Drive,Manual,5.0,95,999.0,3.0,5.0,5.0,Black,Part leather,True,False,1.663126188966392
101894,12999,2021.0,Gasoline,Front Wheel Drive,Manual,5.0,95,999.0,3.0,5.0,5.0,Grey,Cloth,True,False,1.663126188966392
90185,14420,2021.0,Gasoline,Front Wheel Drive,Manual,6.0,110,999.0,3.0,5.0,5.0,White,Cloth,True,True,1.0
67000,13500,2019.0,LPG,Front Wheel Drive,Automatic,7.0,131,1498.0,4.0,5.0,5.0,Blue,Cloth,False,False,1.663126188966392
231500,8900,2017.0,Diesel,Front Wheel Drive,Manual,6.0,116,1598.0,4.0,5.0,5.0,Grey,Cloth,True,True,1.0
234913,7290,2014.0,Gasoline,Front Wheel Drive,Manual,6.0,125,1395.0,4.0,5.0,5.0,White,Cloth,False,False,1.663126188966392
110200,12450,2015.0,Gasoline,Front Wheel Drive,Manual,6.0,125,1395.0,4.0,5.0,5.0,Black,Cloth,False,False,1.663126188966392
236202,3499,2008.0,Gasoline,Front Wheel Drive,Manual,5.0,102,1595.0,4.0,5.0,5.0,Grey,Part leather,False,False,2.0
100152,14980,2020.0,Gasoline,Front Wheel Drive,Manual,6.0,116,999.0,3.8257612141004707,5.0,5.0,Grey,Cloth,True,True,1.0
177000,10800,2017.0,Diesel,Front Wheel Drive,Manual,6.0,116,1598.0,4.0,5.0,5.0,White,Cloth,True,True,1.0
43085,14480,2021.0,Gasoline,Front Wheel Drive,Manual,6.0,110,999.0,3.0,5.0,5.0,Silver,Cloth,True,True,1.0
32884,14920,2022.0,Gasoline,Front Wheel Drive,Manual,5.0,90,999.0,3.0,5.0,5.0,Black,Cloth,True,True,1.0
116989,13450,2018.0,Gasoline,Front Wheel Drive,Manual,5.486510227130129,116,999.0,3.0,5.0,5.0,Grey,Cloth,True,False,1.663126188966392
162648,7950,2018.0,CNG,Front Wheel Drive,Manual,5.486510227130129,90,999.0,3.0,5.0,5.0,White,Other,True,False,1.663126188966392
47300,12995,2020.0,Gasoline,Front Wheel Drive,Manual,5.0,95,999.0,3.0,5.0,5.0,Black,Cloth,True,True,2.0
35556,14119,2020.0,Gasoline,Front Wheel Drive,Manual,5.486510227130129,95,999.0,3.0,5.0,5.0,Silver,Cloth,True,True,1.0
209209,4449,2011.0,Gasoline,Front Wheel Drive,Manual,6.0,105,1197.0,4.0,5.0,5.0,Grey,Cloth,False,False,1.0
36900,11900,2022.0,CNG,Front Wheel Drive,Manual,5.0,90,999.0,3.0,5.0,5.0,Red,Cloth,False,False,1.663126188966392
133500,8900,2014.0,Gasoline,Front Wheel Drive,Manual,6.0,125,1395.0,4.0,5.0,5.0,White,Cloth,True,False,1.663126188966392
301423,4500,2014.0,Diesel,Front Wheel Drive,Manual,6.0,110,1598.0,4.0,5.0,5.0,Grey,Cloth,False,False,1.663126188966392
142905,11718,2022.0,Diesel,Front Wheel Drive,Manual,6.0,116,1968.0,4.0,5.0,5.0,White,Cloth,False,False,1.663126188966392
115694,8010,2017.0,Diesel,Front Wheel Drive,Manual,5.0,75,1422.0,3.0,5.0,5.0,Red,Cloth,False,False,1.663126188966392
65758,5990,2009.0,Gasoline,Front Wheel Drive,Manual,5.0,69,1198.0,3.0,5.0,5.0,White,Cloth,False,False,1.663126188966392
13254,14470,2022.0,Gasoline,Front Wheel Drive,Manual,5.0,95,999.0,3.0,5.0,5.0,White,Cloth,True,True,1.0
162766,10975,2015.0,Gasoline,Front Wheel Drive,Manual,5.486510227130129,150,1395.0,4.0,5.0,5.0,Grey,Part leather,True,False,1.663126188966392
49000,13900,2022.0,Gasoline,Front Wheel Drive,Semi-automatic,7.0,110,999.0,3.0,5.0,5.0,Silver,Cloth,True,True,1.0
174000,8990,2014.0,Diesel,Front Wheel Drive,Manual,5.0,105,1598.0,4.0,5.0,5.0,Grey,Cloth,False,False,1.663126188966392
113725,7650,2015.0,Gasoline,Front Wheel Drive,Manual,5.0,86,1197.0,4.0,5.0,5.0,Grey,Cloth,True,False,1.663126188966392
128297,14990,2016.0,Diesel,Front Wheel Drive,Manual,5.486510227130129,186,1539.94231635872,3.8257612141004707,5.0,5.0,Black,Cloth,False,False,1.663126188966392
116587,9000,2020.0,CNG,Front Wheel Drive,Manual,6.0,90,999.0,3.0,5.0,5.0,White,Cloth,True,True,1.0
87667,9390,2022.0,Gasoline,Front Wheel Drive,Manual,5.0,95,999.0,3.0,5.0,5.0,Black,Cloth,False,True,1.0
204000,1500,2006.0,Diesel,Front Wheel Drive,Manual,5.0,110,1896.0,4.0,5.0,5.0,Grey,Other,False,True,1.663126188966392
99960,11900,2020.0,CNG,Front Wheel Drive,Manual,5.0,90,999.0,3.0,5.0,5.0,White,Cloth,True,False,1.0
213479,3950,2012.0,Gasoline,Front Wheel Drive,Manual,6.0,105,1197.0,4.0,5.0,5.0,Grey,Cloth,True,False,1.663126188966392
126543,7890,2012.0,Gasoline,Front Wheel Drive,Manual,5.486510227130129,105,1197.0,4.0,5.0,5.0,Grey,Cloth,True,False,2.0
157693,3949,2009.0,Gasoline,Front Wheel Drive,Manual,5.0,60,1198.0,3.0,5.0,5.0,Red,Cloth,False,False,2.0
102983,14995,2015.0,Gasoline,Front Wheel Drive,Manual,6.0,150,1395.0,4.0,5.0,5.0,Black,Cloth,False,False,1.663126188966392
86674,9941,2013.0,Gasoline,Front Wheel Drive,Automatic,7.0,105,1197.0,4.0,5.0,5.0,White,Cloth,True,False,1.663126188966392
227676,1750,2004.0,Gasoline,Front Wheel Drive,Manual,5.486510227130129,150,1984.0,4.0,5.0,5.0,Red,Cloth,True,False,1.663126188966392
155000,4500,2012.0,Diesel,Front Wheel Drive,Manual,5.0,75,1199.0,3.0,5.0,5.0,Silver,Cloth,True,False,1.663126188966392
53098,14995,2022.0,Gasoline,Front Wheel Drive,Manual,5.0,95,999.0,3.0,5.0,5.0,Grey,Cloth,False,False,1.663126188966392
38977,14830,2022.0,Gasoline,Front Wheel Drive,Manual,5.0,95,999.0,3.0,5.0,5.0,White,Cloth,True,True,1.0
255000,2900,2007.0,Diesel,Front Wheel Drive,Manual,5.0,105,1896.0,4.0,5.0,5.0,White,Cloth,True,False,1.0
72097,12990,2022.0,Gasoline,Front Wheel Drive,Manual,5.0,95,999.0,3.0,5.0,5.0,Black,Cloth,False,False,1.663126188966392
46106,13490,2022.0,Gasoline,Front Wheel Drive,Manual,5.0,80,999.0,3.0,5.0,5.0,Black,Cloth,False,True,1.0
226551,11949,2022.0,Gasoline,Front Wheel Drive,Manual,5.0,97,999.0,3.0,5.0,5.0,White,Cloth,False,False,2.0
99999,10941,2016.0,Gasoline,Front Wheel Drive,Automatic,7.0,111,999.0,3.0,5.0,5.0,Grey,Cloth,True,False,1.663126188966392
140000,9950,2020.0,Diesel,Front Wheel Drive,Manual,5.486510227130129,116,1539.94231635872,4.0,5.0,5.0,Red,Cloth,True,True,1.663126188966392
202963,6750,2016.0,Gasoline,Front Wheel Drive,Manual,5.0,95,999.0,3.0,5.0,5.0,Grey,Cloth,False,False,1.663126188966392
221313,2995,2009.0,Gasoline,Front Wheel Drive,Manual,5.486510227130129,86,1390.0,4.0,5.0,5.0,Yellow,Cloth,True,False,1.663126188966392
202819,2445,2008.0,Gasoline,Front Wheel Drive,Manual,5.0,102,1595.0,4.0,5.0,5.0,Black,Cloth,True,False,1.663126188966392
170475,5500,2013.0,Diesel,Front Wheel Drive,Manual,5.0,105,1598.0,4.0,5.0,5.0,White,Cloth,False,False,2.0
149607,13480,2021.0,Diesel,Front Wheel Drive,Manual,6.0,116,1968.0,3.8257612141004707,5.0,5.0,Silver,Cloth,False,False,1.663126188966392
159000,6700,2008.0,Diesel,Front Wheel Drive,Manual,5.0,105,1896.0,4.0,5.0,5.0,Grey,Cloth,False,False,1.663126188966392
89880,12450,2017.0,Gasoline,Front Wheel Drive,Manual,6.0,125,1395.0,4.0,5.0,5.0,White,Cloth,True,True,1.0
99037,11399,2015.0,Diesel,4WD,Manual,5.486510227130129,110,1598.0,3.8257612141004707,5.0,5.0,White,Part leather,False,True,1.0
23192,14300,2023.0,Gasoline,Front Wheel Drive,Manual,5.0,95,999.0,3.0,5.0,5.0,Silver,Cloth,True,False,1.663126188966392
236636,14950,2020.0,Gasoline,Front Wheel Drive,Automatic,7.0,150,1498.0,4.0,5.0,5.0,Black,Cloth,False,False,1.663126188966392
199354,1750,2004.0,Gasoline,Front Wheel Drive,Manual,5.0,102,1595.0,4.0,5.0,5.0,Blue,Cloth,False,False,1.663126188966392
24500,15000,2021.0,Gasoline,Front Wheel Drive,Manual,6.0,116,999.0,3.0,5.0,5.0,White,Cloth,False,False,1.663126188966392
46840,11280,2019.0,Gasoline,Front Wheel Drive,Manual,5.0,80,999.0,3.0,5.0,5.0,Blue,Cloth,False,False,2.0
82275,11450,2015.0,Gasoline,Front Wheel Drive,Manual,6.0,125,1395.0,4.0,5.0,5.0,White,Cloth,True,True,1.663126188966392
199196,6980,2014.0,Diesel,Front Wheel Drive,Manual,5.0,90,1598.0,3.8257612141004707,5.0,5.0,White,Cloth,False,False,1.663126188966392
122380,8990,2021.0,CNG,Front Wheel Drive,Manual,6.0,90,999.0,3.0,5.0,5.0,White,Cloth,False,True,1.0
59045,13990,2019.0,Gasoline,Front Wheel Drive,Manual,6.0,116,999.0,3.8257612141004707,5.0,5.0,Black,Cloth,True,True,2.0
139166,6890,2007.0,Diesel,Front Wheel Drive,Manual,6.0,170,1968.0,4.0,5.0,5.0,Red,Cloth,False,False,1.663126188966392
83975,12990,2020.0,CNG,Front Wheel Drive,Automatic,7.0,131,1498.0,4.0,5.0,5.0,Grey,Cloth,False,True,2.0
160131,12799,2019.0,Gasoline,Front Wheel Drive,Automatic,6.0,150,1395.0,4.0,5.0,5.0,Black,Cloth,False,False,1.663126188966392
86700,10300,2021.0,CNG,Front Wheel Drive,Manual,6.0,90,999.0,3.0,5.0,5.0,Silver,Cloth,False,False,1.663126188966392
113733,14205,2022.0,Gasoline,Front Wheel Drive,Manual,6.0,110,999.0,3.0,5.0,5.0,White,Cloth,False,False,1.663126188966392
157000,9990,2009.0,Gasoline,Front Wheel Drive,Automatic,6.0,200,1984.0,4.0,5.0,5.0,Grey,Cloth,False,False,1.663126188966392
47058,14950,2024.0,Gasoline,Front Wheel Drive,Semi-automatic,7.0,110,999.0,3.0,5.0,5.0,Black,Cloth,False,False,1.663126188966392
91886,7500,2015.0,Gasoline,Front Wheel Drive,Manual,5.0,95,999.0,3.0,5.0,5.0,Blue,Other,False,False,1.663126188966392
103146,13490,2021.0,Diesel,Front Wheel Drive,Manual,6.0,116,1968.0,4.0,5.0,5.0,White,Cloth,False,False,1.663126188966392
65242,14790,2019.0,Gasoline,Front Wheel Drive,Manual,5.486510227130129,95,999.0,3.8257612141004707,5.0,5.0,Grey,Cloth,False,True,2.0
142000,12900,2017.0,Diesel,Front Wheel Drive,Manual,5.486510227130129,116,1598.0,4.0,5.0,5.0,Grey,Cloth,True,True,1.0
78566,14490,2023.0,Diesel,Front Wheel Drive,Manual,6.0,116,1968.0,4.0,5.0,5.0,Black,Cloth,False,True,1.0
122191,9490,2017.0,Gasoline,Front Wheel Drive,Manual,5.0,95,999.0,3.0,5.0,5.0,Blue,Cloth,True,True,1.663126188966392
280000,7999,2014.0,Diesel,Front Wheel Drive,Manual,6.0,150,1968.0,4.0,5.0,5.0,Red,Cloth,False,False,1.663126188966392
148666,9450,2014.0,Diesel,Front Wheel Drive,Manual,6.0,110,1598.0,4.0,5.0,5.0,Grey,Cloth,True,False,1.663126188966392
221668,2495,2006.0,Gasoline,Front Wheel Drive,Manual,5.486510227130129,102,1595.0,4.0,5.0,5.0,Grey,Cloth,False,False,1.663126188966392
164281,11900,2011.0,Gasoline,Front Wheel Drive,Manual,6.0,211,1984.0,4.0,5.0,5.0,Black,Cloth,False,False,1.663126188966392
165487,7980,2018.0,Gasoline,Front Wheel Drive,Manual,6.0,110,1197.0,4.0,5.0,5.0,Blue,Cloth,True,True,1.0
75767,13720,2021.0,Gasoline,Front Wheel Drive,Manual,5.486510227130129,95,999.0,3.8257612141004707,5.0,5.0,Black,Cloth,False,True,2.0
128000,13900,2021.0,Electric/Gasoline,Front Wheel Drive,Automatic,7.0,110,999.0,3.0,5.0,5.0,Black,Cloth,True,False,1.663126188966392
41900,13900,2020.0,CNG,Front Wheel Drive,Manual,6.0,90,999.0,3.0,5.0,5.0,Black,Cloth,False,False,1.663126188966392
78566,14490,2023.0,Diesel,Front Wheel Drive,Manual,6.0,116,1968.0,4.0,5.0,5.0,Black,Cloth,False,True,1.0
70012,14500,2023.0,Gasoline,Front Wheel Drive,Manual,6.0,110,999.0,3.0,5.0,5.0,Red,Cloth,False,False,1.663126188966392
73915,12990,2022.0,CNG,Front Wheel Drive,Manual,6.0,90,999.0,3.0,5.0,5.0,Grey,Cloth,False,False,1.663126188966392
41900,13900,2020.0,CNG,Front Wheel Drive,Manual,6.0,90,999.0,3.0,5.0,5.0,Black,Cloth,False,False,1.663126188966392
81773,11599,2020.0,Gasoline,Front Wheel Drive,Manual,5.486510227130129,95,999.0,3.8257612141004707,5.0,5.0,Black,Cloth,False,True,2.0
23619,14300,2023.0,Gasoline,Front Wheel Drive,Manual,5.0,95,999.0,3.0,5.0,5.0,Grey,Cloth,True,False,1.663126188966392
21830,14444,2024.0,Gasoline,Front Wheel Drive,Manual,5.0,95,999.0,3.0,5.0,5.0,Red,Cloth,True,True,1.0
54800,14990,2017.0,Diesel,Front Wheel Drive,Automatic,7.0,116,1598.0,4.0,5.0,5.0,Silver,alcantara,False,False,1.0
85000,13490,2020.0,Gasoline,Front Wheel Drive,Manual,5.486510227130129,116,1539.94231635872,3.8257612141004707,5.0,5.0,White,alcantara,False,False,1.663126188966392
41856,14951,2023.0,Gasoline,Front Wheel Drive,Manual,6.0,116,999.0,3.0,5.0,5.0,Black,alcantara,False,False,1.663126188966392
80976,10690,2020.0,CNG,Front Wheel Drive,Automatic,7.0,131,1498.0,4.0,5.0,5.0,White,Cloth,False,True,1.0
54048,13590,2021.0,Gasoline,Front Wheel Drive,Manual,6.0,110,999.0,3.0,5.0,5.0,White,Cloth,False,False,1.663126188966392
84703,10600,2014.0,Diesel,Front Wheel Drive,Manual,5.0,105,1598.0,4.0,5.0,5.0,Silver,Cloth,False,False,1.663126188966392
42420,14190,2021.0,Gasoline,Front Wheel Drive,Manual,6.0,110,999.0,3.0,5.0,5.0,White,Cloth,False,False,1.663126188966392
132000,6800,2008.0,Diesel,Front Wheel Drive,Manual,5.0,105,1896.0,4.0,5.0,5.0,Grey,Cloth,False,False,1.663126188966392
145345,9790,2015.0,Gasoline,Front Wheel Drive,Manual,6.0,110,999.0,3.0,5.0,5.0,Black,Cloth,False,False,1.663126188966392
171671,14750,2018.0,Gasoline,Front Wheel Drive,Automatic,7.0,116,999.0,3.0,5.0,5.0,Blue,Cloth,True,False,1.663126188966392
134861,6995,2014.0,Gasoline,Front Wheel Drive,Manual,5.0,86,1197.0,4.0,5.0,5.0,Grey,Cloth,True,False,2.0
80019,10500,2018.0,Diesel,Front Wheel Drive,Manual,6.0,80,1598.0,4.0,5.0,5.0,White,Cloth,False,False,1.0
124748,10599,2017.0,Gasoline,Front Wheel Drive,Manual,5.486510227130129,116,999.0,3.8257612141004707,5.0,5.0,White,Cloth,False,True,1.0
99990,13450,2019.0,Gasoline,Front Wheel Drive,Automatic,5.486510227130129,116,999.0,3.0,5.0,5.0,Black,Part leather,True,True,2.0
41900,13900,2020.0,CNG,Front Wheel Drive,Manual,6.0,90,999.0,3.0,5.0,5.0,Black,Cloth,False,False,1.663126188966392
68398,14900,2023.0,Gasoline,Front Wheel Drive,Manual,5.486510227130129,111,1539.94231635872,3.8257612141004707,5.0,5.0,Red,Cloth,False,False,1.663126188966392
101800,12760,2016.0,Gasoline,Front Wheel Drive,Manual,6.0,150,1395.0,4.0,5.0,5.0,Grey,Cloth,True,True,2.0
154854,14950,2021.0,Gasoline,Front Wheel Drive,Manual,6.0,111,999.0,3.0,5.0,5.0,Grey,Part leather,True,False,2.0
76353,12990,2022.0,Gasoline,Front Wheel Drive,Manual,5.0,90,999.0,3.0,5.0,5.0,Red,Cloth,True,True,1.0
51000,15000,2022.0,Gasoline,Front Wheel Drive,Manual,6.0,110,999.0,3.0,5.0,5.0,Silver,Cloth,True,True,1.0
159077,9950,2018.0,Gasoline,Front Wheel Drive,Manual,5.0,95,999.0,3.0,5.0,5.0,Grey,Cloth,True,False,1.663126188966392
135800,9670,2017.0,Diesel,Front Wheel Drive,Manual,5.0,90,1422.0,3.0,5.0,5.0,Red,Cloth,False,False,1.663126188966392
70700,14890,2021.0,Gasoline,Front Wheel Drive,Manual,5.0,95,1539.94231635872,3.8257612141004707,5.0,5.0,Black,Part leather,True,True,1.0
248324,2995,2010.0,Gasoline,Front Wheel Drive,Manual,6.0,125,1390.0,4.0,5.0,5.0,Green,Cloth,False,False,1.663126188966392
180000,7500,2012.0,Diesel,Front Wheel Drive,Manual,6.0,170,1968.0,4.0,5.0,5.0,White,Full leather,True,False,1.0
61253,13490,2020.0,Diesel,Front Wheel Drive,Manual,5.0,95,1598.0,4.0,5.0,5.0,White,Other,False,False,1.663126188966392
39288,14700,2022.0,Gasoline,Front Wheel Drive,Manual,5.0,80,999.0,3.0,5.0,5.0,Black,Cloth,True,True,1.0
129759,9995,2016.0,Gasoline,Front Wheel Drive,Manual,5.0,95,999.0,3.0,5.0,5.0,White,Cloth,False,False,1.663126188966392
122767,13400,2020.0,Gasoline,Front Wheel Drive,Manual,5.0,95,999.0,3.0,5.0,5.0,Black,Cloth,True,False,1.663126188966392
110184,12900,2018.0,Diesel,Front Wheel Drive,Manual,5.0,95,1598.0,4.0,5.0,5.0,White,Cloth,False,False,1.663126188966392
67500,14900,2019.0,Gasoline,Front Wheel Drive,Manual,6.0,116,999.0,3.0,5.0,5.0,Grey,Cloth,False,True,2.0
44386,13713,2020.0,Gasoline,Front Wheel Drive,Manual,6.0,116,999.0,3.0,5.0,5.0,White,Cloth,False,False,1.663126188966392
67702,12490,2023.0,Gasoline,Front Wheel Drive,Automatic,7.0,110,999.0,3.0,5.0,5.0,White,Cloth,False,True,1.0
57201,13590,2021.0,Gasoline,Front Wheel Drive,Manual,6.0,110,999.0,3.0,5.0,5.0,Blue,Cloth,False,False,1.663126188966392
140000,13900,2019.0,Diesel,4WD,Automatic,6.0,150,1968.0,4.0,5.0,5.0,White,Cloth,False,False,1.663126188966392
60500,12930,2018.0,Gasoline,Front Wheel Drive,Manual,5.0,95,999.0,3.0,5.0,5.0,White,Cloth,True,True,2.0
107500,8490,2014.0,Gasoline,Front Wheel Drive,Manual,6.0,110,1197.0,4.0,5.0,5.0,Blue,Cloth,False,False,1.663126188966392
89885,12690,2021.0,Gasoline,Front Wheel Drive,Manual,6.0,110,999.0,3.0,5.0,5.0,Red,Cloth,False,False,1.663126188966392
79980,13800,2023.0,Gasoline,Front Wheel Drive,Manual,5.0,95,999.0,3.0,5.0,5.0,Grey,Cloth,False,False,1.0
23672,12800,2021.0,Gasoline,Front Wheel Drive,Manual,5.0,80,999.0,3.0,5.0,5.0,White,Cloth,False,False,1.0
44545,14090,2021.0,Gasoline,Front Wheel Drive,Manual,6.0,110,999.0,3.0,5.0,5.0,White,Cloth,False,False,1.663126188966392
160764,7950,2016.0,Gasoline,Front Wheel Drive,Manual,5.486510227130129,95,999.0,3.0,5.0,5.0,Grey,Cloth,True,False,1.663126188966392
98000,10950,2019.0,LPG,Front Wheel Drive,Manual,6.0,131,1498.0,4.0,5.0,5.0,White,Cloth,False,False,1.663126188966392
122000,7890,2010.0,Diesel,Front Wheel Drive,Manual,5.0,105,1598.0,4.0,5.0,5.0,Silver,Cloth,False,False,1.663126188966392
101916,13950,2021.0,Gasoline,Front Wheel Drive,Manual,5.0,95,999.0,3.0,5.0,5.0,Grey,Cloth,True,False,1.663126188966392
218000,3950,2012.0,Diesel,Front Wheel Drive,Manual,5.486510227130129,105,1598.0,4.0,5.0,5.0,Grey,Cloth,True,True,1.0
130000,6490,2019.0,Gasoline,Front Wheel Drive,Manual,5.0,95,999.0,3.0,5.0,5.0,Blue,Cloth,True,True,1.0
93330,7600,2015.0,Gasoline,Front Wheel Drive,Manual,5.486510227130129,86,1197.0,3.8257612141004707,5.0,5.0,White,Cloth,True,True,1.0
136663,4799,2011.0,Gasoline,Front Wheel Drive,Manual,5.486510227130129,86,1197.0,4.0,5.0,5.0,Black,Cloth,True,False,2.0
105654,3990,2009.0,Gasoline,Front Wheel Drive,Manual,5.0,60,1539.94231635872,3.0,5.0,5.0,Orange,Cloth,True,True,1.0
186000,3950,2013.0,Gasoline,Front Wheel Drive,Manual,5.0,60,1198.0,3.0,5.0,5.0,Blue,Cloth,False,False,1.663126188966392
197125,6250,2017.0,Gasoline,Front Wheel Drive,Manual,5.0,95,999.0,3.0,5.0,5.0,Grey,Cloth,True,False,1.663126188966392
156000,5950,2011.0,Diesel,Front Wheel Drive,Manual,5.486510227130129,110,1968.0,4.0,5.0,5.0,Grey,Cloth,False,True,2.0
45652,8950,2018.0,Gasoline,Front Wheel Drive,Manual,5.0,75,999.0,3.0,5.0,5.0,Beige,Cloth,True,True,1.0
189745,11990,2018.0,Diesel,Front Wheel Drive,Automatic,7.0,150,1968.0,4.0,5.0,5.0,Black,Cloth,True,True,1.663126188966392
24800,14990,2020.0,Gasoline,Front Wheel Drive,Manual,6.0,95,1539.94231635872,3.0,5.0,5.0,Grey,Cloth,False,False,2.0
225708,5450,2015.0,Diesel,Front Wheel Drive,Manual,5.486510227130129,90,1598.0,4.0,5.0,5.0,White,Cloth,False,False,1.663126188966392
49950,7950,2018.0,Gasoline,Front Wheel Drive,Manual,5.0,60,999.0,3.0,5.0,5.0,Blue,Cloth,True,True,1.0
78437,11970,2017.0,Gasoline,Front Wheel Drive,Manual,5.486510227130129,110,1197.0,3.8257612141004707,5.0,5.0,Blue,Cloth,True,True,2.0
122036,5250,2014.0,Gasoline,4WD,Manual,5.486510227130129,86,1197.0,4.0,5.0,5.0,Grey,Cloth,False,False,1.0
32227,10950,2023.0,Gasoline,Front Wheel Drive,Manual,5.0,80,999.0,3.0,5.0,5.0,White,Other,False,False,1.663126188966392
44000,14999,2023.0,Gasoline,Front Wheel Drive,Manual,5.0,95,999.0,3.0,5.0,5.0,Silver,Cloth,False,False,1.0
79950,9950,2017.0,Gasoline,Front Wheel Drive,Manual,5.0,90,1197.0,4.0,5.0,5.0,White,Cloth,False,True,2.0
173334,12990,2018.0,Gasoline,Front Wheel Drive,Automatic,7.0,116,999.0,4.0,5.0,5.0,White,Cloth,True,True,2.0
192900,13970,2018.0,Diesel,Front Wheel Drive,Manual,6.0,150,1539.94231635872,4.0,5.0,5.0,Grey,Cloth,False,False,2.0
93000,14980,2019.0,Gasoline,Front Wheel Drive,Manual,6.0,116,999.0,3.0,5.0,5.0,Grey,Part leather,True,True,1.0
68900,14690,2020.0,Gasoline,4WD,Manual,5.486510227130129,95,999.0,3.0,5.0,5.0,Black,Cloth,True,True,1.0
79169,10500,2018.0,Gasoline,Front Wheel Drive,Manual,5.0,75,999.0,3.0,5.0,5.0,Black,Cloth,True,True,1.663126188966392
123600,8500,2016.0,Gasoline,Front Wheel Drive,Manual,6.0,110,1197.0,4.0,5.0,5.0,Grey,Cloth,True,True,1.0
92393,13400,2019.0,Gasoline,Front Wheel Drive,Manual,6.0,116,999.0,3.0,5.0,5.0,White,Other,False,False,1.663126188966392
147309,14990,2021.0,Diesel,Front Wheel Drive,Automatic,7.0,116,1539.94231635872,4.0,5.0,5.0,White,Cloth,True,True,1.0
99761,8300,2016.0,Gasoline,Front Wheel Drive,Manual,5.486510227130129,90,1197.0,4.0,5.0,5.0,White,Cloth,True,True,1.663126188966392
99330,5690,2012.0,Gasoline,Front Wheel Drive,Manual,5.0,69,1198.0,3.0,5.0,5.0,Grey,Cloth,True,True,1.0
125750,8490,2019.0,Gasoline,Front Wheel Drive,Manual,5.0,95,999.0,3.0,5.0,5.0,Black,Cloth,True,False,1.0
23044,13300,2022.0,Gasoline,Front Wheel Drive,Manual,5.0,80,999.0,3.0,5.0,5.0,Grey,Other,False,False,1.0
39458,12990,2023.0,Gasoline,Front Wheel Drive,Manual,5.0,65,999.0,3.0,5.0,5.0,White,Cloth,False,False,1.0
105000,12890,2012.0,Gasoline,4WD,Manual,5.486510227130129,160,1798.0,4.0,5.0,5.0,Silver,Cloth,True,False,1.663126188966392
172148,2450,2007.0,Gasoline,Front Wheel Drive,Manual,5.486510227130129,64,1198.0,3.0,5.0,5.0,Red,Cloth,False,False,1.663126188966392
216979,4900,2017.0,Gasoline,Front Wheel Drive,Manual,6.0,110,1197.0,3.8257612141004707,5.0,5.0,Red,Cloth,False,False,2.0
51323,12980,2016.0,Diesel,Front Wheel Drive,Manual,5.0,110,1598.0,4.0,5.0,5.0,White,Cloth,True,True,1.0
141772,8895,2015.0,Gasoline,Front Wheel Drive,Automatic,5.486510227130129,122,1390.0,4.0,5.0,5.0,Blue,Cloth,False,False,1.663126188966392
195754,3499,2013.0,Gasoline,Front Wheel Drive,Manual,5.486510227130129,86,1197.0,4.0,5.0,5.0,Black,Cloth,False,False,1.663126188966392
184300,14500,2018.0,Diesel,4WD,Automatic,6.0,184,1968.0,4.0,5.0,5.0,White,Cloth,True,True,1.0
195052,14995,2020.0,Gasoline,Front Wheel Drive,Automatic,7.0,150,1498.0,4.0,5.0,5.0,Brown,Cloth,False,False,1.663126188966392
275573,4300,2011.0,Diesel,Front Wheel Drive,Manual,5.486510227130129,105,1598.0,4.0,5.0,5.0,White,Cloth,True,True,1.0
238646,5173,2008.0,Diesel,Front Wheel Drive,Manual,6.0,170,1968.0,4.0,5.0,5.0,Silver,Part leather,False,True,1.663126188966392
27187,13500,2023.0,Gasoline,Front Wheel Drive,Manual,5.486510227130129,95,999.0,3.0,5.0,5.0,Black,Cloth,False,False,1.0
135300,6900,2016.0,Gasoline,Front Wheel Drive,Manual,5.0,60,999.0,3.0,5.0,5.0,White,Cloth,False,True,2.0
189000,12900,2019.0,Diesel,4WD,Semi-automatic,7.0,184,1968.0,4.0,5.0,5.0,Grey,Cloth,False,False,1.663126188966392
21200,14499,2020.0,Gasoline,Front Wheel Drive,Manual,6.0,110,999.0,3.0,5.0,5.0,Grey,Cloth,True,False,1.0
69900,9690,2018.0,Gasoline,Front Wheel Drive,Manual,5.486510227130129,75,999.0,3.0,5.0,5.0,Grey,Cloth,True,True,1.0
169880,11900,2019.0,Diesel,Front Wheel Drive,Manual,5.0,116,1598.0,4.0,5.0,5.0,White,Cloth,True,False,1.0
170552,12300,2017.0,Diesel,4WD,Manual,6.0,150,1539.94231635872,4.0,5.0,5.0,White,Cloth,True,True,1.0
84000,9490,2017.0,Gasoline,Front Wheel Drive,Manual,5.0,90,1197.0,4.0,5.0,5.0,Grey,Cloth,True,True,1.0
31794,14979,2022.0,Gasoline,Front Wheel Drive,Manual,5.486510227130129,95,999.0,3.0,5.0,5.0,Grey,alcantara,True,True,1.0
215241,6250,2014.0,Gasoline,Front Wheel Drive,Manual,5.486510227130129,105,1197.0,4.0,5.0,5.0,Black,Cloth,True,False,1.663126188966392
59400,13884,2021.0,Gasoline,Front Wheel Drive,Manual,5.486510227130129,116,999.0,3.8257612141004707,5.0,5.0,Grey,Cloth,False,False,2.0
118936,10950,2018.0,Gasoline,Front Wheel Drive,Manual,5.486510227130129,116,999.0,3.0,5.0,5.0,Beige,Cloth,True,False,1.663126188966392
81947,8995,2012.0,Gasoline,Front Wheel Drive,Manual,6.0,122,1390.0,4.0,5.0,5.0,Grey,Cloth,False,False,1.0
74000,12530,2022.0,Gasoline,Front Wheel Drive,Manual,5.0,95,999.0,3.0,5.0,5.0,Silver,Cloth,True,True,1.0
68726,14300,2022.0,Gasoline,Front Wheel Drive,Manual,5.0,95,999.0,3.0,5.0,5.0,Grey,Cloth,False,True,1.663126188966392
128118,7980,2016.0,Gasoline,Front Wheel Drive,Manual,6.0,110,1197.0,4.0,5.0,5.0,Silver,Other,True,True,2.0
56086,14900,2022.0,Gasoline,Front Wheel Drive,Manual,6.0,110,999.0,3.0,5.0,5.0,Grey,Other,False,False,1.663126188966392
63553,14200,2022.0,Gasoline,Front Wheel Drive,Manual,6.0,110,999.0,3.0,5.0,5.0,Black,Other,False,False,1.663126188966392
66437,12470,2022.0,Gasoline,Front Wheel Drive,Manual,5.0,95,999.0,3.0,5.0,5.0,Silver,Cloth,True,True,1.0
77712,10200,2017.0,Gasoline,Front Wheel Drive,Manual,5.0,95,999.0,3.0,5.0,5.0,Grey,Cloth,False,False,1.0
62525,12899,2021.0,CNG,Front Wheel Drive,Manual,6.0,90,999.0,3.0,5.0,5.0,Blue,Cloth,True,True,1.0
41874,12990,2020.0,Gasoline,Front Wheel Drive,Manual,5.486510227130129,95,999.0,3.8257612141004707,5.0,5.0,Black,Cloth,True,True,1.663126188966392
74603,13850,2019.0,Gasoline,Front Wheel Drive,Manual,6.0,116,999.0,3.0,5.0,5.0,Black,Cloth,True,True,2.0
49777,8750,2014.0,Gasoline,Front Wheel Drive,Manual,5.0,86,1197.0,4.0,5.0,5.0,Grey,Cloth,False,False,1.0
86100,11490,2018.0,Gasoline,Front Wheel Drive,Manual,6.0,110,999.0,3.8257612141004707,5.0,5.0,Grey,Cloth,True,True,1.0
82582,11590,2020.0,CNG,Front Wheel Drive,Manual,6.0,90,999.0,3.0,5.0,5.0,Grey,Cloth,False,True,1.0
52204,14770,2021.0,Gasoline,Front Wheel Drive,Manual,5.0,95,999.0,3.0,5.0,5.0,Blue,Cloth,True,True,1.0
120000,11900,2017.0,Diesel,Front Wheel Drive,Manual,5.0,116,1598.0,3.8257612141004707,5.0,5.0,Blue,Cloth,True,False,1.0
59000,9990,2017.0,Gasoline,Front Wheel Drive,Manual,5.0,95,999.0,3.0,5.0,5.0,Blue,Cloth,False,True,1.0
45456,14980,2022.0,Gasoline,Front Wheel Drive,Manual,5.0,95,999.0,3.0,5.0,5.0,Black,Cloth,True,True,1.0
52204,14770,2021.0,Gasoline,Front Wheel Drive,Manual,5.0,95,999.0,3.0,5.0,5.0,Blue,Cloth,True,True,1.0
130000,10990,2015.0,Gasoline,Front Wheel Drive,Automatic,7.0,105,1248.0,4.0,5.0,5.0,Blue,alcantara,True,True,1.0
141902,14900,2020.0,Diesel,Front Wheel Drive,Automatic,5.486510227130129,150,1968.0,3.8257612141004707,5.0,5.0,White,Cloth,False,False,1.0
63600,13225,2014.0,Gasoline,Front Wheel Drive,Automatic,7.0,140,1395.0,4.0,5.0,5.0,Blue,Cloth,False,False,1.0
36853,14699,2021.0,Gasoline,Front Wheel Drive,Manual,6.0,110,999.0,3.0,5.0,5.0,Silver,Cloth,True,True,1.0
41719,13900,2023.0,Gasoline,Front Wheel Drive,Manual,5.0,95,999.0,3.0,5.0,5.0,White,Cloth,False,False,1.663126188966392
54936,12131,2022.0,Gasoline,Front Wheel Drive,Manual,5.0,95,999.0,3.0,5.0,5.0,Black,Cloth,False,True,1.663126188966392
49390,14900,2022.0,Gasoline,Front Wheel Drive,Manual,5.0,95,999.0,3.0,5.0,5.0,Blue,Other,False,False,1.663126188966392
107049,13985,2020.0,Diesel,Front Wheel Drive,Manual,5.0,116,1598.0,4.0,5.0,5.0,Silver,Cloth,True,True,1.0
74673,14990,2020.0,Gasoline,Front Wheel Drive,Manual,5.486510227130129,116,999.0,3.8257612141004707,5.0,5.0,Red,Cloth,True,True,1.663126188966392
86000,8290,2016.0,Gasoline,Front Wheel Drive,Manual,5.486510227130129,90,1197.0,4.0,5.0,5.0,Brown,Cloth,True,True,1.0
134851,9250,2015.0,Gasoline,Front Wheel Drive,Automatic,5.486510227130129,90,1197.0,4.0,5.0,5.0,Black,Part leather,False,False,1.663126188966392
91090,11950,2022.0,Gasoline,Front Wheel Drive,Manual,5.0,95,999.0,3.0,5.0,5.0,Black,Cloth,True,True,1.0
108200,13999,2019.0,Diesel,Front Wheel Drive,Automatic,5.486510227130129,116,1598.0,4.0,5.0,5.0,Black,Cloth,True,False,1.0
46182,9499,2018.0,Gasoline,Front Wheel Drive,Automatic,5.486510227130129,60,999.0,3.0,5.0,5.0,Black,Cloth,True,False,1.663126188966392
59300,14300,2017.0,Gasoline,Front Wheel Drive,Manual,6.0,110,1197.0,4.0,5.0,5.0,Beige,Cloth,True,True,1.0
65000,11990,2020.0,Gasoline,Front Wheel Drive,Manual,5.0,95,999.0,3.0,5.0,5.0,White,Cloth,True,True,1.0
49236,11890,2022.0,Gasoline,Front Wheel Drive,Manual,5.0,95,999.0,3.0,5.0,5.0,Blue,Cloth,False,True,1.663126188966392
31558,11750,2020.0,Gasoline,Front Wheel Drive,Manual,5.0,60,999.0,3.0,5.0,5.0,Black,Cloth,True,True,1.0
78984,11040,2015.0,Gasoline,Front Wheel Drive,Manual,5.486510227130129,105,1197.0,3.8257612141004707,5.0,5.0,Beige,Cloth,False,True,1.663126188966392
125395,8995,2017.0,Diesel,Front Wheel Drive,Automatic,7.0,116,1598.0,4.0,5.0,5.0,Silver,Cloth,False,False,1.663126188966392
41400,13400,2020.0,Diesel,Front Wheel Drive,Automatic,7.0,116,1598.0,4.0,5.0,5.0,Black,Cloth,True,True,1.0
117282,14950,2020.0,Gasoline,Front Wheel Drive,Manual,6.0,116,999.0,3.0,5.0,5.0,Grey,alcantara,False,False,1.663126188966392
109995,8990,2018.0,Gasoline,Front Wheel Drive,Manual,5.0,95,999.0,3.8257612141004707,5.0,5.0,Red,Cloth,True,False,1.663126188966392
111720,14150,2016.0,Gasoline,Front Wheel Drive,Automatic,7.0,150,1539.94231635872,4.0,5.0,5.0,Brown,Cloth,True,True,1.0
99184,10690,2017.0,Gasoline,Front Wheel Drive,Manual,5.486510227130129,90,1197.0,3.8257612141004707,5.0,5.0,Grey,Cloth,False,True,2.0
57062,14900,2021.0,CNG,Front Wheel Drive,Manual,6.0,90,999.0,3.0,5.0,5.0,Blue,Cloth,False,False,1.0
39802,14890,2023.0,Gasoline,Front Wheel Drive,Manual,5.0,95,999.0,3.0,5.0,5.0,White,Cloth,False,False,1.0
81800,14880,2021.0,Gasoline,Front Wheel Drive,Manual,5.486510227130129,110,1000.0,3.8257612141004707,5.0,5.0,Grey,Cloth,True,True,2.0
56912,11900,2021.0,Gasoline,Front Wheel Drive,Manual,5.0,60,999.0,3.0,5.0,5.0,White,Cloth,False,False,1.0
75594,13900,2022.0,Gasoline,Front Wheel Drive,Manual,5.0,95,999.0,3.0,5.0,5.0,Grey,Cloth,True,True,1.0
238000,4500,2011.0,Diesel,Front Wheel Drive,Manual,5.486510227130129,75,1199.0,3.0,5.0,5.0,Blue,Cloth,True,False,1.663126188966392
55382,12470,2021.0,Gasoline,Front Wheel Drive,Manual,5.0,60,999.0,3.0,5.0,5.0,Silver,Cloth,True,True,1.0
69669,11890,2022.0,Gasoline,Front Wheel Drive,Manual,5.0,80,999.0,3.0,5.0,5.0,Red,Other,False,False,1.0
118400,6490,2017.0,Gasoline,Front Wheel Drive,Manual,5.0,90,1197.0,3.8257612141004707,5.0,5.0,Black,Full leather,False,False,1.663126188966392
182865,14950,2021.0,Gasoline,Front Wheel Drive,Manual,5.486510227130129,110,999.0,3.0,5.0,5.0,Black,Cloth,True,False,1.663126188966392
135041,14950,2018.0,Gasoline,Front Wheel Drive,Manual,6.0,150,1395.0,4.0,5.0,5.0,Brown,Cloth,True,False,1.0
157200,11640,2015.0,Diesel,Front Wheel Drive,Automatic,6.0,116,1599.0,4.0,5.0,5.0,Black,Cloth,True,True,1.663126188966392
68010,11790,2022.0,Gasoline,Front Wheel Drive,Manual,5.0,80,999.0,3.0,5.0,5.0,Red,Other,True,False,1.0
67900,13990,2021.0,Gasoline,Front Wheel Drive,Automatic,7.0,95,999.0,3.0,5.0,5.0,White,Cloth,False,False,1.0
125000,12900,2020.0,Gasoline,Front Wheel Drive,Manual,6.0,116,999.0,3.0,5.0,5.0,Grey,Cloth,True,False,1.0
35628,13980,2022.0,Gasoline,Front Wheel Drive,Manual,5.0,95,999.0,3.0,5.0,5.0,White,Cloth,False,True,2.0
99184,10690,2017.0,Gasoline,Front Wheel Drive,Manual,5.486510227130129,90,1197.0,3.8257612141004707,5.0,5.0,Grey,Cloth,False,True,2.0
182000,1500,2009.0,Gasoline,Front Wheel Drive,Manual,5.0,60,1539.94231635872,3.8257612141004707,5.0,5.0,Grey,Cloth,True,False,1.663126188966392
110730,13450,2015.0,Gasoline,Front Wheel Drive,Automatic,7.0,122,1390.0,4.0,5.0,5.0,Red,Cloth,True,True,1.0
207000,7850,2014.0,Diesel,4WD,Manual,6.0,150,1968.0,4.0,5.0,5.0,White,Cloth,True,True,1.0
74339,12900,2023.0,Gasoline,Front Wheel Drive,Manual,5.0,80,999.0,3.0,5.0,5.0,White,Cloth,False,False,1.0
235230,3899,2011.0,Gasoline,Front Wheel Drive,Automatic,5.486510227130129,105,1197.0,4.0,5.0,5.0,Blue,Cloth,True,False,1.663126188966392
81588,13980,2015.0,Gasoline,Front Wheel Drive,Automatic,7.0,125,1395.0,4.0,5.0,5.0,White,Cloth,True,True,1.0
130000,6990,2019.0,Gasoline,Rear Wheel Drive,Manual,5.0,71,999.0,3.0,5.0,5.0,Red,Cloth,True,True,2.0
108298,2850,2006.0,Gasoline,Front Wheel Drive,Manual,5.0,95,1332.0,4.0,5.0,5.0,Grey,Cloth,False,False,1.0
44247,13400,2018.0,Gasoline,Rear Wheel Drive,Automatic,5.486510227130129,90,900.0,3.8257612141004707,5.0,5.0,White,Cloth,False,True,1.663126188966392
113510,2499,2006.0,Gasoline,Front Wheel Drive,Manual,5.486510227130129,75,1124.0,3.0,5.0,5.0,Grey,Cloth,True,False,1.663126188966392
253967,999,2006.0,Gasoline,Front Wheel Drive,Manual,5.486510227130129,64,1124.0,3.0,5.0,5.0,Black,Full leather,True,False,1.663126188966392
207759,1950,2008.0,Gasoline,Front Wheel Drive,Manual,5.486510227130129,92,1328.0,4.0,5.0,5.0,Grey,Cloth,True,False,1.663126188966392
104459,3500,2006.0,Gasoline,Front Wheel Drive,Manual,5.486510227130129,92,1328.0,4.0,5.0,5.0,Silver,Cloth,False,True,1.663126188966392
145000,6900,2003.0,Diesel,4WD,Manual,5.0,109,1997.0,4.0,5.0,5.0,Silver,Cloth,False,False,1.663126188966392
161500,11950,2018.0,Gasoline,Front Wheel Drive,Manual,6.0,140,1373.0,4.0,5.0,5.0,Red,Other,False,False,1.663126188966392
105629,6444,2011.0,Gasoline,Front Wheel Drive,Manual,5.0,94,1242.0,4.0,5.0,5.0,Grey,Cloth,True,False,1.663126188966392
90523,4990,2009.0,Gasoline,4WD,Manual,4.0,92,1328.0,4.0,5.0,5.0,Black,Cloth,False,False,1.663126188966392
150500,10900,2016.0,Diesel,4WD,Manual,6.0,120,1598.0,4.0,5.0,5.0,White,Cloth,False,False,1.663126188966392
133600,5995,2008.0,Gasoline,Front Wheel Drive,Automatic,5.486510227130129,92,1328.0,4.0,5.0,5.0,Grey,Cloth,False,False,1.663126188966392
93653,13490,2021.0,Gasoline,Front Wheel Drive,Manual,6.0,129,1373.0,4.0,5.0,5.0,Blue,Cloth,True,True,2.0
64383,12990,2019.0,Gasoline,Front Wheel Drive,Manual,5.0,111,998.0,3.0,5.0,5.0,Grey,Cloth,True,True,1.663126188966392
114387,10950,2018.0,Gasoline,Front Wheel Drive,Manual,5.0,111,998.0,3.0,5.0,5.0,Blue,Cloth,True,True,1.0
37000,13900,2023.0,Electric/Gasoline,Front Wheel Drive,Manual,5.0,83,1197.0,4.0,5.0,5.0,Orange,Cloth,False,False,1.663126188966392
104880,14900,2018.0,Gasoline,Front Wheel Drive,Automatic,6.0,140,1400.0,4.0,5.0,5.0,Silver,Cloth,False,False,1.663126188966392
252169,1350,2006.0,Gasoline,Front Wheel Drive,Manual,5.0,102,1490.0,4.0,5.0,5.0,Grey,Cloth,False,False,1.663126188966392
189000,1100,2006.0,Diesel,Front Wheel Drive,Manual,5.486510227130129,69,1248.0,4.0,5.0,5.0,Grey,Cloth,False,False,1.663126188966392
89233,5949,2009.0,Gasoline,Front Wheel Drive,Manual,5.486510227130129,92,1328.0,4.0,5.0,5.0,Red,Cloth,True,False,1.0
175384,8999,2020.0,Gasoline,Front Wheel Drive,Automatic,5.486510227130129,90,1242.0,4.0,5.0,5.0,Grey,Cloth,True,True,1.0
52000,9000,2013.0,Gasoline,Front Wheel Drive,Manual,5.486510227130129,120,1586.0,4.0,5.0,5.0,White,Cloth,True,True,1.0
107132,9750,2015.0,Gasoline,Front Wheel Drive,Manual,5.0,120,1586.0,4.0,5.0,5.0,Green,Full leather,True,False,2.0
104100,14480,2018.0,Gasoline,4WD,Manual,6.0,140,1373.0,4.0,5.0,5.0,Black,Part leather,True,True,2.0
91520,13770,2019.0,Gasoline,Front Wheel Drive,Manual,5.486510227130129,140,1373.0,3.8257612141004707,5.0,5.0,Gold,Cloth,False,True,1.663126188966392
95770,13900,2019.0,Gasoline,4WD,Manual,6.0,140,1373.0,4.0,5.0,5.0,Gold,Other,False,False,1.663126188966392
119000,5450,2010.0,Gasoline,Front Wheel Drive,Manual,5.0,120,1586.0,4.0,5.0,5.0,Silver,Cloth,False,False,1.663126188966392
137647,6900,2017.0,Gasoline,Front Wheel Drive,Manual,5.0,90,1242.0,4.0,5.0,5.0,Red,Cloth,False,True,1.0
87963,9990,2018.0,Gasoline,Front Wheel Drive,Manual,5.0,90,1242.0,4.0,5.0,5.0,Grey,Cloth,True,True,1.0
141500,4250,2011.0,Gasoline,Front Wheel Drive,Manual,5.0,120,1586.0,4.0,5.0,5.0,Grey,Cloth,False,True,1.0
173280,2949,2012.0,Gasoline,Front Wheel Drive,Manual,5.0,94,1242.0,4.0,5.0,5.0,White,Cloth,False,False,2.0
108124,6900,2015.0,Gasoline,Front Wheel Drive,Automatic,5.486510227130129,68,998.0,3.0,5.0,5.0,Grey,Cloth,True,True,1.0
91981,7950,2011.0,Gasoline,Front Wheel Drive,Manual,5.486510227130129,90,1242.0,4.0,5.0,5.0,White,Cloth,True,True,1.663126188966392
86897,14945,2017.0,Gasoline,Front Wheel Drive,Manual,5.0,120,1586.0,4.0,5.0,5.0,Orange,Cloth,True,False,1.663126188966392
149082,6750,2010.0,Gasoline,Front Wheel Drive,Manual,5.486510227130129,94,1242.0,4.0,5.0,5.0,Red,Cloth,True,False,1.663126188966392
216228,3350,2011.0,Gasoline,Front Wheel Drive,Manual,5.486510227130129,94,1242.0,4.0,5.0,5.0,Grey,Cloth,True,False,1.663126188966392
26306,8500,2017.0,Gasoline,Front Wheel Drive,Manual,5.0,68,996.0,3.0,5.0,5.0,Grey,Cloth,True,True,2.0
87032,13500,2015.0,Diesel,Front Wheel Drive,Manual,6.0,120,1598.0,4.0,5.0,5.0,Grey,Cloth,False,False,1.663126188966392
141872,6950,2011.0,Gasoline,4WD,Manual,5.486510227130129,94,1242.0,4.0,5.0,5.0,Black,Cloth,True,True,1.663126188966392
134800,8880,2014.0,Gasoline,4WD,Manual,5.0,120,1586.0,4.0,5.0,5.0,Black,Cloth,True,True,1.0
190484,4499,2015.0,Gasoline,4WD,Manual,5.0,94,1242.0,4.0,5.0,5.0,Grey,Cloth,False,False,1.0
147754,1999,2010.0,Gasoline,Front Wheel Drive,Manual,5.0,68,996.0,3.0,5.0,5.0,Grey,Cloth,False,False,1.663126188966392
36682,13990,2021.0,Gasoline,Front Wheel Drive,Manual,5.0,83,1197.0,4.0,5.0,5.0,Yellow,Cloth,True,True,2.0
60500,9590,2017.0,Gasoline,Front Wheel Drive,Manual,5.0,90,1242.0,4.0,5.0,5.0,White,Cloth,False,False,2.0
167247,4450,2014.0,Gasoline,Front Wheel Drive,Manual,5.486510227130129,68,996.0,3.0,5.0,5.0,Grey,Cloth,True,False,1.663126188966392
135000,9900,2017.0,Diesel,Front Wheel Drive,Manual,6.0,120,1598.0,4.0,5.0,5.0,Black,Cloth,False,True,1.663126188966392
98918,14950,2017.0,Gasoline,Front Wheel Drive,Manual,5.0,120,1586.0,4.0,5.0,5.0,Blue,Part leather,True,False,1.0
82571,4450,2004.0,Gasoline,Front Wheel Drive,Manual,5.486510227130129,94,1298.0,4.0,5.0,5.0,Grey,Part leather,True,True,1.663126188966392
160642,2495,2009.0,Gasoline,Front Wheel Drive,Manual,5.0,68,996.0,3.0,5.0,5.0,Grey,Cloth,True,False,1.663126188966392
62063,14590,2020.0,Electric/Gasoline,Front Wheel Drive,Manual,5.486510227130129,129,1373.0,3.8257612141004707,5.0,5.0,White,Cloth,False,True,2.0
20281,11400,2021.0,Electric/Gasoline,Front Wheel Drive,Manual,5.0,83,1197.0,4.0,5.0,5.0,Beige,Other,False,False,1.663126188966392
42333,12490,2021.0,Gasoline,Front Wheel Drive,Manual,5.0,83,1197.0,4.0,5.0,5.0,Black,Cloth,True,True,2.0
42502,7845,2018.0,Gasoline,Front Wheel Drive,Manual,5.486510227130129,68,998.0,3.0,5.0,5.0,Grey,Cloth,False,False,1.663126188966392
170901,4450,2010.0,Gasoline,Front Wheel Drive,Manual,5.486510227130129,92,1328.0,4.0,5.0,5.0,Grey,Cloth,True,False,1.0
60000,12990,2019.0,Gasoline,Front Wheel Drive,Manual,5.486510227130129,111,998.0,3.0,5.0,5.0,White,Part leather,False,True,1.663126188966392
232198,1250,2010.0,Gasoline,Front Wheel Drive,Manual,5.0,68,996.0,3.0,5.0,5.0,Black,Other,True,False,1.663126188966392
89000,8300,2016.0,Gasoline,4WD,Manual,5.0,94,1242.0,4.0,5.0,5.0,Silver,Cloth,False,False,1.663126188966392
16500,12890,2021.0,Electric/Gasoline,Front Wheel Drive,Manual,5.0,83,1197.0,4.0,5.0,5.0,Black,Cloth,False,True,1.0
79703,13980,2018.0,Diesel,Front Wheel Drive,Manual,6.0,120,1598.0,4.0,5.0,5.0,Grey,Cloth,False,True,1.663126188966392
201679,5500,2011.0,Diesel,Front Wheel Drive,Manual,5.0,75,1248.0,4.0,5.0,5.0,Silver,Cloth,False,False,2.0
114346,12100,2017.0,Gasoline,Front Wheel Drive,Manual,5.0,120,1586.0,4.0,5.0,5.0,Grey,Part leather,False,False,1.0
224645,3795,2012.0,Gasoline,Front Wheel Drive,Manual,5.486510227130129,94,1242.0,4.0,5.0,5.0,White,Part leather,True,False,1.663126188966392
39780,14990,2023.0,Electric/Gasoline,Front Wheel Drive,Manual,5.0,83,1197.0,4.0,5.0,5.0,Red,Cloth,False,False,1.663126188966392
147500,4950,2013.0,Gasoline,4WD,Manual,5.486510227130129,68,996.0,3.0,5.0,5.0,Blue,Cloth,True,True,1.663126188966392
54462,8499,2013.0,Gasoline,Front Wheel Drive,Manual,5.0,94,1242.0,4.0,5.0,5.0,Silver,Cloth,True,False,1.0
142762,10450,2014.0,Gasoline,Front Wheel Drive,Manual,5.486510227130129,120,1586.0,4.0,5.0,5.0,Grey,Cloth,True,True,1.663126188966392
95577,5000,2015.0,Gasoline,Front Wheel Drive,Manual,5.486510227130129,68,996.0,3.0,5.0,5.0,Grey,Cloth,False,False,1.663126188966392
43946,13950,2017.0,Gasoline,Front Wheel Drive,Automatic,5.486510227130129,90,1242.0,4.0,5.0,5.0,Red,Cloth,True,True,1.663126188966392
72514,11945,2017.0,Gasoline,Front Wheel Drive,Manual,5.0,90,1242.0,4.0,5.0,5.0,White,Cloth,True,False,1.663126188966392
226849,1450,2011.0,Gasoline,Front Wheel Drive,Manual,5.0,68,996.0,3.0,5.0,5.0,Black,Cloth,True,False,1.663126188966392
154178,6950,2007.0,Gasoline,Front Wheel Drive,Automatic,5.486510227130129,107,1586.0,4.0,5.0,5.0,Black,Cloth,True,True,1.663126188966392
235326,5995,2007.0,Diesel,4WD,Manual,5.486510227130129,129,1870.0,4.0,5.0,5.0,Black,Full leather,True,True,1.663126188966392
150800,4900,2011.0,Diesel,Front Wheel Drive,Manual,5.0,75,1248.0,4.0,5.0,5.0,Silver,Cloth,False,False,1.663126188966392
78590,13749,2018.0,Gasoline,Front Wheel Drive,Manual,5.0,90,1242.0,4.0,5.0,5.0,Blue,Cloth,True,False,1.663126188966392
223332,2690,2010.0,Gasoline,Front Wheel Drive,Manual,5.0,92,1328.0,4.0,5.0,5.0,Black,Full leather,False,False,1.663126188966392
104060,11900,2014.0,Gasoline,Front Wheel Drive,Manual,5.486510227130129,120,1586.0,4.0,5.0,5.0,Grey,Cloth,True,False,1.663126188966392
178057,5240,2008.0,Gasoline,Front Wheel Drive,Automatic,5.486510227130129,102,1490.0,4.0,5.0,5.0,Grey,Cloth,True,False,1.663126188966392
157476,5900,2015.0,Diesel,Front Wheel Drive,Manual,5.0,75,1248.0,4.0,5.0,5.0,Grey,Other,False,False,1.663126188966392
196843,4000,2010.0,Gasoline,Front Wheel Drive,Manual,5.486510227130129,94,1242.0,4.0,5.0,5.0,Blue,Cloth,False,False,1.663126188966392
31529,11950,2021.0,Gasoline,4WD,Manual,5.486510227130129,68,998.0,3.0,5.0,5.0,Silver,Cloth,True,True,1.663126188966392
140060,7950,2012.0,Gasoline,4WD,Manual,5.486510227130129,94,1242.0,4.0,5.0,5.0,White,Cloth,True,True,1.663126188966392
128427,7450,2014.0,Gasoline,4WD,Manual,5.486510227130129,68,998.0,3.0,5.0,5.0,Yellow,Cloth,True,True,1.663126188966392
73682,14900,2021.0,Electric/Gasoline,Front Wheel Drive,Manual,6.0,129,1373.0,4.0,5.0,5.0,White,Cloth,False,False,1.0
116000,9950,2011.0,Gasoline,Front Wheel Drive,Automatic,5.486510227130129,120,1586.0,4.0,5.0,5.0,Grey,Cloth,True,True,1.663126188966392
84951,13590,2017.0,Diesel,Front Wheel Drive,Manual,6.0,120,1598.0,4.0,5.0,5.0,Grey,Other,False,False,1.663126188966392
99500,14300,2016.0,Gasoline,4WD,Manual,6.0,140,1373.0,4.0,5.0,5.0,Grey,Other,False,False,1.0
116815,6950,2015.0,Gasoline,4WD,Manual,5.0,68,998.0,3.0,5.0,5.0,White,Other,True,True,1.663126188966392
162587,11495,2018.0,Gasoline,4WD,Manual,5.0,90,1242.0,4.0,5.0,5.0,Blue,Other,True,False,1.663126188966392
91245,12750,2015.0,Gasoline,Front Wheel Drive,Manual,5.0,120,1586.0,4.0,5.0,5.0,Black,Cloth,True,True,2.0
124500,4990,2009.0,Gasoline,Front Wheel Drive,Manual,5.486510227130129,107,1586.0,4.0,5.0,5.0,Black,Cloth,False,False,1.663126188966392
45279,11900,2019.0,LPG,Front Wheel Drive,Manual,5.0,90,1242.0,4.0,5.0,5.0,Grey,Cloth,True,True,1.0
113215,10950,2012.0,Gasoline,Front Wheel Drive,Automatic,5.486510227130129,120,1586.0,4.0,5.0,5.0,Grey,Cloth,True,True,1.663126188966392
42273,9450,2018.0,Gasoline,Front Wheel Drive,Manual,5.486510227130129,68,998.0,3.0,5.0,5.0,Red,Cloth,True,True,1.663126188966392
195680,2700,2007.0,Gasoline,4WD,Manual,5.0,99,1490.0,4.0,5.0,5.0,Silver,Cloth,False,False,1.663126188966392
159286,11490,2016.0,Gasoline,Front Wheel Drive,Manual,5.0,120,1586.0,4.0,5.0,5.0,Silver,Cloth,False,False,1.663126188966392
55751,12300,2020.0,Electric/Gasoline,Front Wheel Drive,Automatic,5.486510227130129,83,1200.0,3.8257612141004707,5.0,5.0,White,Cloth,False,True,1.663126188966392
181000,1450,2003.0,Gasoline,4WD,Manual,5.0,83,1328.0,4.0,5.0,5.0,Silver,Other,False,False,1.0
14500,13900,2023.0,Electric/Gasoline,Front Wheel Drive,Manual,5.0,90,1242.0,4.0,5.0,5.0,Red,Cloth,True,False,1.663126188966392
46280,12840,2020.0,Gasoline,Front Wheel Drive,Manual,5.0,111,998.0,3.0,5.0,5.0,White,Cloth,True,False,2.0
185739,9950,2018.0,Gasoline,4WD,Manual,5.486510227130129,111,998.0,3.0,5.0,5.0,Black,Other,False,False,1.663126188966392
137000,9990,2016.0,Diesel,4WD,Manual,6.0,120,1539.94231635872,4.0,5.0,5.0,Grey,Cloth,True,True,1.0
214061,5500,2006.0,Diesel,4WD,Manual,5.0,129,1870.0,4.0,5.0,5.0,Grey,Cloth,False,False,1.663126188966392
161275,2190,2002.0,Gasoline,Front Wheel Drive,Automatic,5.486510227130129,76,1298.0,4.0,5.0,5.0,Grey,Cloth,True,False,1.663126188966392
103494,11950,2016.0,Gasoline,Front Wheel Drive,Manual,5.0,120,1586.0,4.0,5.0,5.0,White,Cloth,True,False,1.663126188966392
64000,12900,2021.0,Electric/Gasoline,Front Wheel Drive,Manual,5.0,83,1197.0,4.0,5.0,5.0,Silver,Cloth,False,True,1.663126188966392
150796,11950,2007.0,Diesel,4WD,Manual,5.0,129,1870.0,4.0,5.0,5.0,Grey,Cloth,False,False,1.663126188966392
109624,7950,2017.0,Gasoline,4WD,Manual,5.486510227130129,68,998.0,3.0,5.0,5.0,Black,Cloth,True,True,1.663126188966392
65000,8945,2012.0,Gasoline,4WD,Manual,5.0,94,1242.0,4.0,5.0,5.0,Grey,Cloth,False,False,1.663126188966392
158079,9250,2013.0,Gasoline,Front Wheel Drive,Manual,5.486510227130129,120,1586.0,4.0,5.0,5.0,White,Full leather,False,False,1.663126188966392
79521,12500,2021.0,Electric/Gasoline,4WD,Manual,5.486510227130129,83,1197.0,4.0,5.0,5.0,White,Cloth,True,True,1.0
156000,8500,2016.0,Gasoline,Front Wheel Drive,Manual,5.0,120,1586.0,4.0,5.0,5.0,White,Cloth,True,False,1.0
54288,6250,2015.0,Gasoline,Front Wheel Drive,Manual,5.0,68,996.0,3.0,5.0,5.0,White,Other,True,False,1.663126188966392
91803,10450,2016.0,Gasoline,Front Wheel Drive,Automatic,5.486510227130129,68,998.0,3.0,5.0,5.0,Grey,Cloth,True,True,1.663126188966392
105838,5750,2014.0,Gasoline,Front Wheel Drive,Manual,5.486510227130129,68,996.0,3.0,5.0,5.0,Grey,Cloth,True,False,1.0
47465,12950,2017.0,Gasoline,Front Wheel Drive,Automatic,5.486510227130129,90,1242.0,4.0,5.0,5.0,Grey,Cloth,True,False,1.0
66545,5450,2013.0,Gasoline,Front Wheel Drive,Manual,5.0,68,996.0,3.0,5.0,5.0,Black,Cloth,True,False,1.663126188966392
149000,6790,2015.0,Gasoline,Front Wheel Drive,Manual,5.0,94,1242.0,4.0,5.0,5.0,Brown,Cloth,False,True,1.0
84516,11950,2019.0,Gasoline,Front Wheel Drive,Manual,5.0,90,1242.0,4.0,5.0,5.0,Black,Cloth,False,False,1.663126188966392
99100,13390,2019.0,Gasoline,4WD,Manual,6.0,140,1373.0,4.0,5.0,5.0,Yellow,Cloth,False,False,2.0
144202,10500,2015.0,Diesel,4WD,Manual,6.0,120,1598.0,4.0,5.0,5.0,Grey,Cloth,False,False,1.663126188966392
135220,9749,2018.0,Gasoline,Front Wheel Drive,Manual,5.486510227130129,90,1242.0,4.0,5.0,5.0,Blue,Cloth,True,False,1.663126188966392
126197,4900,2013.0,Gasoline,Front Wheel Drive,Manual,5.0,68,996.0,3.0,5.0,5.0,White,Other,True,False,1.0
48462,7695,2016.0,Gasoline,Front Wheel Drive,Manual,5.0,68,998.0,3.0,5.0,5.0,White,Cloth,False,False,1.663126188966392
80737,4745,2009.0,Gasoline,Front Wheel Drive,Manual,5.0,67,996.0,3.0,5.0,5.0,White,Cloth,True,False,2.0
145000,13300,2022.0,Electric/Gasoline,Front Wheel Drive,Manual,6.0,129,1373.0,4.0,5.0,5.0,Yellow,Cloth,True,False,1.0
185601,3949,2012.0,Gasoline,Front Wheel Drive,Manual,5.486510227130129,68,996.0,3.0,5.0,5.0,Grey,Cloth,True,False,1.663126188966392
81545,7499,2017.0,Gasoline,Front Wheel Drive,Manual,5.0,68,998.0,3.0,5.0,5.0,Blue,Cloth,True,False,1.663126188966392
63963,9450,2017.0,Gasoline,Front Wheel Drive,Manual,5.486510227130129,68,998.0,3.0,5.0,5.0,Black,Cloth,True,True,1.663126188966392
53268,13500,2021.0,Electric/Gasoline,Front Wheel Drive,Manual,5.0,83,1197.0,4.0,5.0,5.0,Red,Other,False,False,1.663126188966392
123500,10500,2018.0,Electric/Gasoline,Front Wheel Drive,Manual,5.0,90,1242.0,4.0,5.0,5.0,Red,Other,False,False,1.663126188966392
115987,9949,2016.0,Gasoline,Front Wheel Drive,Manual,5.486510227130129,94,1242.0,4.0,5.0,5.0,Grey,Other,True,False,1.663126188966392
43100,14200,2021.0,Electric/Gasoline,Front Wheel Drive,Manual,5.0,83,1198.0,4.0,5.0,5.0,White,Cloth,True,False,1.0
53200,14200,2021.0,Electric/Gasoline,Front Wheel Drive,Manual,5.0,83,1198.0,4.0,5.0,5.0,White,Cloth,True,False,1.0
118000,5700,2017.0,Gasoline,Front Wheel Drive,Manual,5.0,68,998.0,3.0,5.0,5.0,White,Cloth,True,True,1.0
284870,3900,2008.0,Diesel,Front Wheel Drive,Manual,5.0,129,1870.0,4.0,5.0,5.0,Silver,Cloth,False,False,1.663126188966392
145000,5900,2004.0,Gasoline,4WD,Manual,5.0,128,1995.0,4.0,5.0,5.0,Silver,Cloth,True,True,1.0
85019,12400,2017.0,Diesel,Front Wheel Drive,Manual,6.0,120,1598.0,4.0,5.0,5.0,Grey,Other,False,False,1.663126188966392
159096,4990,2010.0,Gasoline,4WD,Manual,5.486510227130129,95,1539.94231635872,3.8257612141004707,5.0,5.0,Grey,Cloth,False,False,1.663126188966392
69050,11100,2015.0,Gasoline,Front Wheel Drive,Manual,5.0,136,1586.0,4.0,5.0,5.0,White,Cloth,False,False,2.0
92900,13990,2017.0,Gasoline,4WD,Manual,6.0,140,1373.0,4.0,5.0,5.0,Grey,Full leather,True,True,1.663126188966392
26150,13490,2021.0,Gasoline,Front Wheel Drive,Manual,5.486510227130129,83,1197.0,4.0,5.0,5.0,Blue,Cloth,True,True,1.0
137000,6750,2012.0,Gasoline,Front Wheel Drive,Manual,5.0,120,1586.0,4.0,5.0,5.0,Red,Cloth,False,False,1.663126188966392
104329,8750,2012.0,Gasoline,Front Wheel Drive,Manual,5.0,120,1586.0,4.0,5.0,5.0,Black,Other,False,False,1.663126188966392
70706,6590,2016.0,Gasoline,Front Wheel Drive,Manual,5.0,68,1539.94231635872,3.0,5.0,5.0,Black,Other,False,False,2.0
43403,12580,2023.0,Gasoline,Front Wheel Drive,Manual,5.0,83,1197.0,4.0,5.0,5.0,Black,Cloth,True,True,1.0
63935,12499,2018.0,Others,4WD,Manual,5.486510227130129,91,1242.0,3.8257612141004707,5.0,5.0,Blue,Full leather,False,False,1.663126188966392
109000,3699,2011.0,Gasoline,4WD,Manual,5.0,94,1242.0,4.0,5.0,5.0,Grey,Velour,True,True,2.0
176398,695,2003.0,Gasoline,Front Wheel Drive,Manual,5.486510227130129,63,1061.0,4.0,5.0,5.0,Black,Cloth,False,False,1.663126188966392
253650,950,2007.0,Gasoline,Front Wheel Drive,Manual,5.486510227130129,92,1328.0,4.0,5.0,5.0,Red,Cloth,False,False,1.663126188966392
23000,9990,2016.0,Gasoline,Front Wheel Drive,Manual,5.0,111,1539.94231635872,3.0,5.0,5.0,White,Cloth,True,True,1.663126188966392
111736,7499,2015.0,Gasoline,Front Wheel Drive,Manual,5.0,90,1242.0,4.0,5.0,5.0,Black,Cloth,True,False,1.663126188966392
157354,2750,2007.0,Gasoline,Front Wheel Drive,Manual,5.486510227130129,92,1328.0,4.0,5.0,5.0,White,Cloth,False,False,1.663126188966392
213810,499,2005.0,Gasoline,Front Wheel Drive,Manual,5.486510227130129,63,1061.0,4.0,5.0,5.0,Black,Cloth,False,False,1.663126188966392
209159,1350,2010.0,Gasoline,Front Wheel Drive,Manual,5.486510227130129,68,996.0,3.0,5.0,5.0,Blue,Cloth,False,False,1.663126188966392
27836,5250,2014.0,Gasoline,Front Wheel Drive,Manual,5.486510227130129,68,996.0,3.0,5.0,5.0,Black,Cloth,True,False,1.663126188966392
111507,9445,2015.0,Gasoline,4WD,Manual,5.0,120,1586.0,4.0,5.0,5.0,Black,Cloth,True,False,1.663126188966392
183897,1900,2008.0,Gasoline,Front Wheel Drive,Manual,5.0,107,1586.0,4.0,5.0,5.0,Red,Cloth,False,False,1.0
54509,6950,2010.0,Gasoline,Front Wheel Drive,Automatic,4.0,68,996.0,3.0,5.0,5.0,White,Cloth,True,False,1.663126188966392
206757,1850,2012.0,Gasoline,Front Wheel Drive,Manual,5.486510227130129,68,996.0,3.0,5.0,5.0,Grey,Cloth,False,False,1.663126188966392
79900,5990,2018.0,Gasoline,Front Wheel Drive,Manual,5.0,68,998.0,3.0,5.0,5.0,Blue,Cloth,True,False,1.663126188966392
57950,14850,2019.0,Gasoline,4WD,Manual,6.0,140,1373.0,4.0,5.0,5.0,Gold,Cloth,True,True,1.0
100000,7450,2015.0,Gasoline,Front Wheel Drive,Manual,5.0,94,1242.0,4.0,5.0,5.0,White,alcantara,True,True,2.0
106452,3199,2010.0,Gasoline,4WD,Manual,5.0,86,1539.94231635872,4.0,5.0,5.0,Black,Cloth,False,False,2.0
167000,3900,2009.0,Gasoline,4WD,Manual,5.0,107,1586.0,4.0,5.0,5.0,Bronze,Cloth,True,True,1.0
135329,3750,2011.0,Gasoline,Front Wheel Drive,Manual,5.486510227130129,68,996.0,3.0,5.0,5.0,Grey,Full leather,False,False,1.663126188966392
124196,2450,2009.0,Gasoline,Front Wheel Drive,Manual,5.486510227130129,68,996.0,3.0,5.0,5.0,Blue,Full leather,True,False,1.663126188966392
121000,400,2005.0,Gasoline,4WD,Manual,5.0,103,1539.94231635872,4.0,5.0,5.0,Grey,Cloth,False,False,1.663126188966392
129529,3250,2010.0,Gasoline,Front Wheel Drive,Manual,5.486510227130129,68,996.0,3.0,5.0,5.0,White,Cloth,False,False,1.663126188966392
56268,6950,2010.0,Gasoline,Front Wheel Drive,Manual,5.0,107,1586.0,4.0,5.0,5.0,Orange,Cloth,True,False,1.0
99042,8950,2016.0,Gasoline,4WD,Manual,5.0,94,1242.0,4.0,5.0,5.0,Grey,Cloth,False,False,1.663126188966392
134000,5499,2014.0,Gasoline,Front Wheel Drive,Manual,5.0,94,1539.94231635872,4.0,5.0,5.0,White,Cloth,True,True,1.0
113000,10685,2017.0,Gasoline,Front Wheel Drive,Automatic,5.0,111,998.0,3.0,5.0,5.0,White,Cloth,True,True,1.0
143222,3950,2010.0,Gasoline,Front Wheel Drive,Manual,5.0,86,1242.0,4.0,5.0,5.0,Green,Cloth,True,False,1.663126188966392
183848,3500,2009.0,Gasoline,Front Wheel Drive,Manual,5.486510227130129,92,1328.0,4.0,5.0,5.0,Grey,Cloth,True,False,1.663126188966392
108000,7500,2015.0,Gasoline,Front Wheel Drive,Manual,5.0,94,1539.94231635872,4.0,5.0,5.0,White,alcantara,True,True,1.0
155000,5500,2004.0,Diesel,4WD,Manual,5.486510227130129,109,1997.0,4.0,5.0,5.0,Grey,Cloth,False,False,2.0
31625,6250,2015.0,Gasoline,4WD,Manual,5.486510227130129,68,996.0,3.0,5.0,5.0,Blue,Cloth,False,False,1.663126188966392
120000,3990,2008.0,Gasoline,Front Wheel Drive,Manual,5.0,94,1328.0,4.0,5.0,5.0,Black,Cloth,False,True,1.663126188966392
190585,2545,2011.0,Gasoline,Front Wheel Drive,Manual,5.0,68,996.0,3.0,5.0,5.0,Brown,Cloth,True,False,1.663126188966392
110150,11490,2015.0,Gasoline,Front Wheel Drive,Manual,5.0,120,1586.0,4.0,5.0,5.0,Red,Cloth,False,False,1.663126188966392
56999,11200,2016.0,Gasoline,Front Wheel Drive,Automatic,5.0,94,1242.0,4.0,5.0,5.0,Grey,Cloth,True,True,1.663126188966392
139895,3990,2011.0,Gasoline,Front Wheel Drive,Manual,5.0,65,1539.94231635872,3.0,5.0,5.0,Black,Cloth,True,True,1.0
87745,13950,2018.0,Electric/Gasoline,4WD,Manual,5.0,111,998.0,3.0,5.0,5.0,Black,Cloth,False,False,1.663126188966392
178000,3950,2011.0,Gasoline,4WD,Manual,5.0,94,1539.94231635872,4.0,5.0,5.0,Silver,Cloth,True,False,2.0
99000,14999,2018.0,Gasoline,4WD,Manual,6.0,140,1373.0,4.0,5.0,5.0,Red,Cloth,True,False,1.0
209609,12900,2014.0,Electric,Rear Wheel Drive,Automatic,5.486510227130129,0,1539.94231635872,3.8257612141004707,5.0,5.0,Grey,Full leather,False,False,1.0
183291,5243,2012.0,Gasoline,Front Wheel Drive,Manual,5.0,69,998.0,3.0,5.0,5.0,Grey,Cloth,True,False,1.663126188966392
172090,4880,2013.0,Diesel,Front Wheel Drive,Manual,6.0,126,1998.0,4.0,5.0,5.0,Black,Cloth,True,True,2.0
111235,13990,2017.0,Electric/Gasoline,Front Wheel Drive,Automatic,5.486510227130129,122,1798.0,4.0,5.0,5.0,Grey,Full leather,False,False,1.663126188966392
178502,9950,2010.0,Gasoline,4WD,Manual,5.486510227130129,158,1987.0,4.0,5.0,5.0,Black,Full leather,False,False,1.663126188966392
150886,9980,2015.0,Electric/Gasoline,Front Wheel Drive,Manual,6.0,158,1197.0,4.0,5.0,5.0,Black,Cloth,False,True,1.0
100000,3999,2009.0,Gasoline,Front Wheel Drive,Manual,6.0,101,1539.94231635872,4.0,5.0,5.0,Silver,Cloth,False,True,2.0
149777,6499,2013.0,Gasoline,Front Wheel Drive,Manual,5.486510227130129,69,998.0,3.0,5.0,5.0,Black,Cloth,True,False,1.663126188966392
105000,9490,2016.0,Gasoline,Front Wheel Drive,Manual,6.0,99,1329.0,4.0,5.0,5.0,Grey,Cloth,True,True,1.0
126319,8490,2020.0,Gasoline,Front Wheel Drive,Manual,5.0,69,998.0,3.0,5.0,5.0,Grey,Cloth,False,False,1.663126188966392
190919,7243,2011.0,Electric/Gasoline,Front Wheel Drive,Automatic,5.486510227130129,136,1798.0,4.0,5.0,5.0,Grey,Cloth,True,False,2.0
122496,9900,2016.0,Electric/Gasoline,Front Wheel Drive,Automatic,5.486510227130129,136,1798.0,4.0,5.0,5.0,Silver,Cloth,False,True,1.0
169244,8499,2012.0,Gasoline,Front Wheel Drive,Manual,6.0,147,1798.0,4.0,5.0,5.0,Black,Cloth,True,False,1.663126188966392
71813,11980,2020.0,Gasoline,Front Wheel Drive,Manual,6.0,111,1496.0,4.0,5.0,5.0,White,Cloth,False,False,1.0
82736,12490,2017.0,Gasoline,Front Wheel Drive,Manual,6.0,116,1197.0,4.0,5.0,5.0,White,Cloth,True,True,2.0
216000,1999,2005.0,Diesel,Front Wheel Drive,Manual,5.0,116,1995.0,4.0,5.0,5.0,Grey,Other,False,False,1.663126188966392
83614,11980,2014.0,Gasoline,Front Wheel Drive,Manual,6.0,147,1798.0,4.0,5.0,5.0,Silver,Cloth,False,True,1.663126188966392
208548,8990,2012.0,Electric/Gasoline,Front Wheel Drive,Automatic,6.0,99,1798.0,4.0,5.0,5.0,White,Part leather,True,False,1.663126188966392
63069,6999,2011.0,Gasoline,Front Wheel Drive,Manual,5.0,69,998.0,3.0,5.0,5.0,Grey,Cloth,True,True,1.0
184652,11499,2017.0,Electric/Gasoline,Front Wheel Drive,Automatic,5.486510227130129,99,1798.0,4.0,5.0,5.0,White,Cloth,True,False,1.663126188966392
60900,11750,2020.0,Gasoline,Front Wheel Drive,Manual,5.0,72,998.0,3.0,5.0,5.0,Bronze,Cloth,False,False,1.663126188966392
60053,11900,2017.0,Electric/Gasoline,Front Wheel Drive,Automatic,5.486510227130129,101,1497.0,4.0,5.0,5.0,Bronze,Other,False,False,1.663126188966392
107014,12980,2017.0,Gasoline,Front Wheel Drive,Manual,6.0,116,1197.0,4.0,5.0,5.0,Blue,Cloth,False,False,1.663126188966392
101430,13990,2018.0,Electric/Gasoline,Front Wheel Drive,Automatic,5.486510227130129,99,1798.0,3.8257612141004707,5.0,5.0,Black,Cloth,False,True,1.663126188966392
89000,10480,2018.0,Electric/Gasoline,Front Wheel Drive,Automatic,5.486510227130129,73,1497.0,4.0,5.0,5.0,White,Cloth,True,True,1.0
124796,10750,2016.0,Electric/Gasoline,Front Wheel Drive,Automatic,5.486510227130129,73,1497.0,4.0,5.0,5.0,Grey,Cloth,True,False,1.663126188966392
212864,4900,2011.0,Gasoline,Front Wheel Drive,Manual,5.486510227130129,99,1329.0,4.0,5.0,5.0,Grey,Cloth,True,False,1.663126188966392
126700,5490,2009.0,Gasoline,Front Wheel Drive,Manual,6.0,101,1329.0,4.0,5.0,5.0,Red,Cloth,False,True,1.0
74386,13990,2016.0,Gasoline,Front Wheel Drive,Manual,5.486510227130129,132,1598.0,3.8257612141004707,5.0,5.0,Grey,Cloth,False,True,1.663126188966392
186388,11999,2018.0,Electric/Gasoline,Front Wheel Drive,Automatic,5.486510227130129,136,1798.0,4.0,5.0,5.0,Black,Cloth,False,False,1.663126188966392
70940,11990,2022.0,Gasoline,Front Wheel Drive,Manual,5.0,72,998.0,3.0,5.0,5.0,White,Cloth,False,False,1.663126188966392
280479,3950,2005.0,Electric/Gasoline,Front Wheel Drive,Automatic,5.486510227130129,77,1497.0,4.0,5.0,5.0,Grey,Cloth,True,False,1.663126188966392
44700,12750,2020.0,Gasoline,Front Wheel Drive,Manual,5.0,72,998.0,3.0,5.0,5.0,White,Cloth,False,False,1.663126188966392
90000,11000,2018.0,Electric/Gasoline,Front Wheel Drive,Automatic,5.486510227130129,73,1497.0,4.0,5.0,5.0,Grey,Cloth,False,False,1.0
65540,13500,2023.0,Gasoline,Front Wheel Drive,Manual,5.0,72,998.0,3.0,5.0,5.0,White,Cloth,False,False,1.663126188966392
149700,13900,2017.0,Electric/Gasoline,Front Wheel Drive,Automatic,5.486510227130129,98,1798.0,4.0,5.0,5.0,Black,Cloth,True,True,1.0
80099,10190,2018.0,Gasoline,Front Wheel Drive,Manual,5.486510227130129,111,1496.0,3.8257612141004707,5.0,5.0,Grey,Cloth,False,True,2.0
142000,6950,2014.0,Gasoline,Front Wheel Drive,Manual,5.0,69,998.0,3.0,5.0,5.0,Red,Cloth,True,True,1.0
181747,8950,2014.0,Gasoline,Front Wheel Drive,Manual,6.0,132,1598.0,4.0,5.0,5.0,Brown,Cloth,False,False,1.663126188966392
135000,11890,2012.0,Gasoline,Front Wheel Drive,Manual,6.0,158,1987.0,4.0,5.0,5.0,Silver,Full leather,False,False,2.0
103791,9450,2016.0,Electric/Gasoline,Front Wheel Drive,Automatic,5.486510227130129,101,1497.0,4.0,5.0,5.0,Blue,Other,False,False,1.0
220000,11499,2016.0,Diesel,Front Wheel Drive,Manual,6.0,143,1995.0,4.0,5.0,5.0,Red,Cloth,False,False,1.663126188966392
43500,13290,2017.0,Electric/Gasoline,Front Wheel Drive,Automatic,5.486510227130129,75,1539.94231635872,4.0,5.0,5.0,White,Cloth,True,False,2.0
123055,9900,2018.0,Electric/Gasoline,Front Wheel Drive,Automatic,5.486510227130129,101,1497.0,4.0,5.0,5.0,Red,Other,False,False,1.663126188966392
73000,10990,2016.0,Diesel,Front Wheel Drive,Manual,6.0,90,1364.0,4.0,5.0,5.0,Blue,Cloth,True,True,1.0
73685,12750,2013.0,Electric/Gasoline,Front Wheel Drive,Automatic,5.486510227130129,99,1798.0,4.0,5.0,5.0,Grey,Cloth,True,True,1.0
96785,14290,2019.0,Gasoline,Front Wheel Drive,Manual,6.0,116,1197.0,4.0,5.0,5.0,White,Cloth,True,False,2.0
202278,7490,2009.0,Electric/Gasoline,Front Wheel Drive,Automatic,5.486510227130129,99,1798.0,4.0,5.0,5.0,Black,Cloth,True,False,1.663126188966392
158631,5850,2007.0,Gasoline,Front Wheel Drive,Automatic,5.486510227130129,124,1598.0,4.0,5.0,5.0,Black,Cloth,True,False,1.663126188966392
188111,5990,2007.0,Diesel,Front Wheel Drive,Manual,6.0,136,1539.94231635872,4.0,5.0,5.0,Black,Cloth,True,False,1.663126188966392
164000,9500,2019.0,Electric/Gasoline,Front Wheel Drive,Automatic,5.486510227130129,73,1497.0,4.0,5.0,5.0,Blue,Cloth,False,False,1.0
105966,13845,2016.0,Gasoline,Front Wheel Drive,Manual,6.0,116,1197.0,4.0,5.0,5.0,White,Cloth,True,False,1.663126188966392
56902,9990,2014.0,Gasoline,Front Wheel Drive,Manual,5.0,69,998.0,3.0,5.0,5.0,Silver,Cloth,False,False,2.0
89900,9730,2012.0,Gasoline,Front Wheel Drive,Manual,6.0,132,1539.94231635872,4.0,5.0,5.0,Grey,Cloth,True,True,1.0
127000,3990,2007.0,Diesel,Front Wheel Drive,Manual,5.0,90,1364.0,4.0,5.0,5.0,Grey,Cloth,False,False,1.663126188966392
56053,12949,2018.0,Electric/Gasoline,Front Wheel Drive,Automatic,5.486510227130129,75,1497.0,3.8257612141004707,5.0,5.0,White,Cloth,False,True,2.0
106000,4800,2003.0,Gasoline,Front Wheel Drive,Manual,5.486510227130129,110,1539.94231635872,4.0,5.0,5.0,Grey,Cloth,True,False,1.0
89000,14999,2017.0,Electric/Gasoline,Front Wheel Drive,Automatic,5.486510227130129,99,1798.0,4.0,5.0,5.0,Silver,Cloth,True,True,1.0
44300,13800,2020.0,Electric/Gasoline,Front Wheel Drive,Automatic,6.0,73,1497.0,4.0,5.0,5.0,Grey,Cloth,False,False,1.663126188966392
142005,11995,2015.0,Electric/Gasoline,Front Wheel Drive,Automatic,5.0,99,1798.0,3.8257612141004707,5.0,5.0,Bronze,Cloth,True,True,1.0
117500,10980,2015.0,Gasoline,Front Wheel Drive,Manual,6.0,99,1329.0,4.0,5.0,5.0,Blue,Cloth,True,True,1.663126188966392
125888,6980,2017.0,Gasoline,4WD,Manual,5.0,69,998.0,3.0,5.0,5.0,Red,Cloth,True,True,2.0
76203,12220,2019.0,Electric/Gasoline,Front Wheel Drive,Automatic,5.486510227130129,73,1497.0,4.0,5.0,5.0,White,Cloth,False,False,1.0
153624,5499,2007.0,Gasoline,Front Wheel Drive,Manual,5.486510227130129,129,1794.0,4.0,5.0,5.0,Black,Cloth,True,False,1.663126188966392
67270,8500,2015.0,Gasoline,Front Wheel Drive,Manual,5.0,69,998.0,3.0,5.0,5.0,Black,Cloth,False,False,1.663126188966392
114992,12990,2019.0,Electric/Gasoline,Front Wheel Drive,Automatic,5.0,99,1497.0,3.8257612141004707,5.0,5.0,Black,Cloth,True,True,1.0
41837,11950,2020.0,Gasoline,Front Wheel Drive,Manual,5.0,72,998.0,3.0,5.0,5.0,White,Cloth,False,False,1.663126188966392
44978,13700,2023.0,Gasoline,Front Wheel Drive,Manual,5.0,72,998.0,3.0,5.0,5.0,White,Other,False,False,2.0
78280,11900,2013.0,Electric/Gasoline,Front Wheel Drive,Automatic,5.486510227130129,75,1500.0,4.0,5.0,5.0,Blue,Cloth,False,True,1.0
70672,12498,2022.0,Gasoline,Front Wheel Drive,Manual,5.0,72,998.0,3.0,5.0,5.0,Blue,Cloth,True,True,1.0
108402,10490,2018.0,Gasoline,Front Wheel Drive,Manual,6.0,111,1496.0,4.0,5.0,5.0,Red,Cloth,True,False,1.0
49950,14990,2019.0,Electric/Gasoline,Front Wheel Drive,Automatic,5.486510227130129,101,1497.0,4.0,5.0,5.0,White,Cloth,False,True,1.0
235020,1410,2000.0,Gasoline,Front Wheel Drive,Manual,5.0,110,1598.0,4.0,5.0,5.0,Red,Cloth,False,False,1.663126188966392
56300,12490,2020.0,Gasoline,Front Wheel Drive,Manual,5.0,72,1000.0,3.0,5.0,5.0,White,Cloth,True,True,1.663126188966392
60752,12490,2018.0,Gasoline,Front Wheel Drive,Manual,6.0,99,1329.0,3.8257612141004707,5.0,5.0,Grey,Cloth,True,True,1.0
130245,4995,2010.0,Gasoline,Front Wheel Drive,Manual,5.486510227130129,101,1329.0,4.0,5.0,5.0,Grey,Cloth,True,False,1.663126188966392
96944,14900,2019.0,Electric/Gasoline,Front Wheel Drive,Automatic,5.486510227130129,122,1798.0,4.0,5.0,5.0,Silver,Other,False,False,1.663126188966392
104000,7800,2012.0,Gasoline,Front Wheel Drive,Manual,5.486510227130129,69,998.0,3.0,5.0,5.0,White,Cloth,False,False,1.663126188966392
14560,14590,2021.0,Gasoline,Front Wheel Drive,Manual,6.0,125,1490.0,3.0,5.0,5.0,Grey,Cloth,True,True,2.0
67031,11990,2019.0,Gasoline,Front Wheel Drive,Manual,5.486510227130129,72,998.0,3.0,5.0,5.0,White,Full leather,False,False,1.663126188966392
151676,11585,2008.0,Gasoline,4WD,Manual,5.0,154,1998.0,4.0,5.0,5.0,Grey,Cloth,True,False,2.0
101271,13490,2017.0,Gasoline,Front Wheel Drive,Manual,6.0,116,1197.0,3.8257612141004707,5.0,5.0,Bronze,Cloth,True,True,1.0
168000,6900,2015.0,Diesel,Front Wheel Drive,Manual,5.486510227130129,111,1598.0,4.0,5.0,5.0,Silver,Cloth,False,False,1.0
96938,14749,2017.0,Electric/Gasoline,Front Wheel Drive,Automatic,5.486510227130129,99,1798.0,3.8257612141004707,5.0,5.0,Blue,alcantara,False,True,1.0
97700,11290,2015.0,Electric/Gasoline,Front Wheel Drive,Automatic,5.486510227130129,101,1497.0,4.0,5.0,5.0,Silver,Cloth,False,True,2.0
66000,6790,2011.0,Gasoline,Front Wheel Drive,Manual,6.0,101,1329.0,4.0,5.0,5.0,White,Cloth,False,False,1.663126188966392
139431,11649,2015.0,Electric/Gasoline,Front Wheel Drive,Automatic,5.486510227130129,136,1798.0,3.8257612141004707,5.0,5.0,White,Cloth,False,True,2.0
147629,6450,2009.0,Gasoline,Front Wheel Drive,Automatic,5.486510227130129,101,1329.0,4.0,5.0,5.0,Grey,Cloth,False,False,1.663126188966392
72528,10210,2019.0,Gasoline,Front Wheel Drive,Manual,5.486510227130129,72,998.0,3.8257612141004707,5.0,5.0,Grey,Cloth,False,True,2.0
128265,14049,2016.0,Electric/Gasoline,Front Wheel Drive,Automatic,5.486510227130129,99,1798.0,3.8257612141004707,5.0,5.0,White,Cloth,False,True,2.0
18149,13549,2017.0,Electric/Gasoline,Front Wheel Drive,Automatic,5.486510227130129,75,1497.0,3.8257612141004707,5.0,5.0,Grey,Cloth,False,True,1.0
77852,14950,2010.0,Gasoline,Front Wheel Drive,Automatic,5.486510227130129,158,1987.0,4.0,5.0,5.0,Brown,Full leather,True,False,1.663126188966392
265000,3900,2009.0,Diesel,Front Wheel Drive,Manual,6.0,126,1998.0,4.0,5.0,5.0,Grey,Cloth,True,True,1.663126188966392
123500,8995,2010.0,Gasoline,Front Wheel Drive,Manual,6.0,132,1598.0,3.8257612141004707,5.0,5.0,Blue,Cloth,True,True,2.0
69063,11980,2017.0,Gasoline,Front Wheel Drive,Manual,6.0,99,1329.0,4.0,5.0,5.0,Red,Cloth,True,True,1.0
97984,6850,2012.0,Gasoline,Front Wheel Drive,Manual,5.486510227130129,69,998.0,3.0,5.0,5.0,Red,Cloth,True,False,1.0
115000,9900,2016.0,Electric/Gasoline,Front Wheel Drive,Automatic,5.486510227130129,75,1497.0,4.0,5.0,5.0,Black,Cloth,False,False,1.0
40000,10990,2017.0,Gasoline,Front Wheel Drive,Manual,5.0,69,998.0,3.0,5.0,5.0,Silver,Cloth,True,True,1.0
109484,10300,2017.0,Electric/Gasoline,Front Wheel Drive,Automatic,5.486510227130129,101,1497.0,4.0,5.0,5.0,Red,Other,False,False,1.663126188966392
65385,14495,2019.0,Electric/Gasoline,Front Wheel Drive,Automatic,5.486510227130129,73,1497.0,4.0,5.0,5.0,White,Cloth,False,False,1.663126188966392
36480,13949,2018.0,Electric/Gasoline,Front Wheel Drive,Automatic,5.486510227130129,75,1497.0,3.8257612141004707,5.0,5.0,Blue,Cloth,False,True,2.0
152397,11745,2013.0,Electric/Gasoline,Front Wheel Drive,Automatic,5.486510227130129,99,1798.0,4.0,5.0,5.0,Grey,Part leather,False,False,1.663126188966392
64761,11490,2020.0,Gasoline,Front Wheel Drive,Manual,5.0,72,998.0,3.8257612141004707,5.0,5.0,Blue,Cloth,True,True,2.0
25600,14950,2020.0,Gasoline,Front Wheel Drive,Manual,6.0,111,1496.0,4.0,5.0,5.0,White,Cloth,False,False,2.0
44645,14750,2019.0,Electric/Gasoline,Front Wheel Drive,Automatic,5.486510227130129,101,1497.0,4.0,5.0,5.0,White,Cloth,True,True,1.663126188966392
140000,10890,2014.0,Electric/Gasoline,Front Wheel Drive,Automatic,5.486510227130129,136,1798.0,4.0,5.0,5.0,Silver,Cloth,False,False,1.663126188966392
82425,12900,2018.0,Electric/Gasoline,Front Wheel Drive,Automatic,5.486510227130129,101,1497.0,4.0,5.0,5.0,White,Other,False,False,1.663126188966392
200751,4250,2011.0,Gasoline,Front Wheel Drive,Manual,5.486510227130129,69,998.0,3.0,5.0,5.0,Grey,Cloth,True,True,1.663126188966392
299999,2200,2005.0,Electric/Gasoline,Front Wheel Drive,Automatic,5.486510227130129,77,1497.0,4.0,5.0,5.0,Green,Cloth,False,False,1.663126188966392
55800,14980,2018.0,Electric/Gasoline,Front Wheel Drive,Automatic,5.486510227130129,101,1497.0,4.0,5.0,5.0,White,Cloth,True,True,1.0
49000,14000,2023.0,Gasoline,Front Wheel Drive,Manual,5.0,72,998.0,3.0,5.0,5.0,White,Cloth,False,True,1.663126188966392
93800,14990,2022.0,Gasoline,Front Wheel Drive,Manual,6.0,125,1539.94231635872,3.0,5.0,5.0,White,Cloth,True,True,2.0
125000,11900,2019.0,Electric/Gasoline,Front Wheel Drive,Automatic,6.0,73,1497.0,4.0,5.0,5.0,Grey,Cloth,True,True,1.663126188966392
138060,5900,2014.0,Gasoline,Front Wheel Drive,Manual,5.0,69,998.0,3.0,5.0,5.0,Black,Cloth,True,False,1.663126188966392
252402,2195,2006.0,Gasoline,Front Wheel Drive,Manual,5.486510227130129,69,996.0,3.0,5.0,5.0,Grey,Cloth,False,False,1.663126188966392
126000,7490,2013.0,Diesel,Front Wheel Drive,Manual,6.0,90,1364.0,4.0,5.0,5.0,Blue,Part leather,True,True,1.663126188966392
105954,9200,2015.0,Diesel,Front Wheel Drive,Manual,6.0,111,1598.0,4.0,5.0,5.0,Grey,Cloth,True,False,1.663126188966392
63000,7990,2014.0,Gasoline,Front Wheel Drive,Manual,5.0,69,998.0,3.0,5.0,5.0,White,Cloth,True,True,1.0
115000,9900,2016.0,Electric/Gasoline,Front Wheel Drive,Automatic,5.486510227130129,75,1497.0,4.0,5.0,5.0,Black,Cloth,False,False,1.0
93700,14900,2020.0,Electric/Gasoline,Front Wheel Drive,Automatic,5.486510227130129,92,1490.0,3.0,5.0,5.0,Black,Cloth,False,False,1.663126188966392
109432,11950,2015.0,Electric/Gasoline,Front Wheel Drive,Automatic,5.486510227130129,101,1497.0,4.0,5.0,5.0,White,Cloth,False,False,1.663126188966392
28142,13999,2014.0,Gasoline,Front Wheel Drive,Automatic,5.486510227130129,99,1329.0,4.0,5.0,5.0,Grey,Cloth,False,False,1.663126188966392
248577,6250,2012.0,Gasoline,Front Wheel Drive,Automatic,5.486510227130129,147,1798.0,4.0,5.0,5.0,Blue,Cloth,True,False,1.663126188966392
116220,9990,2013.0,Gasoline,Front Wheel Drive,Manual,6.0,147,1798.0,4.0,5.0,5.0,Grey,Cloth,True,True,2.0
155263,9900,2015.0,Gasoline,Front Wheel Drive,Manual,6.0,99,1329.0,3.8257612141004707,5.0,5.0,Grey,Cloth,True,True,2.0
108640,7600,2014.0,Electric/Gasoline,Front Wheel Drive,Semi-automatic,5.486510227130129,75,1497.0,4.0,5.0,5.0,Black,Cloth,False,False,1.663126188966392
166368,7990,2012.0,Diesel,Front Wheel Drive,Manual,6.0,90,1364.0,4.0,5.0,5.0,Black,Cloth,False,False,1.663126188966392
87000,8900,2016.0,Gasoline,Front Wheel Drive,Manual,5.486510227130129,69,998.0,3.0,5.0,5.0,Silver,Cloth,True,True,1.0
48000,14800,2023.0,Gasoline,Front Wheel Drive,Manual,5.0,72,998.0,3.0,5.0,5.0,White,Cloth,False,True,1.663126188966392
46300,14490,2021.0,Gasoline,Front Wheel Drive,Manual,5.0,72,998.0,3.0,5.0,5.0,Blue,Other,False,True,1.0
24400,13800,2022.0,Gasoline,Front Wheel Drive,Manual,5.0,72,998.0,3.0,5.0,5.0,Silver,Other,True,False,1.663126188966392
125200,5950,2008.0,Gasoline,Front Wheel Drive,Manual,5.0,97,1398.0,4.0,5.0,5.0,Grey,Cloth,False,False,1.663126188966392
189460,11950,2016.0,Electric/Gasoline,Front Wheel Drive,Automatic,5.486510227130129,99,1798.0,4.0,5.0,5.0,Blue,Cloth,True,False,1.0
188681,5750,2010.0,Gasoline,Front Wheel Drive,Manual,5.486510227130129,101,1329.0,4.0,5.0,5.0,Grey,Cloth,True,False,1.663126188966392
185606,14950,2012.0,Gasoline,4WD,Manual,6.0,158,1987.0,4.0,5.0,5.0,Red,Part leather,True,False,1.663126188966392
181000,2990,2006.0,Gasoline,4WD,Manual,5.0,69,998.0,3.0,5.0,5.0,Black,Part leather,False,False,2.0
124226,8500,2015.0,Electric/Gasoline,Front Wheel Drive,Automatic,5.486510227130129,75,1497.0,4.0,5.0,5.0,Silver,Cloth,False,False,1.0
165201,14950,2013.0,Gasoline,4WD,Automatic,5.486510227130129,151,1987.0,4.0,5.0,5.0,Grey,Full leather,True,False,2.0
204157,4750,2007.0,Gasoline,Front Wheel Drive,Manual,5.486510227130129,133,1798.0,4.0,5.0,5.0,Grey,Cloth,True,False,1.663126188966392
126000,8900,2015.0,Electric/Gasoline,Front Wheel Drive,Automatic,5.486510227130129,75,1497.0,4.0,5.0,5.0,Red,Cloth,False,True,1.663126188966392
199776,8750,2015.0,Electric/Gasoline,Front Wheel Drive,Automatic,5.486510227130129,101,1497.0,4.0,5.0,5.0,Grey,Cloth,False,False,1.663126188966392
214296,9450,2013.0,Gasoline,Front Wheel Drive,Automatic,5.486510227130129,152,1987.0,4.0,5.0,5.0,Red,Part leather,True,False,1.663126188966392
140000,8000,2017.0,Electric/Gasoline,Front Wheel Drive,Automatic,6.0,73,1497.0,4.0,5.0,5.0,Red,Cloth,True,False,2.0
185111,9750,2013.0,Electric/Gasoline,Front Wheel Drive,Automatic,5.486510227130129,99,1798.0,4.0,5.0,5.0,White,Cloth,True,False,1.663126188966392
244622,7945,2009.0,Electric/Gasoline,Front Wheel Drive,Automatic,5.486510227130129,136,1798.0,4.0,5.0,5.0,Blue,Cloth,True,False,2.0
157735,7595,2015.0,Gasoline,Front Wheel Drive,Manual,5.486510227130129,75,999.0,3.0,5.0,5.0,Black,Cloth,True,False,1.663126188966392
296471,5990,2014.0,Diesel,Front Wheel Drive,Manual,5.486510227130129,110,1598.0,4.0,5.0,5.0,Black,Cloth,False,False,1.663126188966392
123780,7250,2011.0,Gasoline,Front Wheel Drive,Manual,6.0,122,1390.0,4.0,5.0,5.0,Grey,Cloth,True,False,1.663126188966392
108645,6750,2009.0,Gasoline,Front Wheel Drive,Manual,5.486510227130129,102,1595.0,4.0,5.0,5.0,Grey,Cloth,True,False,1.663126188966392
14617,7999,2012.0,Gasoline,Front Wheel Drive,Automatic,6.0,86,1390.0,4.0,5.0,5.0,Black,Cloth,True,True,1.0
171957,10750,2017.0,Diesel,Front Wheel Drive,Manual,5.0,116,1598.0,4.0,5.0,5.0,Grey,Cloth,False,False,1.0
195742,6449,2015.0,Gasoline,Front Wheel Drive,Manual,5.0,90,1197.0,4.0,5.0,5.0,Black,Cloth,True,False,2.0
165000,10900,2015.0,Diesel,4WD,Automatic,7.0,150,1968.0,4.0,5.0,5.0,Grey,Cloth,False,False,1.663126188966392
73427,13995,2016.0,Gasoline,Front Wheel Drive,Manual,6.0,125,1539.94231635872,4.0,5.0,5.0,Grey,Cloth,True,True,1.0
291000,3490,2013.0,Diesel,Front Wheel Drive,Manual,5.0,75,1199.0,3.0,5.0,5.0,Grey,Cloth,False,False,1.663126188966392
161000,14500,2018.0,Diesel,Front Wheel Drive,Automatic,7.0,184,1539.94231635872,4.0,5.0,5.0,Blue,Cloth,True,True,2.0
272257,5750,2012.0,Gasoline,Front Wheel Drive,Automatic,5.486510227130129,122,1390.0,4.0,5.0,5.0,Grey,Full leather,True,False,1.663126188966392
119615,7450,2012.0,Gasoline,Front Wheel Drive,Manual,6.0,105,1198.0,4.0,5.0,5.0,Grey,Part leather,True,False,1.663126188966392
147500,2990,2009.0,Gasoline,Front Wheel Drive,Manual,5.0,69,1198.0,3.0,5.0,5.0,Black,Cloth,True,False,1.663126188966392
166974,5735,2010.0,Gasoline,Front Wheel Drive,Manual,5.486510227130129,122,1390.0,4.0,5.0,5.0,Black,Full leather,True,False,1.663126188966392
284398,8749,2015.0,Electric/Gasoline,Front Wheel Drive,Automatic,6.0,150,1395.0,4.0,5.0,5.0,Black,Cloth,True,False,1.663126188966392
224000,7950,2017.0,Diesel,Front Wheel Drive,Manual,5.0,116,1598.0,4.0,5.0,5.0,White,Cloth,True,False,1.663126188966392
191379,4949,2012.0,Gasoline,Front Wheel Drive,Manual,5.0,69,1198.0,3.0,5.0,5.0,Grey,Cloth,False,False,2.0
207393,11490,2017.0,Diesel,Front Wheel Drive,Manual,6.0,150,1968.0,4.0,5.0,5.0,Grey,Other,True,True,1.0
82818,11949,2019.0,Gasoline,Front Wheel Drive,Manual,5.0,80,999.0,3.0,5.0,5.0,Black,Cloth,False,False,1.0
252744,3950,2011.0,Gasoline,Front Wheel Drive,Automatic,5.486510227130129,122,1390.0,4.0,5.0,5.0,Grey,Cloth,False,False,1.663126188966392
180000,10750,2020.0,Diesel,Front Wheel Drive,Automatic,7.0,150,1968.0,4.0,5.0,5.0,Black,Cloth,False,False,1.0
280000,6500,2020.0,CNG,Front Wheel Drive,Manual,5.0,90,999.0,3.0,5.0,5.0,Grey,Cloth,False,False,1.663126188966392
140000,9500,2014.0,Diesel,Front Wheel Drive,Manual,5.486510227130129,110,1598.0,4.0,5.0,5.0,White,Cloth,False,False,1.663126188966392
154721,11950,2013.0,Gasoline,Front Wheel Drive,Automatic,7.0,140,1395.0,4.0,5.0,5.0,White,Full leather,True,False,1.663126188966392
50457,9900,2017.0,Gasoline,Front Wheel Drive,Manual,5.0,60,999.0,3.0,5.0,5.0,Grey,Cloth,False,True,1.663126188966392
139587,6750,2013.0,Gasoline,Front Wheel Drive,Manual,5.0,90,1197.0,4.0,5.0,5.0,Grey,Cloth,False,False,1.663126188966392
80570,10950,2015.0,Gasoline,Front Wheel Drive,Manual,6.0,125,1395.0,4.0,5.0,5.0,White,Cloth,True,True,2.0
199850,2999,2004.0,Diesel,Front Wheel Drive,Manual,5.486510227130129,105,1896.0,4.0,5.0,5.0,Silver,Cloth,False,False,1.663126188966392
279315,4799,2012.0,Diesel,Front Wheel Drive,Manual,6.0,140,1968.0,4.0,5.0,5.0,Black,alcantara,False,False,1.663126188966392
185000,5950,2008.0,Diesel,Front Wheel Drive,Manual,5.0,105,1896.0,4.0,5.0,5.0,Grey,Cloth,True,True,1.0
139000,7899,2013.0,Gasoline,Front Wheel Drive,Manual,6.0,105,1539.94231635872,4.0,5.0,5.0,Grey,Cloth,True,True,2.0
140532,9450,2011.0,Gasoline,4WD,Manual,6.0,160,1390.0,4.0,5.0,5.0,White,Cloth,False,False,1.0
231983,4449,2010.0,Gasoline,Front Wheel Drive,Automatic,5.486510227130129,122,1390.0,4.0,5.0,5.0,Black,Cloth,True,False,1.0
219988,3749,2008.0,Gasoline,Front Wheel Drive,Manual,6.0,141,1390.0,4.0,5.0,5.0,Grey,Cloth,False,False,1.0
144771,10749,2020.0,Gasoline,Front Wheel Drive,Manual,5.0,80,999.0,3.0,5.0,5.0,Blue,Cloth,False,False,1.0
162870,11490,2015.0,Diesel,Front Wheel Drive,Manual,5.486510227130129,105,1598.0,4.0,5.0,5.0,Black,alcantara,True,True,1.0
179000,4444,2008.0,Gasoline,Front Wheel Drive,Manual,5.0,102,1598.0,4.0,5.0,5.0,Silver,Cloth,True,True,2.0
142000,5900,2009.0,Gasoline,Front Wheel Drive,Manual,5.0,102,1595.0,4.0,5.0,5.0,Silver,Cloth,True,False,1.663126188966392
211508,4450,2009.0,Gasoline,Rear Wheel Drive,Manual,6.0,122,1390.0,4.0,5.0,5.0,Black,Cloth,True,False,1.663126188966392
203548,7950,2013.0,Gasoline,Front Wheel Drive,Manual,5.486510227130129,105,1197.0,4.0,5.0,5.0,Black,Cloth,True,False,1.663126188966392
148527,11900,2019.0,Gasoline,Front Wheel Drive,Manual,5.0,95,999.0,3.0,5.0,5.0,Black,Cloth,True,False,1.663126188966392
190704,13390,2020.0,Gasoline,Front Wheel Drive,Manual,5.486510227130129,131,1498.0,4.0,5.0,5.0,Black,Cloth,False,False,1.663126188966392
157757,9490,2016.0,Diesel,Front Wheel Drive,Manual,5.486510227130129,90,1598.0,4.0,5.0,5.0,Black,Cloth,False,False,2.0
141700,8990,2011.0,Gasoline,Front Wheel Drive,Automatic,6.0,200,1984.0,4.0,5.0,5.0,Brown,alcantara,False,False,2.0
193713,7249,2014.0,Gasoline,Front Wheel Drive,Manual,6.0,105,1197.0,4.0,5.0,5.0,Grey,alcantara,True,False,1.0
229125,6249,2011.0,Gasoline,Front Wheel Drive,Automatic,5.486510227130129,122,1390.0,4.0,5.0,5.0,Black,Cloth,True,False,1.663126188966392
73700,14975,2019.0,Gasoline,Front Wheel Drive,Manual,6.0,116,999.0,3.0,5.0,5.0,Black,Cloth,True,True,2.0
189958,5450,2013.0,Gasoline,Front Wheel Drive,Manual,5.486510227130129,69,1198.0,3.0,5.0,5.0,Grey,Cloth,True,False,1.663126188966392
230125,9000,2020.0,Gasoline,Front Wheel Drive,Manual,5.486510227130129,95,999.0,3.0,5.0,5.0,Black,Cloth,False,False,1.663126188966392
107000,11695,2018.0,Gasoline,Front Wheel Drive,Manual,5.0,75,999.0,3.0,5.0,5.0,Black,Cloth,True,True,1.663126188966392
214693,4950,2010.0,Gasoline,Front Wheel Drive,Manual,5.486510227130129,122,1390.0,4.0,5.0,5.0,Black,Cloth,True,False,1.663126188966392
209879,7800,2012.0,Diesel,Front Wheel Drive,Automatic,6.0,140,1968.0,4.0,5.0,5.0,Blue,Part leather,True,True,1.663126188966392
39000,13950,2019.0,Gasoline,Front Wheel Drive,Manual,5.0,80,999.0,3.0,5.0,5.0,Grey,Cloth,True,True,1.663126188966392
210000,4990,2013.0,Gasoline,Front Wheel Drive,Manual,6.0,105,1197.0,4.0,5.0,5.0,Beige,Cloth,False,True,1.663126188966392
103821,13950,2018.0,Gasoline,Front Wheel Drive,Automatic,5.486510227130129,95,999.0,3.0,5.0,5.0,Black,Cloth,True,False,1.663126188966392
225988,9940,2016.0,Gasoline,Front Wheel Drive,Manual,6.0,110,1197.0,4.0,5.0,5.0,White,Cloth,False,False,1.663126188966392
227910,4249,2010.0,Gasoline,Front Wheel Drive,Manual,5.0,86,1390.0,4.0,5.0,5.0,Grey,Cloth,False,False,1.0
107604,9980,2014.0,Diesel,Front Wheel Drive,Manual,6.0,105,1598.0,4.0,5.0,5.0,Black,Cloth,False,False,1.0
115989,10950,2012.0,Gasoline,Front Wheel Drive,Manual,6.0,160,1390.0,4.0,5.0,5.0,Black,Velour,True,False,1.663126188966392
129575,10390,2013.0,Diesel,Front Wheel Drive,Manual,5.486510227130129,105,1598.0,4.0,5.0,5.0,Silver,Cloth,False,False,1.663126188966392
144936,10490,2017.0,Diesel,Front Wheel Drive,Manual,6.0,120,1598.0,4.0,5.0,5.0,Grey,Cloth,False,False,1.663126188966392
105000,7300,2012.0,Gasoline,Front Wheel Drive,Manual,5.0,86,1197.0,4.0,5.0,5.0,White,Cloth,True,True,1.0
44399,14800,2022.0,Gasoline,Front Wheel Drive,Manual,5.0,95,999.0,3.0,5.0,5.0,Black,Cloth,False,False,1.0
150000,6490,2013.0,Diesel,Front Wheel Drive,Manual,5.0,75,1198.0,3.0,5.0,5.0,Grey,Cloth,False,True,1.663126188966392
129596,14450,2018.0,Gasoline,Front Wheel Drive,Automatic,7.0,111,999.0,3.0,5.0,5.0,Blue,Velour,False,False,1.0
189000,11900,2015.0,Diesel,Front Wheel Drive,Manual,5.486510227130129,150,1968.0,4.0,5.0,5.0,Grey,Part leather,False,True,1.663126188966392
179998,12350,2022.0,Diesel,Front Wheel Drive,Manual,6.0,150,1968.0,4.0,5.0,5.0,Silver,Cloth,True,True,1.663126188966392
134000,11999,2015.0,Diesel,Front Wheel Drive,Manual,6.0,110,1968.0,4.0,5.0,5.0,Black,Full leather,True,True,1.0
146359,13640,2015.0,Diesel,Front Wheel Drive,Manual,6.0,140,1968.0,4.0,5.0,5.0,Grey,Cloth,False,False,1.663126188966392
270513,8949,2018.0,Gasoline,Front Wheel Drive,Automatic,7.0,97,999.0,3.0,5.0,5.0,White,Cloth,False,False,1.0
196000,7980,2014.0,Diesel,Front Wheel Drive,Manual,5.0,90,1598.0,4.0,5.0,5.0,White,Cloth,True,True,1.0
245257,4950,2014.0,Diesel,Front Wheel Drive,Manual,5.486510227130129,105,1598.0,4.0,5.0,5.0,White,Cloth,False,False,1.663126188966392
75090,7500,2009.0,Gasoline,Front Wheel Drive,Automatic,5.486510227130129,160,1390.0,4.0,5.0,5.0,Black,Cloth,False,False,1.663126188966392
85340,8500,2010.0,Gasoline,Front Wheel Drive,Automatic,7.0,86,1390.0,4.0,5.0,5.0,Silver,Cloth,False,False,2.0
154000,11999,2012.0,Diesel,Front Wheel Drive,Automatic,5.486510227130129,106,1598.0,4.0,5.0,5.0,Grey,Cloth,True,False,1.663126188966392
103978,13550,2018.0,Gasoline,Front Wheel Drive,Manual,6.0,116,999.0,3.0,5.0,5.0,Grey,Cloth,True,True,1.0
150643,5750,2012.0,CNG,Front Wheel Drive,Manual,5.0,109,1984.0,4.0,5.0,5.0,Red,Cloth,True,False,1.663126188966392
70000,14000,2020.0,Gasoline,Front Wheel Drive,Manual,5.0,95,999.0,3.0,5.0,5.0,Black,Part leather,True,True,1.0
62114,9500,2016.0,Gasoline,Front Wheel Drive,Manual,5.0,60,999.0,3.0,5.0,5.0,Grey,Cloth,True,False,2.0
80000,14900,2019.0,Gasoline,Front Wheel Drive,Manual,5.486510227130129,116,999.0,3.0,5.0,5.0,Grey,Part leather,True,True,1.663126188966392
203208,4750,2012.0,Gasoline,Front Wheel Drive,Manual,5.486510227130129,105,1197.0,4.0,5.0,5.0,Black,Velour,True,False,1.663126188966392
65433,14500,2019.0,Gasoline,4WD,Manual,6.0,116,999.0,3.0,5.0,5.0,Red,Cloth,True,False,1.663126188966392
178216,13990,2017.0,Diesel,Front Wheel Drive,Automatic,7.0,150,1968.0,4.0,5.0,5.0,Black,Cloth,True,True,1.663126188966392
141407,10750,2015.0,Gasoline,Front Wheel Drive,Manual,5.486510227130129,105,1197.0,4.0,5.0,5.0,Grey,Cloth,True,False,1.663126188966392
168632,8400,2014.0,Gasoline,Front Wheel Drive,Manual,6.0,105,1197.0,4.0,5.0,5.0,Silver,Cloth,True,True,2.0
120508,7700,2012.0,Gasoline,Front Wheel Drive,Automatic,7.0,105,1197.0,4.0,5.0,5.0,Silver,Cloth,True,False,2.0
90000,12450,2016.0,Gasoline,Front Wheel Drive,Manual,6.0,125,1390.0,4.0,5.0,5.0,Grey,Cloth,True,True,1.0
77134,10750,2017.0,Gasoline,Front Wheel Drive,Manual,5.0,75,999.0,3.0,5.0,5.0,White,Cloth,True,True,2.0
112749,8500,2013.0,Diesel,Front Wheel Drive,Manual,6.0,140,1968.0,3.8257612141004707,5.0,5.0,Silver,Cloth,False,False,2.0
182400,8950,2014.0,Gasoline,Front Wheel Drive,Automatic,5.486510227130129,122,1390.0,3.8257612141004707,5.0,5.0,Silver,Cloth,True,True,2.0
154000,7999,2010.0,Gasoline,Front Wheel Drive,Semi-automatic,7.0,179,1390.0,4.0,5.0,5.0,White,Full leather,False,True,1.663126188966392
121878,7499,2016.0,Gasoline,Front Wheel Drive,Manual,5.0,60,999.0,3.0,5.0,5.0,Brown,Cloth,True,True,1.0
76000,13990,2019.0,Diesel,Front Wheel Drive,Manual,5.0,95,1598.0,4.0,5.0,5.0,White,Cloth,True,False,1.0
125448,11900,2019.0,Diesel,Front Wheel Drive,Manual,5.0,80,1598.0,4.0,5.0,5.0,Black,Other,False,False,1.663126188966392
112994,11492,2018.0,Gasoline,Front Wheel Drive,Manual,5.0,86,999.0,3.0,5.0,5.0,Grey,Cloth,False,True,2.0
92000,10790,2014.0,Gasoline,Front Wheel Drive,Automatic,7.0,122,1395.0,4.0,5.0,5.0,Grey,Cloth,True,True,1.0
113826,7899,2012.0,Gasoline,Front Wheel Drive,Manual,5.0,86,1197.0,4.0,5.0,5.0,Silver,Part leather,True,True,2.0
186122,11890,2022.0,Gasoline,Front Wheel Drive,Manual,5.486510227130129,95,999.0,3.0,5.0,5.0,Grey,Cloth,False,False,1.663126188966392
141000,14990,2016.0,Diesel,Front Wheel Drive,Automatic,6.0,150,1539.94231635872,4.0,5.0,5.0,Grey,Cloth,True,True,2.0
159988,8395,2013.0,Gasoline,Front Wheel Drive,Manual,5.0,86,1197.0,4.0,5.0,5.0,Grey,Cloth,True,True,1.0
109990,13990,2016.0,Diesel,Front Wheel Drive,Automatic,7.0,110,1598.0,4.0,5.0,5.0,Grey,Cloth,False,False,1.663126188966392
52045,14990,2022.0,Gasoline,Front Wheel Drive,Manual,5.0,95,999.0,3.8257612141004707,5.0,5.0,Silver,Cloth,True,False,1.663126188966392
105000,10890,2016.0,CNG,Front Wheel Drive,Manual,7.0,110,1395.0,4.0,5.0,5.0,Grey,Cloth,False,False,1.663126188966392
38744,14900,2019.0,Gasoline,Front Wheel Drive,Manual,6.0,116,999.0,3.0,5.0,5.0,Blue,Other,False,False,1.663126188966392
232000,8699,2018.0,Diesel,Front Wheel Drive,Manual,5.0,116,1598.0,4.0,5.0,5.0,Silver,Cloth,True,True,2.0
75000,13900,2023.0,Gasoline,Front Wheel Drive,Manual,6.0,95,999.0,3.0,5.0,5.0,Green,Cloth,True,True,1.0
126285,8340,2010.0,Gasoline,Front Wheel Drive,Manual,5.0,86,1197.0,3.8257612141004707,5.0,5.0,Red,Cloth,False,True,2.0
157591,12445,2019.0,Gasoline,Front Wheel Drive,Manual,5.486510227130129,131,1498.0,4.0,5.0,5.0,White,Cloth,False,False,1.663126188966392
100996,11840,2015.0,Gasoline,Front Wheel Drive,Manual,5.486510227130129,150,1395.0,3.8257612141004707,5.0,5.0,White,Cloth,False,True,2.0
160000,9680,2011.0,Diesel,Front Wheel Drive,Automatic,6.0,140,1968.0,4.0,5.0,5.0,Black,Cloth,False,True,1.663126188966392
202889,4495,2012.0,Gasoline,Front Wheel Drive,Manual,5.486510227130129,69,1198.0,3.0,5.0,5.0,Grey,Part leather,False,False,1.663126188966392
74200,12500,2019.0,Diesel,Front Wheel Drive,Manual,5.0,80,1598.0,4.0,5.0,5.0,Silver,Cloth,False,False,1.0
80069,13990,2017.0,Gasoline,Front Wheel Drive,Manual,6.0,110,999.0,3.0,5.0,5.0,Grey,Other,True,True,2.0
100511,10440,2015.0,Gasoline,Front Wheel Drive,Manual,5.0,86,1197.0,4.0,5.0,5.0,Blue,Cloth,True,True,2.0
99870,14990,2018.0,Gasoline,Front Wheel Drive,Automatic,7.0,150,1395.0,4.0,5.0,5.0,Black,Cloth,True,True,1.0
64000,9750,2010.0,Gasoline,Front Wheel Drive,Manual,6.0,122,1390.0,4.0,5.0,5.0,Blue,Cloth,True,True,2.0
127481,8499,2011.0,Gasoline,Front Wheel Drive,Manual,6.0,105,1197.0,4.0,5.0,5.0,White,Cloth,True,False,1.663126188966392
47800,14750,2017.0,Gasoline,Front Wheel Drive,Manual,5.0,110,999.0,3.0,5.0,5.0,Black,Cloth,False,True,1.0
128063,9795,2013.0,Gasoline,Front Wheel Drive,Manual,5.0,90,1197.0,4.0,5.0,5.0,White,Cloth,False,False,1.663126188966392
178930,13888,2022.0,Diesel,Front Wheel Drive,Manual,5.486510227130129,116,1968.0,4.0,5.0,5.0,Grey,Cloth,True,False,1.0
146857,13880,2017.0,Gasoline,Front Wheel Drive,Manual,6.0,110,1197.0,4.0,5.0,5.0,Red,Cloth,True,False,1.0
165123,6500,2011.0,Diesel,Front Wheel Drive,Manual,5.0,75,1199.0,3.0,5.0,5.0,Grey,Cloth,True,False,1.0
172384,12690,2017.0,Gasoline,Front Wheel Drive,Automatic,7.0,125,1395.0,4.0,5.0,5.0,Grey,alcantara,True,True,1.663126188966392
161713,9150,2016.0,Gasoline,Front Wheel Drive,Automatic,5.486510227130129,90,1197.0,4.0,5.0,5.0,Black,Cloth,False,False,1.663126188966392
69000,13900,2019.0,Gasoline,Front Wheel Drive,Manual,6.0,116,999.0,3.0,5.0,5.0,Grey,Other,False,False,1.663126188966392
200000,5800,2010.0,Diesel,Front Wheel Drive,Manual,5.0,105,1598.0,4.0,5.0,5.0,Black,alcantara,True,True,1.0
130768,14450,2020.0,Electric,Rear Wheel Drive,Automatic,5.486510227130129,95,1539.94231635872,3.8257612141004707,5.0,5.0,Grey,Cloth,True,False,1.0
260000,1990,2004.0,Diesel,Front Wheel Drive,Manual,5.0,131,1896.0,4.0,5.0,5.0,Grey,Cloth,False,False,1.663126188966392
57900,13750,2022.0,Gasoline,Front Wheel Drive,Manual,5.0,80,999.0,3.0,5.0,5.0,Black,Other,True,True,1.0
69108,14900,2021.0,Gasoline,Front Wheel Drive,Manual,5.0,95,999.0,3.0,5.0,5.0,Black,Cloth,False,False,1.0
150000,10990,2015.0,Gasoline,Front Wheel Drive,Manual,5.486510227130129,122,1390.0,4.0,5.0,5.0,Grey,Cloth,True,True,1.0
101000,11500,2018.0,Diesel,Front Wheel Drive,Manual,5.0,80,1598.0,4.0,5.0,5.0,Black,Cloth,False,False,1.0
66000,11900,2015.0,Electric,Front Wheel Drive,Automatic,5.486510227130129,116,1539.94231635872,3.8257612141004707,5.0,5.0,White,Cloth,True,True,1.0
124770,11990,2020.0,Gasoline,Front Wheel Drive,Manual,5.486510227130129,95,999.0,3.8257612141004707,5.0,5.0,Blue,Cloth,True,True,1.0
130586,9499,2019.0,Gasoline,Front Wheel Drive,Manual,5.486510227130129,65,999.0,3.8257612141004707,5.0,5.0,Black,Cloth,False,True,2.0
199222,14400,2020.0,Gasoline,4WD,Automatic,6.0,190,1998.0,4.0,5.0,5.0,White,Cloth,True,True,1.0
40223,13895,2018.0,Gasoline,Front Wheel Drive,Manual,5.0,95,999.0,3.0,5.0,5.0,Grey,Cloth,True,False,1.663126188966392
187400,14890,2022.0,Diesel,Front Wheel Drive,Automatic,5.486510227130129,150,1968.0,4.0,5.0,5.0,Black,Cloth,True,True,1.0
38000,13900,2022.0,Gasoline,Front Wheel Drive,Manual,5.0,80,999.0,3.0,5.0,5.0,Blue,Cloth,True,False,1.0
128521,12900,2015.0,Gasoline,Front Wheel Drive,Manual,6.0,192,1798.0,4.0,5.0,5.0,White,Cloth,True,True,1.0
173508,14000,2019.0,Electric/Gasoline,Front Wheel Drive,Automatic,5.486510227130129,156,1395.0,4.0,5.0,5.0,Silver,alcantara,False,True,2.0
92595,10000,2009.0,Diesel,4WD,Manual,4.0,140,1968.0,4.0,5.0,5.0,Grey,Cloth,True,True,1.0
263959,7590,2016.0,Gasoline,Front Wheel Drive,Manual,6.0,150,1395.0,3.8257612141004707,5.0,5.0,Black,Part leather,False,False,1.663126188966392
104000,11950,2016.0,Gasoline,4WD,Manual,5.486510227130129,110,1197.0,4.0,5.0,5.0,Black,Cloth,True,True,1.663126188966392
182307,9790,2015.0,Diesel,4WD,Manual,6.0,150,1968.0,4.0,5.0,5.0,White,Cloth,False,False,1.663126188966392
115000,14900,2019.0,Gasoline,Front Wheel Drive,Automatic,7.0,150,1498.0,4.0,5.0,5.0,Black,alcantara,True,True,1.0
91280,10888,2017.0,Gasoline,Front Wheel Drive,Manual,5.486510227130129,90,1197.0,4.0,5.0,5.0,Black,Cloth,True,False,1.663126188966392
113217,11400,2019.0,Electric,Front Wheel Drive,Automatic,5.486510227130129,136,1539.94231635872,3.8257612141004707,5.0,5.0,White,Part leather,True,False,1.663126188966392
131000,11500,2014.0,Gasoline,Front Wheel Drive,Manual,6.0,122,1395.0,4.0,5.0,5.0,White,alcantara,False,False,2.0
114000,8790,2015.0,Gasoline,Front Wheel Drive,Manual,5.0,75,999.0,3.0,5.0,5.0,Grey,Cloth,True,True,1.0
141300,9900,2015.0,Gasoline,Front Wheel Drive,Manual,6.0,105,1197.0,3.8257612141004707,5.0,5.0,Grey,Cloth,False,True,2.0
146520,13900,2016.0,Gasoline,Front Wheel Drive,Manual,6.0,126,1395.0,4.0,5.0,5.0,White,Cloth,True,False,1.0
135862,12850,2018.0,Gasoline,Front Wheel Drive,Automatic,5.486510227130129,95,999.0,3.0,5.0,5.0,Beige,Cloth,False,False,1.0
251387,9450,2018.0,Electric,Front Wheel Drive,Automatic,5.486510227130129,136,1539.94231635872,3.8257612141004707,5.0,5.0,White,Part leather,True,False,1.663126188966392
144777,6249,2011.0,Gasoline,Front Wheel Drive,Manual,5.0,86,1390.0,4.0,5.0,5.0,Grey,Cloth,True,False,1.663126188966392
286000,9000,2017.0,Diesel,Front Wheel Drive,Semi-automatic,7.0,150,1968.0,4.0,5.0,5.0,Black,Cloth,False,False,1.663126188966392
168750,11299,2019.0,Diesel,Front Wheel Drive,Manual,5.0,95,1598.0,4.0,5.0,5.0,White,Cloth,True,True,2.0
62000,12900,2013.0,Gasoline,Front Wheel Drive,Automatic,5.0,122,1395.0,4.0,5.0,5.0,Silver,alcantara,True,True,1.663126188966392
134000,7900,2009.0,Gasoline,Front Wheel Drive,Automatic,7.0,160,1390.0,4.0,5.0,5.0,Grey,alcantara,True,True,1.663126188966392
167681,12999,2014.0,Gasoline,Front Wheel Drive,Automatic,6.0,160,1390.0,4.0,5.0,5.0,Grey,Full leather,True,True,1.0
73795,13990,2018.0,Gasoline,Front Wheel Drive,Manual,6.0,110,999.0,3.0,5.0,5.0,Silver,Cloth,True,True,2.0
130150,13950,2015.0,Gasoline,Front Wheel Drive,Automatic,7.0,150,1395.0,4.0,5.0,5.0,Blue,Cloth,True,False,1.0
128711,13899,2016.0,Gasoline,Front Wheel Drive,Manual,5.486510227130129,125,1395.0,3.8257612141004707,5.0,5.0,Blue,Cloth,False,True,1.0
83000,6800,2009.0,Gasoline,Front Wheel Drive,Automatic,5.486510227130129,122,1390.0,4.0,5.0,5.0,Silver,Cloth,False,False,1.0
108007,10995,2018.0,Gasoline,Front Wheel Drive,Manual,6.0,95,999.0,3.0,5.0,5.0,Orange,Cloth,True,True,1.0
108237,14990,2018.0,Gasoline,Front Wheel Drive,Manual,5.486510227130129,116,999.0,3.8257612141004707,5.0,5.0,Grey,Cloth,False,True,1.663126188966392
28600,14979,2015.0,Gasoline,Front Wheel Drive,Manual,5.486510227130129,125,1395.0,4.0,5.0,5.0,Black,Cloth,False,True,1.0
186089,9945,2014.0,Gasoline,Front Wheel Drive,Manual,5.486510227130129,122,1390.0,4.0,5.0,5.0,Black,Cloth,True,False,1.663126188966392
105888,8700,2014.0,Gasoline,Front Wheel Drive,Manual,5.0,60,999.0,3.0,5.0,5.0,Grey,Other,False,False,1.663126188966392
216500,4990,2015.0,Diesel,Front Wheel Drive,Automatic,6.0,120,1969.0,4.0,5.0,5.0,Grey,Part leather,False,False,1.663126188966392
102000,11990,2018.0,Diesel,Front Wheel Drive,Manual,6.0,120,1969.0,4.0,5.0,5.0,Grey,Cloth,False,True,1.0
286665,5743,2012.0,Gasoline,Front Wheel Drive,Manual,6.0,150,1596.0,4.0,5.0,5.0,Grey,Cloth,False,False,1.0
139000,11999,2018.0,Diesel,Front Wheel Drive,Manual,6.0,120,1969.0,4.0,5.0,5.0,Black,Cloth,True,False,1.663126188966392
138460,7900,2015.0,Diesel,4WD,Manual,6.0,114,1560.0,4.0,5.0,5.0,Black,Part leather,True,True,1.0
298895,5999,2015.0,Diesel,Front Wheel Drive,Manual,6.0,120,1969.0,4.0,5.0,5.0,Black,Part leather,False,False,1.0
134000,11900,2016.0,Diesel,Front Wheel Drive,Manual,6.0,120,1539.94231635872,4.0,5.0,5.0,White,Cloth,True,True,1.663126188966392
126386,13599,2019.0,Diesel,Front Wheel Drive,Manual,5.486510227130129,150,1969.0,3.8257612141004707,5.0,5.0,Black,Part leather,False,True,1.0
134000,10999,2019.0,Diesel,Front Wheel Drive,Manual,6.0,120,1969.0,4.0,5.0,5.0,Black,Part leather,True,True,1.0
146000,7400,2014.0,Diesel,Front Wheel Drive,Manual,6.0,114,1600.0,4.0,5.0,5.0,White,Cloth,False,True,1.0
244000,2900,2007.0,Diesel,Front Wheel Drive,Manual,6.0,136,1997.0,4.0,5.0,5.0,Black,Full leather,True,False,1.0
250000,8900,2011.0,Diesel,Front Wheel Drive,Manual,6.0,163,1984.0,5.0,5.0,5.0,White,Full leather,False,False,1.663126188966392
153117,13990,2015.0,Diesel,Front Wheel Drive,Automatic,6.0,136,1984.0,5.0,5.0,5.0,Grey,Full leather,True,True,2.0
153000,8950,2011.0,Diesel,Front Wheel Drive,Manual,6.0,114,1560.0,4.0,5.0,5.0,Black,Cloth,False,False,1.0
99096,14900,2019.0,Diesel,Front Wheel Drive,Manual,6.0,120,1969.0,4.0,5.0,5.0,White,Cloth,False,True,1.0
163000,11590,2019.0,Diesel,Front Wheel Drive,Automatic,6.0,120,1969.0,4.0,5.0,5.0,Black,Cloth,True,True,2.0
197989,11950,2011.0,Diesel,Front Wheel Drive,Automatic,6.0,163,1984.0,5.0,5.0,5.0,Black,Full leather,True,True,1.0
197844,9999,2012.0,Gasoline,Front Wheel Drive,Manual,5.486510227130129,179,1596.0,4.0,5.0,5.0,White,Full leather,False,False,1.663126188966392
229379,11449,2016.0,Diesel,Front Wheel Drive,Manual,6.0,150,1969.0,4.0,5.0,5.0,Blue,Full leather,True,False,1.663126188966392
145000,9900,2015.0,Diesel,Front Wheel Drive,Manual,6.0,114,1560.0,4.0,5.0,5.0,Grey,Cloth,True,False,1.663126188966392
164446,8900,2012.0,Diesel,Front Wheel Drive,Automatic,6.0,114,1560.0,4.0,5.0,5.0,Blue,Part leather,False,False,1.663126188966392
120000,12500,2018.0,Diesel,Front Wheel Drive,Automatic,5.486510227130129,120,1969.0,4.0,5.0,5.0,Black,Cloth,False,False,1.663126188966392
85000,14999,2018.0,Diesel,Front Wheel Drive,Manual,6.0,150,1969.0,4.0,5.0,5.0,Bronze,Cloth,True,True,1.0
159450,9995,2012.0,Gasoline,Front Wheel Drive,Manual,6.0,150,1596.0,4.0,5.0,5.0,Blue,Part leather,True,False,1.663126188966392
124400,9750,2011.0,Gasoline,Front Wheel Drive,Manual,6.0,150,1598.0,4.0,5.0,5.0,Blue,Full leather,False,False,1.0
186200,13750,2012.0,Diesel,Front Wheel Drive,Automatic,6.0,163,1984.0,5.0,5.0,5.0,Black,Full leather,False,False,2.0
126400,13890,2018.0,Diesel,Front Wheel Drive,Automatic,6.0,120,1969.0,4.0,5.0,5.0,Black,Full leather,False,False,1.663126188966392
109085,9890,2013.0,Diesel,Front Wheel Drive,Manual,6.0,114,1560.0,4.0,5.0,5.0,Grey,Part leather,True,False,2.0
173617,11950,2018.0,Diesel,Front Wheel Drive,Automatic,6.0,120,1969.0,4.0,5.0,5.0,Grey,Cloth,True,False,1.0
172231,14495,2011.0,Gasoline,Front Wheel Drive,Automatic,5.486510227130129,203,1999.0,4.0,5.0,5.0,Grey,Full leather,False,False,1.663126188966392
122637,10995,2015.0,Diesel,Front Wheel Drive,Manual,5.486510227130129,114,1560.0,4.0,5.0,5.0,Red,Full leather,True,True,1.663126188966392
141639,12950,2012.0,Gasoline,Front Wheel Drive,Automatic,5.486510227130129,179,1596.0,4.0,5.0,5.0,Grey,Full leather,False,False,1.663126188966392
218000,6990,2012.0,Diesel,Front Wheel Drive,Automatic,5.486510227130129,163,1984.0,5.0,5.0,5.0,Black,Part leather,False,False,1.663126188966392
119544,14900,2015.0,Gasoline,Front Wheel Drive,Manual,6.0,150,1596.0,4.0,5.0,5.0,Grey,Full leather,True,False,1.663126188966392
199037,14900,2019.0,Diesel,Front Wheel Drive,Manual,6.0,150,1969.0,4.0,5.0,5.0,White,Part leather,False,False,1.663126188966392
207000,2900,2011.0,Diesel,Front Wheel Drive,Manual,6.0,114,1560.0,4.0,5.0,5.0,Grey,Cloth,False,True,1.663126188966392
148490,13450,2016.0,Diesel,Front Wheel Drive,Manual,6.0,190,1969.0,4.0,5.0,5.0,Brown,Full leather,True,False,2.0
200000,7990,2013.0,Diesel,Front Wheel Drive,Manual,6.0,114,1560.0,4.0,5.0,5.0,Black,Cloth,False,False,1.663126188966392
163000,9950,2018.0,Diesel,Front Wheel Drive,Manual,6.0,120,1969.0,4.0,5.0,5.0,White,Cloth,True,False,1.663126188966392
157486,13600,2015.0,Diesel,Front Wheel Drive,Manual,6.0,150,1969.0,4.0,5.0,5.0,Brown,Cloth,False,False,1.663126188966392
164510,9065,2015.0,Diesel,Front Wheel Drive,Manual,6.0,114,1560.0,4.0,5.0,5.0,Red,Cloth,False,False,1.663126188966392
93000,14490,2016.0,Gasoline,Front Wheel Drive,Automatic,6.0,122,1498.0,4.0,5.0,5.0,Black,Cloth,True,True,2.0
265216,2449,2008.0,Ethanol,Front Wheel Drive,Manual,5.0,125,1798.0,4.0,5.0,5.0,Grey,Cloth,True,False,1.663126188966392
240283,5999,2012.0,Gasoline,Front Wheel Drive,Automatic,5.486510227130129,179,1596.0,4.0,5.0,5.0,Black,Full leather,True,False,1.663126188966392
191451,9990,2013.0,Gasoline,Front Wheel Drive,Manual,6.0,150,1596.0,4.0,5.0,5.0,Black,Full leather,True,False,1.663126188966392
180633,12990,2016.0,Diesel,Front Wheel Drive,Automatic,5.486510227130129,150,1969.0,4.0,5.0,5.0,Black,Full leather,False,False,2.0
156065,14158,2016.0,Diesel,Front Wheel Drive,Manual,6.0,150,1969.0,4.0,5.0,5.0,White,Part leather,False,False,1.663126188966392
184538,13885,2017.0,Diesel,Front Wheel Drive,Automatic,5.486510227130129,120,1969.0,4.0,5.0,5.0,White,Part leather,False,False,1.663126188966392
272992,8850,2015.0,Diesel,4WD,Semi-automatic,6.0,136,1984.0,5.0,5.0,5.0,Black,Full leather,False,False,1.663126188966392
139000,9490,2018.0,Gasoline,Front Wheel Drive,Manual,6.0,122,1969.0,4.0,5.0,5.0,Grey,Cloth,False,False,1.663126188966392
257180,11700,2014.0,Diesel,Front Wheel Drive,Manual,6.0,181,1969.0,4.0,5.0,5.0,Brown,Full leather,False,False,1.663126188966392
140960,10400,2018.0,Diesel,Front Wheel Drive,Manual,6.0,120,1969.0,4.0,5.0,5.0,Grey,Cloth,True,False,2.0
178000,3950,2008.0,Gasoline,Front Wheel Drive,Manual,5.0,101,1596.0,4.0,5.0,5.0,Grey,Full leather,False,False,1.663126188966392
109000,9600,2015.0,Diesel,Front Wheel Drive,Manual,6.0,120,1969.0,4.0,5.0,5.0,Red,Cloth,False,False,1.663126188966392
197297,8950,2015.0,Diesel,Front Wheel Drive,Manual,6.0,120,1969.0,4.0,5.0,5.0,Black,Full leather,False,False,1.663126188966392
102000,13990,2016.0,Diesel,Front Wheel Drive,Manual,6.0,150,1539.94231635872,4.0,5.0,5.0,Black,Cloth,True,True,2.0
119165,14940,2017.0,Gasoline,Front Wheel Drive,Manual,6.0,152,1969.0,4.0,5.0,5.0,Grey,Part leather,True,True,2.0
110000,12500,2018.0,Diesel,Front Wheel Drive,Manual,5.486510227130129,120,1969.0,4.0,5.0,5.0,Grey,Cloth,False,False,1.663126188966392
84390,13200,2018.0,Diesel,Front Wheel Drive,Automatic,6.0,120,1969.0,4.0,5.0,5.0,Silver,Other,False,False,1.663126188966392
193000,7999,2013.0,Diesel,Front Wheel Drive,Manual,6.0,114,1560.0,4.0,5.0,5.0,Black,Full leather,False,False,1.663126188966392
178000,13990,2011.0,Diesel,4WD,Automatic,6.0,215,1539.94231635872,5.0,5.0,5.0,Brown,Full leather,True,True,1.0
159989,13948,2016.0,Diesel,Front Wheel Drive,Manual,6.0,150,1969.0,4.0,5.0,5.0,Black,Full leather,False,False,1.663126188966392
90452,10950,2013.0,Gasoline,Front Wheel Drive,Manual,6.0,120,1596.0,4.0,5.0,5.0,White,Full leather,True,True,1.663126188966392
105329,13450,2017.0,Gasoline,Front Wheel Drive,Manual,6.0,122,1969.0,4.0,5.0,5.0,White,Cloth,True,True,2.0
141565,13450,2015.0,Gasoline,Front Wheel Drive,Automatic,5.486510227130129,150,1596.0,4.0,5.0,5.0,Blue,Part leather,True,False,1.663126188966392
140000,13900,2019.0,Diesel,Front Wheel Drive,Automatic,6.0,120,1969.0,4.0,5.0,5.0,Black,Full leather,False,False,1.0
